============================================================
MAKRO SCRAPER v2  —  Inicio
============================================================

[1/4] Abriendo home de Makro para iniciar sesión...
[2/4] Descargando árbol de categorías VTEX...
  ✓ 3388 categorías/subcategorías encontradas
  → makro_categorias.csv guardado
 nivel                      nombre          id_path                                              ruta_completa
     1                     Bebidas              /2/                                                    Bebidas
     2                       Aguas            /2/6/                                            Bebidas > Aguas
     3                Agua de Mesa        /2/6/950/                             Bebidas > Aguas > Agua de Mesa
     3                Agua Mineral        /2/6/951/                             Bebidas > Aguas > Agua Mineral
     3                 Agua Tónica        /2/6/952/                              Bebidas > Aguas > Agua Tónica
     3             Agua Saborizada        /2/6/953/                          Bebidas > Aguas > Agua Saborizada
     2                    Gaseosas            /2/7/                                         Bebidas > Gaseosas
     3         Gaseosas Familiares       /2/7/1652/                   Bebidas > Gaseosas > Gaseosas Familiares
     3         Gaseosas Personales       /2/7/1653/                   Bebidas > Gaseosas > Gaseosas Personales
     3                  Ginger Ale       /2/7/1654/                            Bebidas > Gaseosas > Ginger Ale
   ...                         ...              ...                                                        ...
     3         Colchones Inflables /4285/4288/4309/       Terraza y Aire Libre > Camping > Colchones Inflables
     3                     Coolers /4285/4288/4310/                   Terraza y Aire Libre > Camping > Coolers
     3         Mochilas De Camping /4285/4288/4311/       Terraza y Aire Libre > Camping > Mochilas De Camping
     3                   Sleepings /4285/4288/4312/                 Terraza y Aire Libre > Camping > Sleepings
     3   Sillas De Playa Y Camping /4285/4288/4313/ Terraza y Aire Libre > Camping > Sillas De Playa Y Camping
     3    Mesas De Playa Y Camping /4285/4288/4314/  Terraza y Aire Libre > Camping > Mesas De Playa Y Camping
     2                   Maletería      /4285/4297/                           Terraza y Aire Libre > Maletería
     3         Accesorios De Viaje /4285/4297/4298/     Terraza y Aire Libre > Maletería > Accesorios De Viaje
     3          Maletas Y Carry On /4285/4297/4299/      Terraza y Aire Libre > Maletería > Maletas Y Carry On
     1 FLUJO COMPRA - NO INACTIVAR           /4336/                                FLUJO COMPRA - NO INACTIVAR

[3/4] Preparando categorías objetivo (nivel 2)...
  Scrapeando 2129 subcategorías...

[4/4] Extrayendo productos...

  [1/2129] Bebidas > Aguas  (C:/2/6/)
    Aguas                               | pág 1 | +50 → total: 50
    Aguas                               | pág 2 | +20 → total: 70

  [2/2129] Bebidas > Gaseosas  (C:/2/7/)
    Gaseosas                            | pág 1 | +50 → total: 50
    Gaseosas                            | pág 2 | +50 → total: 100
    Gaseosas                            | pág 3 | +30 → total: 130

  [3/2129] Bebidas > Jugos y Otras Bebidas  (C:/2/8/)
    Jugos y Otras Bebidas               | pág 1 | +50 → total: 50
    Jugos y Otras Bebidas               | pág 2 | +50 → total: 100
    Jugos y Otras Bebidas               | pág 3 | +14 → total: 114

  [4/2129] Bebidas > Bebidas Funcionales  (C:/2/646/)
    Bebidas Funcionales                 | pág 1 | +50 → total: 50
    Bebidas Funcionales                 | pág 2 | +21 → total: 71

  [5/2129] Cuidado Personal y Salud > Cuidado del Cabello  (C:/297/298/)
    Cuidado del Cabello                 | pág 1 | +50 → total: 50
    Cuidado del Cabello                 | pág 2 | +50 → total: 100
    Cuidado del Cabello                 | pág 3 | +50 → total: 150
    Cuidado del Cabello                 | pág 4 | +50 → total: 200
    Cuidado del Cabello                 | pág 5 | +50 → total: 250
    Cuidado del Cabello                 | pág 6 | +50 → total: 300
    Cuidado del Cabello                 | pág 7 | +50 → total: 350
    Cuidado del Cabello                 | pág 8 | +50 → total: 400
    Cuidado del Cabello                 | pág 9 | +50 → total: 450
    Cuidado del Cabello                 | pág 10 | +50 → total: 500
    Cuidado del Cabello                 | pág 11 | +7 → total: 507

  [6/2129] Cuidado Personal y Salud > Cuidado Bucal  (C:/297/300/)
    Cuidado Bucal                       | pág 1 | +50 → total: 50
    Cuidado Bucal                       | pág 2 | +50 → total: 100
    Cuidado Bucal                       | pág 3 | +10 → total: 110

  [7/2129] Cuidado Personal y Salud > Afeitado  (C:/297/301/)
    Afeitado                            | pág 1 | +43 → total: 43

  [8/2129] Cuidado Personal y Salud > Higiene Personal  (C:/297/303/)
    Higiene Personal                    | pág 1 | +50 → total: 50
    Higiene Personal                    | pág 2 | +50 → total: 100
    Higiene Personal                    | pág 3 | +50 → total: 150
    Higiene Personal                    | pág 4 | +50 → total: 200
    Higiene Personal                    | pág 5 | +50 → total: 250
    Higiene Personal                    | pág 6 | +50 → total: 300
    Higiene Personal                    | pág 7 | +49 → total: 349

  [9/2129] Cuidado Personal y Salud > Protección Femenina  (C:/297/305/)
    Protección Femenina                 | pág 1 | +39 → total: 39

  [10/2129] Cuidado Personal y Salud > Protección Adulta  (C:/297/306/)
    Protección Adulta                   | pág 1 | +32 → total: 32

  [11/2129] Cuidado Personal y Salud > Bienestar Sexual  (C:/297/307/)

  [12/2129] Cuidado Personal y Salud > Packs de Regalo  (C:/297/637/)
    Packs de Regalo                     | pág 1 | +1 → total: 1

  [13/2129] Cuidado Personal y Salud > Vitaminas y Nutrición  (C:/297/1441/)
    Vitaminas y Nutrición               | pág 1 | +5 → total: 5

  [14/2129] Cuidado Personal y Salud > Salud  (C:/297/1629/)
    Salud                               | pág 1 | +26 → total: 26

  [15/2129] Cuidado Personal y Salud > Depilación  (C:/297/2849/)
    Depilación                          | pág 1 | +7 → total: 7

  [16/2129] Limpieza > Cuidado de la Ropa  (C:/399/400/)
    Cuidado de la Ropa                  | pág 1 | +50 → total: 50
    Cuidado de la Ropa                  | pág 2 | +50 → total: 100
    Cuidado de la Ropa                  | pág 3 | +50 → total: 150
    Cuidado de la Ropa                  | pág 4 | +50 → total: 200
    Cuidado de la Ropa                  | pág 5 | +8 → total: 208

  [17/2129] Limpieza > Limpieza de Calzado  (C:/399/407/)
    Limpieza de Calzado                 | pág 1 | +5 → total: 5

  [18/2129] Limpieza > Cuidado del Hogar  (C:/399/603/)
    Cuidado del Hogar                   | pág 1 | +50 → total: 50
    Cuidado del Hogar                   | pág 2 | +50 → total: 100
    Cuidado del Hogar                   | pág 3 | +50 → total: 150
    Cuidado del Hogar                   | pág 4 | +50 → total: 200
    Cuidado del Hogar                   | pág 5 | +31 → total: 231

  [19/2129] Limpieza > Limpieza de Cocina  (C:/399/604/)
    Limpieza de Cocina                  | pág 1 | +50 → total: 50
    Limpieza de Cocina                  | pág 2 | +50 → total: 100
    Limpieza de Cocina                  | pág 3 | +50 → total: 150
    Limpieza de Cocina                  | pág 4 | +50 → total: 200
    Limpieza de Cocina                  | pág 5 | +50 → total: 250
    Limpieza de Cocina                  | pág 6 | +50 → total: 300
    Limpieza de Cocina                  | pág 7 | +50 → total: 350
    Limpieza de Cocina                  | pág 8 | +50 → total: 400
    Limpieza de Cocina                  | pág 9 | +50 → total: 450
    Limpieza de Cocina                  | pág 10 | +50 → total: 500
    Limpieza de Cocina                  | pág 11 | +26 → total: 526

  [20/2129] Limpieza > Accesorios de Limpieza  (C:/399/647/)
    Accesorios de Limpieza              | pág 1 | +50 → total: 50
    Accesorios de Limpieza              | pág 2 | +50 → total: 100
    Accesorios de Limpieza              | pág 3 | +2 → total: 102

  [21/2129] Limpieza > Limpieza de Baño  (C:/399/969/)
    Limpieza de Baño                    | pág 1 | +39 → total: 39

  [22/2129] Limpieza > Papel para el Hogar  (C:/399/1627/)
    Papel para el Hogar                 | pág 1 | +50 → total: 50
    Papel para el Hogar                 | pág 2 | +36 → total: 86

  [23/2129] Mascotas > Otras Mascotas  (C:/620/622/)

  [24/2129] Mascotas > Comida para perros  (C:/620/4118/)
    Comida para perros                  | pág 1 | +50 → total: 50
    Comida para perros                  | pág 2 | +50 → total: 100
    Comida para perros                  | pág 3 | +4 → total: 104

  [25/2129] Mascotas > Salud e higiene para perros  (C:/620/4119/)
    Salud e higiene para perros         | pág 1 | +11 → total: 11

  [26/2129] Mascotas > Accesorios para perros  (C:/620/4120/)
    Accesorios para perros              | pág 1 | +5 → total: 5

  [27/2129] Mascotas > Comida para gatos  (C:/620/4121/)
    Comida para gatos                   | pág 1 | +50 → total: 50
    Comida para gatos                   | pág 2 | +23 → total: 73

  [28/2129] Mascotas > Salud e higiene para gatos  (C:/620/4122/)
    Salud e higiene para gatos          | pág 1 | +8 → total: 8

  [29/2129] Mascotas > Accesorios para gatos  (C:/620/4123/)
    Accesorios para gatos               | pág 1 | +4 → total: 4

  [30/2129] Abarrotes > Snacks y Piqueos  (C:/431/92/)
    Snacks y Piqueos                    | pág 1 | +50 → total: 50
    Snacks y Piqueos                    | pág 2 | +50 → total: 100
    Snacks y Piqueos                    | pág 3 | +50 → total: 150
    Snacks y Piqueos                    | pág 4 | +50 → total: 200
    Snacks y Piqueos                    | pág 5 | +9 → total: 209

  [31/2129] Abarrotes > Arroz  (C:/431/432/)
    Arroz                               | pág 1 | +50 → total: 50
    Arroz                               | pág 2 | +45 → total: 95

  [32/2129] Abarrotes > Aceite  (C:/431/433/)
    Aceite                              | pág 1 | +50 → total: 50
    Aceite                              | pág 2 | +36 → total: 86

  [33/2129] Abarrotes > Azúcar y Endulzantes  (C:/431/434/)
    Azúcar y Endulzantes                | pág 1 | +50 → total: 50
    Azúcar y Endulzantes                | pág 2 | +14 → total: 64

  [34/2129] Abarrotes > Menestras  (C:/431/435/)
    Menestras                           | pág 1 | +50 → total: 50
    Menestras                           | pág 2 | +50 → total: 100
    Menestras                           | pág 3 | +2 → total: 102

  [35/2129] Abarrotes > Fideos, Pastas y Salsas  (C:/431/436/)
    Fideos, Pastas y Salsas             | pág 1 | +50 → total: 50
    Fideos, Pastas y Salsas             | pág 2 | +50 → total: 100
    Fideos, Pastas y Salsas             | pág 3 | +50 → total: 150
    Fideos, Pastas y Salsas             | pág 4 | +24 → total: 174

  [36/2129] Abarrotes > Conservas  (C:/431/459/)
    Conservas                           | pág 1 | +50 → total: 50
    Conservas                           | pág 2 | +50 → total: 100
    Conservas                           | pág 3 | +41 → total: 141

  [37/2129] Abarrotes > Salsas, Cremas y Condimentos  (C:/431/524/)
    Salsas, Cremas y Condimentos        | pág 1 | +50 → total: 50
    Salsas, Cremas y Condimentos        | pág 2 | +50 → total: 100
    Salsas, Cremas y Condimentos        | pág 3 | +50 → total: 150
    Salsas, Cremas y Condimentos        | pág 4 | +50 → total: 200
    Salsas, Cremas y Condimentos        | pág 5 | +50 → total: 250
    Salsas, Cremas y Condimentos        | pág 6 | +50 → total: 300
    Salsas, Cremas y Condimentos        | pág 7 | +50 → total: 350
    Salsas, Cremas y Condimentos        | pág 8 | +50 → total: 400
    Salsas, Cremas y Condimentos        | pág 9 | +15 → total: 415

  [38/2129] Abarrotes > Comidas Instantáneas  (C:/431/630/)
    Comidas Instantáneas                | pág 1 | +37 → total: 37

  [39/2129] Abarrotes > Galletas y Golosinas  (C:/431/1037/)
    Galletas y Golosinas                | pág 1 | +50 → total: 50
    Galletas y Golosinas                | pág 2 | +50 → total: 100
    Galletas y Golosinas                | pág 3 | +50 → total: 150
    Galletas y Golosinas                | pág 4 | +50 → total: 200
    Galletas y Golosinas                | pág 5 | +50 → total: 250
    Galletas y Golosinas                | pág 6 | +50 → total: 300
    Galletas y Golosinas                | pág 7 | +43 → total: 343

  [40/2129] Abarrotes > Canastas Navideñas  (C:/431/1080/)

  [41/2129] Abarrotes > Chocolatería  (C:/431/1439/)
    Chocolatería                        | pág 1 | +50 → total: 50
    Chocolatería                        | pág 2 | +47 → total: 97

  [42/2129] Electrohogar > Herramientas Eléctricas  (C:/679/688/)

  [43/2129] Electrohogar > Cocinas  (C:/679/690/)
    Cocinas                             | pág 1 | +23 → total: 23

  [44/2129] Electrohogar > Lavado  (C:/679/691/)
    Lavado                              | pág 1 | +20 → total: 20

  [45/2129] Electrohogar > Refrigeración  (C:/679/693/)
    Refrigeración                       | pág 1 | +50 → total: 50
    Refrigeración                       | pág 2 | +16 → total: 66

  [46/2129] Electrohogar > Electrodomésticos de Cocina  (C:/679/694/)
    Electrodomésticos de Cocina         | pág 1 | +50 → total: 50
    Electrodomésticos de Cocina         | pág 2 | +50 → total: 100
    Electrodomésticos de Cocina         | pág 3 | +50 → total: 150
    Electrodomésticos de Cocina         | pág 4 | +3 → total: 153

  [47/2129] Electrohogar > Cuidado Personal  (C:/679/695/)

  [48/2129] Electrohogar > Climatización  (C:/679/696/)
    Climatización                       | pág 1 | +4 → total: 4

  [49/2129] Electrohogar > Electrodomésticos del hogar  (C:/679/1416/)
    Electrodomésticos del hogar         | pág 1 | +22 → total: 22

  [50/2129] Frutas y Verduras > Frutas  (C:/77/817/)
    Frutas                              | pág 1 | +50 → total: 50
    Frutas                              | pág 2 | +50 → total: 100
    Frutas                              | pág 3 | +23 → total: 123

  [51/2129] Frutas y Verduras > Verduras  (C:/77/818/)
    Verduras                            | pág 1 | +50 → total: 50
    Verduras                            | pág 2 | +50 → total: 100
    Verduras                            | pág 3 | +50 → total: 150
    Verduras                            | pág 4 | +22 → total: 172

  [52/2129] Decohogar > Accesorios para Baño  (C:/681/698/)

  [53/2129] Decohogar > Menaje de Cocina  (C:/681/699/)
    Menaje de Cocina                    | pág 1 | +50 → total: 50
    Menaje de Cocina                    | pág 2 | +50 → total: 100
    Menaje de Cocina                    | pág 3 | +50 → total: 150
    Menaje de Cocina                    | pág 4 | +50 → total: 200
    Menaje de Cocina                    | pág 5 | +50 → total: 250
    Menaje de Cocina                    | pág 6 | +31 → total: 281

  [54/2129] Decohogar > Menaje de Comedor  (C:/681/700/)
    Menaje de Comedor                   | pág 1 | +50 → total: 50
    Menaje de Comedor                   | pág 2 | +50 → total: 100
    Menaje de Comedor                   | pág 3 | +50 → total: 150
    Menaje de Comedor                   | pág 4 | +50 → total: 200
    Menaje de Comedor                   | pág 5 | +24 → total: 224

  [55/2129] Decohogar > Decoración  (C:/681/701/)

  [56/2129] Decohogar > Organización del Hogar  (C:/681/702/)
    Organización del Hogar              | pág 1 | +50 → total: 50
    Organización del Hogar              | pág 2 | +7 → total: 57

  [57/2129] Decohogar > Navidad  (C:/681/1074/)

  [58/2129] Decohogar > Parrillas (NO USAR)  (C:/681/1422/)

  [59/2129] Mejoramiento del Hogar > Ferretería  (C:/898/976/)
    Ferretería                          | pág 1 | +11 → total: 11

  [60/2129] Mejoramiento del Hogar > Jardinería  (C:/898/1129/)

  [61/2129] Mejoramiento del Hogar > Construcción  (C:/898/1183/)

  [62/2129] Mejoramiento del Hogar > Electricidad  (C:/898/1184/)

  [63/2129] Mejoramiento del Hogar > Gasfitería  (C:/898/1185/)

  [64/2129] Mejoramiento del Hogar > Pinturas y Acabados  (C:/898/1186/)

  [65/2129] Mejoramiento del Hogar > Vestimenta de Seguridad Industrial  (C:/898/1266/)
    Vestimenta de Seguridad Industrial  | pág 1 | +2 → total: 2

  [66/2129] Mejoramiento del Hogar > Iluminación  (C:/898/1434/)

  [67/2129] Mejoramiento del Hogar > Cerámicos y Pisos  (C:/898/1685/)

  [68/2129] Congelados > Helados y Postres  (C:/210/856/)
    Helados y Postres                   | pág 1 | +44 → total: 44

  [69/2129] Congelados > Panes, Pastas, Bocaditos y Salsas  (C:/210/994/)
    Panes, Pastas, Bocaditos y Salsas   | pág 1 | +50 → total: 50
    Panes, Pastas, Bocaditos y Salsas   | pág 2 | +19 → total: 69

  [70/2129] Congelados > Hamburguesas, Nuggets y Apanados  (C:/210/996/)
    Hamburguesas, Nuggets y Apanados    | pág 1 | +50 → total: 50
    Hamburguesas, Nuggets y Apanados    | pág 2 | +39 → total: 89

  [71/2129] Congelados > Enrollados  (C:/210/997/)
    Enrollados                          | pág 1 | +5 → total: 5

  [72/2129] Quesos y Fiambres > Quesos Blandos  (C:/621/847/)
    Quesos Blandos                      | pág 1 | +10 → total: 10

  [73/2129] Quesos y Fiambres > Quesos Duros  (C:/621/848/)
    Quesos Duros                        | pág 1 | +13 → total: 13

  [74/2129] Quesos y Fiambres > Quesos Procesados  (C:/621/850/)
    Quesos Procesados                   | pág 1 | +29 → total: 29

  [75/2129] Quesos y Fiambres > Otros Fiambres  (C:/621/851/)
    Otros Fiambres                      | pág 1 | +23 → total: 23

  [76/2129] Quesos y Fiambres > Jamones Madurados  (C:/621/880/)
    Jamones Madurados                   | pág 1 | +2 → total: 2

  [77/2129] Quesos y Fiambres > Salames y Salchichones  (C:/621/882/)
    Salames y Salchichones              | pág 1 | +25 → total: 25

  [78/2129] Quesos y Fiambres > Quesos Semiduros  (C:/621/1014/)
    Quesos Semiduros                    | pág 1 | +50 → total: 50
    Quesos Semiduros                    | pág 2 | +36 → total: 86

  [79/2129] Quesos y Fiambres > Embutidos  (C:/621/1015/)
    Embutidos                           | pág 1 | +50 → total: 50
    Embutidos                           | pág 2 | +50 → total: 100
    Embutidos                           | pág 3 | +32 → total: 132

  [80/2129] Quesos y Fiambres > Jamonadas y Jamones Cocidos  (C:/621/1017/)
    Jamonadas y Jamones Cocidos         | pág 1 | +50 → total: 50
    Jamonadas y Jamones Cocidos         | pág 2 | +36 → total: 86

  [81/2129] Quesos y Fiambres > Tablas y Piqueos  (C:/621/1122/)
    Tablas y Piqueos                    | pág 1 | +5 → total: 5

  [82/2129] Belleza > Maquillaje y Cosméticos  (C:/1138/1142/)
    Maquillaje y Cosméticos             | pág 1 | +2 → total: 2

  [83/2129] Belleza > Perfumes y Fragancias  (C:/1138/1144/)

  [84/2129] Belleza > Cuidado de la Piel Corporal  (C:/1138/2854/)
    Cuidado de la Piel Corporal         | pág 1 | +4 → total: 4

  [85/2129] Belleza > Cuidado Facial  (C:/1138/2864/)
    Cuidado Facial                      | pág 1 | +24 → total: 24

  [86/2129] Belleza > Protección Solar  (C:/1138/2876/)
    Protección Solar                    | pág 1 | +1 → total: 1

  [87/2129] Panadería y Pastelería > Repostería  (C:/493/346/)
    Repostería                          | pág 1 | +50 → total: 50
    Repostería                          | pág 2 | +50 → total: 100
    Repostería                          | pág 3 | +46 → total: 146

  [88/2129] Panadería y Pastelería > Pan de la Casa  (C:/493/531/)
    Pan de la Casa                      | pág 1 | +6 → total: 6

  [89/2129] Panadería y Pastelería > Pan Envasado  (C:/493/532/)
    Pan Envasado                        | pág 1 | +50 → total: 50
    Pan Envasado                        | pág 2 | +50 → total: 100
    Pan Envasado                        | pág 3 | +15 → total: 115

  [90/2129] Panadería y Pastelería > Tortillas y Masas  (C:/493/533/)
    Tortillas y Masas                   | pág 1 | +38 → total: 38

  [91/2129] Panadería y Pastelería > Postres  (C:/493/536/)
    Postres                             | pág 1 | +50 → total: 50
    Postres                             | pág 2 | +12 → total: 62

  [92/2129] Panadería y Pastelería > Panetones  (C:/493/638/)
    Panetones                           | pág 1 | +1 → total: 1

  [93/2129] Panadería y Pastelería > Pastelería  (C:/493/1440/)
    Pastelería                          | pág 1 | +44 → total: 44

  [94/2129] Librería y Oficina > Mochilas, Loncheras y Cartucheras  (C:/666/900/)
    Mochilas, Loncheras y Cartucheras   | pág 1 | +1 → total: 1

  [95/2129] Librería y Oficina > Útiles Escolares y de Oficina  (C:/666/906/)
    Útiles Escolares y de Oficina       | pág 1 | +12 → total: 12

  [96/2129] Librería y Oficina > Arte y Diseño  (C:/666/1436/)

  [97/2129] Librería y Oficina > Libros y Agendas  (C:/666/1437/)

  [98/2129] Librería y Oficina > Regalos y Decoración para Fiestas  (C:/666/1438/)
    Regalos y Decoración para Fiestas   | pág 1 | +28 → total: 28

  [99/2129] Carnes, Aves y Pescados > Pollo  (C:/814/815/)
    Pollo                               | pág 1 | +50 → total: 50
    Pollo                               | pág 2 | +46 → total: 96

  [100/2129] Carnes, Aves y Pescados > Cerdo  (C:/814/816/)
    Cerdo                               | pág 1 | +48 → total: 48

  [101/2129] Carnes, Aves y Pescados > Res  (C:/814/820/)
    Res                                 | pág 1 | +50 → total: 50
    Res                                 | pág 2 | +17 → total: 67

  [102/2129] Carnes, Aves y Pescados > Pavo, Pavita y Otras Aves  (C:/814/840/)
    Pavo, Pavita y Otras Aves           | pág 1 | +20 → total: 20

  [103/2129] Carnes, Aves y Pescados > Pescados y Mariscos  (C:/814/887/)
    Pescados y Mariscos                 | pág 1 | +50 → total: 50
    Pescados y Mariscos                 | pág 2 | +49 → total: 99

  [104/2129] Lácteos y Huevos > Huevos  (C:/845/839/)
    Huevos                              | pág 1 | +7 → total: 7

  [105/2129] Lácteos y Huevos > Leche  (C:/845/846/)
    Leche                               | pág 1 | +50 → total: 50
    Leche                               | pág 2 | +50 → total: 100
    Leche                               | pág 3 | +40 → total: 140

  [106/2129] Lácteos y Huevos > Mantequilla y Margarina  (C:/845/857/)
    Mantequilla y Margarina             | pág 1 | +50 → total: 50
    Mantequilla y Margarina             | pág 2 | +11 → total: 61

  [107/2129] Lácteos y Huevos > Yogurt  (C:/845/858/)
    Yogurt                              | pág 1 | +50 → total: 50
    Yogurt                              | pág 2 | +50 → total: 100
    Yogurt                              | pág 3 | +50 → total: 150
    Yogurt                              | pág 4 | +50 → total: 200
    Yogurt                              | pág 5 | +50 → total: 250
    Yogurt                              | pág 6 | +17 → total: 267

  [108/2129] Juguetes y Juegos > Juguetería  (C:/922/923/)
    Juguetería                          | pág 1 | +1 → total: 1

  [109/2129] Juguetes y Juegos > Juegos Recreativos  (C:/922/4175/)

  [110/2129] Muebles > Muebles de Sala  (C:/1098/1030/)

  [111/2129] Muebles > Muebles de Comedor  (C:/1098/1084/)
    Muebles de Comedor                  | pág 1 | +1 → total: 1

  [112/2129] Muebles > Terrazas (NO USAR)  (C:/1098/1111/)

  [113/2129] Muebles > Muebles de Cocina  (C:/1098/1116/)

  [114/2129] Muebles > Muebles de Dormitorio  (C:/1098/1417/)

  [115/2129] Muebles > Muebles de Oficina  (C:/1098/1418/)

  [116/2129] Muebles > Muebles para Baño  (C:/1098/1420/)

  [117/2129] Muebles > Muebles de Bar  (C:/1098/2781/)
    Muebles de Bar                      | pág 1 | +1 → total: 1

  [118/2129] Muebles > Muebles Auxiliares  (C:/1098/2786/)
    Muebles Auxiliares                  | pág 1 | +1 → total: 1

  [119/2129] Muebles > Muebles de lavandería  (C:/1098/2789/)

  [120/2129] Muebles > Muebles de Plástico  (C:/1098/2790/)
    Muebles de Plástico                 | pág 1 | +19 → total: 19

  [121/2129] Muebles > Sofás y Sillones  (C:/1098/2797/)

  [122/2129] Deportes > Entrenamiento y Fitness  (C:/1105/1423/)

  [123/2129] Deportes > Scooters y Skates  (C:/1105/1424/)

  [124/2129] Deportes > Deportes Individuales y de Contacto  (C:/1105/1425/)

  [125/2129] Deportes > Deportes en Equipo  (C:/1105/1426/)

  [126/2129] Deportes > Deportes Acuáticos  (C:/1105/1427/)

  [127/2129] Deportes > Juegos Recreativos-no usar  (C:/1105/1429/)

  [128/2129] Deportes > Accesorios deportivos  (C:/1105/1443/)

  [129/2129] Deportes > Bicicletas  (C:/1105/1446/)

  [130/2129] Desayunos > Cereales  (C:/478/479/)
    Cereales                            | pág 1 | +50 → total: 50
    Cereales                            | pág 2 | +50 → total: 100
    Cereales                            | pág 3 | +18 → total: 118

  [131/2129] Desayunos > Café e Infusiones  (C:/478/480/)
    Café e Infusiones                   | pág 1 | +50 → total: 50
    Café e Infusiones                   | pág 2 | +50 → total: 100
    Café e Infusiones                   | pág 3 | +36 → total: 136

  [132/2129] Desayunos > Modificadores de Leche  (C:/478/481/)
    Modificadores de Leche              | pág 1 | +50 → total: 50
    Modificadores de Leche              | pág 2 | +7 → total: 57

  [133/2129] Desayunos > Mermeladas, Mieles y Dulces  (C:/478/487/)
    Mermeladas, Mieles y Dulces         | pág 1 | +38 → total: 38

  [134/2129] Packs > Packs Bebidas  (C:/1046/1715/)

  [135/2129] Packs > Packs Bebé e Infantil  (C:/1046/1716/)

  [136/2129] Packs > Packs Limpieza  (C:/1046/1717/)

  [137/2129] Packs > Packs Cuidado Personal y Salud  (C:/1046/1718/)

  [138/2129] Packs > Packs Panadería y Pastelería  (C:/1046/1719/)

  [139/2129] Packs > Packs Mascotas  (C:/1046/1720/)

  [140/2129] Packs > Packs Congelados  (C:/1046/1721/)

  [141/2129] Packs > Packs Frutas y Verduras  (C:/1046/1722/)

  [142/2129] Packs > Packs Abarrotes  (C:/1046/1723/)

  [143/2129] Packs > Packs Carnes, Aves y Pescados  (C:/1046/1724/)

  [144/2129] Packs > Packs Lácteos y Huevos  (C:/1046/1725/)

  [145/2129] Packs > Packs Quesos y Fiambres  (C:/1046/1726/)

  [146/2129] Packs > Packs Desayunos  (C:/1046/1727/)
    Packs Desayunos                     | pág 1 | +1 → total: 1

  [147/2129] Packs > Packs Pollo rostizado y Comidas preparadas  (C:/1046/1728/)

  [148/2129] Packs > Packs Vinos, Licores y Cervezas  (C:/1046/4211/)
    Packs Vinos, Licores y Cervezas     | pág 1 | +7 → total: 7

  [149/2129] Packs > Packs Muebles  (C:/1046/4270/)

  [150/2129] Packs > Packs Electrohogar  (C:/1046/4271/)

  [151/2129] Packs > Packs Dormitorio  (C:/1046/4272/)

  [152/2129] Packs > Packs Librería y Oficina  (C:/1046/4273/)

  [153/2129] Packs > Packs Tecnología  (C:/1046/4274/)

  [154/2129] Pollo Rostizado y Comidas Preparadas > Tamales y Humitas  (C:/1073/624/)
    Tamales y Humitas                   | pág 1 | +1 → total: 1

  [155/2129] Pollo Rostizado y Comidas Preparadas > Pizzas y Pastas Frescas  (C:/1073/626/)
    Pizzas y Pastas Frescas             | pág 1 | +6 → total: 6

  [156/2129] Pollo Rostizado y Comidas Preparadas > Cenas Navideñas  (C:/1073/1082/)
    Cenas Navideñas                     | pág 1 | +1 → total: 1

  [157/2129] Pollo Rostizado y Comidas Preparadas > Cremas, Salsas y Condimentos a Granel  (C:/1073/1095/)
    Cremas, Salsas y Condimentos a Gran | pág 1 | +14 → total: 14

  [158/2129] Pollo Rostizado y Comidas Preparadas > Pollo Rostizado  (C:/1073/1620/)

  [159/2129] Pollo Rostizado y Comidas Preparadas > Comidas Preparadas  (C:/1073/1621/)
    Comidas Preparadas                  | pág 1 | +6 → total: 6

  [160/2129] Mercado Saludable > Cosmética Natural  (C:/1383/1384/)

  [161/2129] Mercado Saludable > Snacks Orgánicos  (C:/1383/1385/)

  [162/2129] Mercado Saludable > Vitaminas y Suplementos Orgánicos  (C:/1383/1386/)

  [163/2129] Mercado Saludable > Desayunos Orgánicos  (C:/1383/1733/)

  [164/2129] Mercado Saludable > Alimentos Orgánicos  (C:/1383/1734/)

  [165/2129] Mercado Saludable > Cuidado Personal Sostenible  (C:/1383/1735/)

  [166/2129] Bebé e Infantil > Cuidado y Aseo del Bebé  (C:/1503/23/)
    Cuidado y Aseo del Bebé             | pág 1 | +46 → total: 46

  [167/2129] Bebé e Infantil > Alimentación del Bebé  (C:/1503/24/)
    Alimentación del Bebé               | pág 1 | +21 → total: 21

  [168/2129] Bebé e Infantil > Pañales y Toallitas para Bebé  (C:/1503/648/)
    Pañales y Toallitas para Bebé       | pág 1 | +50 → total: 50
    Pañales y Toallitas para Bebé       | pág 2 | +16 → total: 66

  [169/2129] Bebé e Infantil > Juguetes y Estimulación Temprana  (C:/1503/981/)

  [170/2129] Bebé e Infantil > Coches y Sillas para bebé  (C:/1503/1432/)

  [171/2129] Bebé e Infantil > Seguridad del Bebé e Infantil  (C:/1503/1433/)

  [172/2129] Bebé e Infantil > Dormitorio Bebé e Infantil  (C:/1503/1435/)

  [173/2129] Tecnología > Audio  (C:/678/682/)
    Audio                               | pág 1 | +1 → total: 1

  [174/2129] Tecnología > Computo  (C:/678/683/)
    Computo                             | pág 1 | +1 → total: 1

  [175/2129] Tecnología > Fotografía  (C:/678/685/)

  [176/2129] Tecnología > Telefonía  (C:/678/686/)

  [177/2129] Tecnología > Televisores  (C:/678/687/)
    Televisores                         | pág 1 | +8 → total: 8

  [178/2129] Tecnología > Videojuegos  (C:/678/689/)

  [179/2129] Tecnología > Cigarros Electrónicos  (C:/678/1379/)

  [180/2129] Tecnología > Cine en Casa  (C:/678/1683/)
    Cine en Casa                        | pág 1 | +1 → total: 1

  [181/2129] Dormitorio > Ropa de Cama  (C:/1409/697/)
    Ropa de Cama                        | pág 1 | +4 → total: 4

  [182/2129] Dormitorio > Colchones  (C:/1409/802/)

  [183/2129] Dormitorio > Camas  (C:/1409/1411/)

  [184/2129] Dormitorio > Juego de Dormitorio  (C:/1409/1421/)

  [185/2129] Dormitorio > Camas Funcionales  (C:/1409/3547/)

  [186/2129] O > album mundial qatar 2022  (C:/1765/1766/)

  [187/2129] O > directv  (C:/1765/1769/)

  [188/2129] O > iPad  (C:/1765/1834/)

  [189/2129] O > disfraces de Halloween  (C:/1765/1835/)

  [190/2129] O > disfraz del Juego del Calamar  (C:/1765/1836/)

  [191/2129] O > disfraces de halloween para niñas  (C:/1765/1837/)

  [192/2129] O > disfraz de dinosaurio  (C:/1765/1838/)

  [193/2129] O > Homepod Mini  (C:/1765/1839/)

  [194/2129] O > mascara de la peste negra  (C:/1765/1840/)

  [195/2129] O > disfraces de halloween para niños  (C:/1765/1841/)

  [196/2129] O > mascaras de la purga  (C:/1765/1842/)

  [197/2129] O > Airpods  (C:/1765/1843/)

  [198/2129] O > iPhone 10  (C:/1765/1844/)

  [199/2129] O > iPhone SE  (C:/1765/1845/)

  [200/2129] O > iPhone 14  (C:/1765/1846/)

  [201/2129] O > iPhone 14 Pro  (C:/1765/1847/)

  [202/2129] O > iPhone 14 Pro Max  (C:/1765/1848/)

  [203/2129] O > disfraces de halloween para perros  (C:/1765/1849/)

  [204/2129] O > iPhone 14 Plus  (C:/1765/1850/)

  [205/2129] O > iPhone SE 2020  (C:/1765/1851/)

  [206/2129] O > iPhone SE 2022  (C:/1765/1852/)

  [207/2129] O > Apple Watch  (C:/1765/1853/)

  [208/2129] O > Apple TV  (C:/1765/1854/)

  [209/2129] O > Macbook Pro  (C:/1765/1855/)

  [210/2129] O > Macbook Air  (C:/1765/1856/)

  [211/2129] O > iMac  (C:/1765/1857/)

  [212/2129] O > Macbook  (C:/1765/1858/)

  [213/2129] O > Apple airtag  (C:/1765/1859/)

  [214/2129] O > Apple Pencil  (C:/1765/1860/)

  [215/2129] O > Earpods  (C:/1765/1861/)

  [216/2129] O > Homepod  (C:/1765/1862/)

  [217/2129] O > chromecast  (C:/1765/1863/)

  [218/2129] O > notebooks  (C:/1765/1864/)

  [219/2129] O > kindle  (C:/1765/1865/)

  [220/2129] O > impresoras epson l3110  (C:/1765/1866/)

  [221/2129] O > impresoras 3d  (C:/1765/1867/)

  [222/2129] O > tarjeta grafica de video  (C:/1765/1868/)

  [223/2129] O > smart tv  (C:/1765/1869/)

  [224/2129] O > tabletas grafica  (C:/1765/1870/)

  [225/2129] O > tv box convertidor smart tv  (C:/1765/1872/)

  [226/2129] O > iPhone 11  (C:/1765/1874/)

  [227/2129] O > iPhone 12  (C:/1765/1875/)

  [228/2129] O > iPhone X  (C:/1765/1876/)

  [229/2129] O > iPhone 8  (C:/1765/1877/)

  [230/2129] O > iPhone 13  (C:/1765/1878/)

  [231/2129] O > iPhone 7  (C:/1765/1879/)

  [232/2129] O > cables hdmi  (C:/1765/1880/)

  [233/2129] O > chromebook  (C:/1765/1881/)

  [234/2129] O > cooler para laptop  (C:/1765/1882/)

  [235/2129] O > decodificador  (C:/1765/1883/)

  [236/2129] O > four loko  (C:/1765/2036/)
    four loko                           | pág 1 | +3 → total: 3

  [237/2129] O > iphone 13 pro max  (C:/1765/2037/)

  [238/2129] O > iPhone Xr  (C:/1765/2038/)

  [239/2129] O > iPhone 12 Pro Max  (C:/1765/2039/)

  [240/2129] O > iPhone 11 Pro Max  (C:/1765/2040/)

  [241/2129] O > iPhone 11 Pro  (C:/1765/2041/)

  [242/2129] O > iPhone 12 Mini  (C:/1765/2042/)

  [243/2129] O > iPhone 12 Pro  (C:/1765/2043/)

  [244/2129] O > iPhone Xs  (C:/1765/2044/)

  [245/2129] O > iPhone Xs Max  (C:/1765/2045/)

  [246/2129] O > iphone 13 pro  (C:/1765/2046/)

  [247/2129] O > airpods pro  (C:/1765/2047/)

  [248/2129] O > camaras web  (C:/1765/2048/)

  [249/2129] O > audifonos gamer  (C:/1765/2049/)

  [250/2129] O > mouse gamer  (C:/1765/2050/)

  [251/2129] O > creatina  (C:/1765/2051/)

  [252/2129] O > luces led  (C:/1765/2052/)

  [253/2129] O > baby yoda  (C:/1765/2053/)

  [254/2129] O > baby doll  (C:/1765/2054/)

  [255/2129] O > afiladores de cuchillo  (C:/1765/2055/)
    afiladores de cuchillo              | pág 1 | +2 → total: 2

  [256/2129] O > airpods max  (C:/1765/2056/)

  [257/2129] O > apple watch se  (C:/1765/2057/)

  [258/2129] O > mouse pad gamer  (C:/1765/2058/)

  [259/2129] O > monitores gamer  (C:/1765/2059/)

  [260/2129] O > iPad pro 11  (C:/1765/2060/)

  [261/2129] O > ventiladores de techo  (C:/1765/2061/)

  [262/2129] O > iPhone 13 Mini  (C:/1765/2062/)

  [263/2129] O > apple watch series 6  (C:/1765/2063/)

  [264/2129] O > johnnie walker etiqueta azul  (C:/1765/2064/)

  [265/2129] O > johnnie walker etiqueta negra  (C:/1765/2065/)
    johnnie walker etiqueta negra       | pág 1 | +5 → total: 5

  [266/2129] O > ventilador industrial  (C:/1765/2066/)

  [267/2129] O > refrigerador no frost  (C:/1765/2067/)

  [268/2129] O > airpods 3  (C:/1765/2068/)

  [269/2129] O > iPad air 4  (C:/1765/2069/)

  [270/2129] O > macbook air m1  (C:/1765/2070/)

  [271/2129] O > cargador de iPhone  (C:/1765/2071/)

  [272/2129] O > microfonos gamer  (C:/1765/2072/)

  [273/2129] O > parrillas portatiles  (C:/1765/2073/)

  [274/2129] O > ablandador de carne  (C:/1765/2074/)

  [275/2129] O > ventilador de pared  (C:/1765/2075/)

  [276/2129] O > setup gamer  (C:/1765/2076/)

  [277/2129] O > Controles remotos para tv  (C:/1765/2077/)

  [278/2129] O > laptops core i5  (C:/1765/2079/)

  [279/2129] O > refrigerador 2 puertas  (C:/1765/2080/)

  [280/2129] O > celulares gama alta  (C:/1765/2081/)

  [281/2129] O > tripodes para celular  (C:/1765/2082/)

  [282/2129] O > gaming  (C:/1765/2083/)

  [283/2129] O > mesas para laptop  (C:/1765/2084/)

  [284/2129] O > aire acondicionado portatil  (C:/1765/2085/)

  [285/2129] O > mecheros para carbon  (C:/1765/2086/)

  [286/2129] O > parrillas electricas  (C:/1765/2087/)

  [287/2129] O > parrillas de acero  (C:/1765/2088/)

  [288/2129] O > casa para gatos  (C:/1765/2089/)

  [289/2129] O > visicooler  (C:/1765/2090/)
    visicooler                          | pág 1 | +3 → total: 3

  [290/2129] O > iPad pro  (C:/1765/2091/)

  [291/2129] O > jacuzzi  (C:/1765/2092/)

  [292/2129] O > shampoo sin sal  (C:/1765/2093/)

  [293/2129] O > cocina electrica  (C:/1765/2094/)

  [294/2129] O > teclados gamer  (C:/1765/2095/)

  [295/2129] O > guitarra electrica  (C:/1765/2096/)

  [296/2129] O > silla ergonomica  (C:/1765/2097/)

  [297/2129] O > cooler gamer  (C:/1765/2098/)

  [298/2129] O > iPad air  (C:/1765/2099/)

  [299/2129] O > luces RGB  (C:/1765/2100/)

  [300/2129] O > mesas de madera  (C:/1765/2101/)

  [301/2129] O > mesitas de noche  (C:/1765/2102/)

  [302/2129] O > carbon vegetal parrilla  (C:/1765/2103/)

  [303/2129] O > pizarra digital  (C:/1765/2104/)

  [304/2129] O > iPad mini  (C:/1765/2105/)

  [305/2129] O > cargador tipo c  (C:/1765/2106/)

  [306/2129] O > gtx 1050 ti  (C:/1765/2107/)

  [307/2129] O > racks para televisores  (C:/1765/2108/)

  [308/2129] O > caja fosforos  (C:/1765/2109/)
    caja fosforos                       | pág 1 | +3 → total: 3

  [309/2129] O > briquetas carbon  (C:/1765/2110/)

  [310/2129] O > set parrillero  (C:/1765/2111/)

  [311/2129] O > encendedor de carbon  (C:/1765/2112/)

  [312/2129] O > mini parrilla  (C:/1765/2113/)

  [313/2129] O > parrilla con tapa  (C:/1765/2114/)

  [314/2129] O > parrilla para mesa  (C:/1765/2115/)

  [315/2129] O > parrilla de metal  (C:/1765/2116/)

  [316/2129] O > bolsa carbon  (C:/1765/2117/)

  [317/2129] O > parrilla plegable  (C:/1765/2118/)

  [318/2129] O > aire acondicionado split  (C:/1765/2119/)

  [319/2129] O > ventilador de torre  (C:/1765/2120/)

  [320/2129] O > termoventilador  (C:/1765/2121/)

  [321/2129] O > ventilador de pie  (C:/1765/2122/)
    ventilador de pie                   | pág 1 | +1 → total: 1

  [322/2129] O > ventilador portatil  (C:/1765/2123/)

  [323/2129] O > ventilador de mesa y escritorio  (C:/1765/2124/)

  [324/2129] O > refrigerador negro  (C:/1765/2125/)

  [325/2129] O > aire acondicionado inverter  (C:/1765/2126/)

  [326/2129] O > mini ventilador  (C:/1765/2127/)

  [327/2129] O > ventilador con control remoto  (C:/1765/2128/)

  [328/2129] O > ventilador smart inteligente  (C:/1765/2131/)

  [329/2129] O > refrigerador top freezer  (C:/1765/2132/)
    refrigerador top freezer            | pág 1 | +2 → total: 2

  [330/2129] O > refrigerador de 3 puertas  (C:/1765/2133/)

  [331/2129] O > refrigerador con dispensador de agua y hielo  (C:/1765/2134/)
    refrigerador con dispensador de agu | pág 1 | +1 → total: 1

  [332/2129] O > enfriador de aire evaporativo  (C:/1765/2135/)
    enfriador de aire evaporativo       | pág 1 | +1 → total: 1

  [333/2129] O > refrigerador puerta de vidrio  (C:/1765/2136/)
    refrigerador puerta de vidrio       | pág 1 | +3 → total: 3

  [334/2129] O > samsung galaxy s22  (C:/1765/2137/)

  [335/2129] O > samsung galaxy z flip  (C:/1765/2138/)

  [336/2129] O > samsung galaxy z flip  (C:/1765/2139/)

  [337/2129] O > samsung galaxy z fold 2  (C:/1765/2140/)

  [338/2129] O > samsung galaxy z flip 4  (C:/1765/2141/)

  [339/2129] O > samsung galaxy z fold 4  (C:/1765/2142/)

  [340/2129] O > aire acondicionado pared  (C:/1765/2143/)

  [341/2129] O > refrigerador blanco  (C:/1765/2144/)
    refrigerador blanco                 | pág 1 | +1 → total: 1

  [342/2129] O > refrigerador de una sola puerta  (C:/1765/2145/)
    refrigerador de una sola puerta     | pág 1 | +6 → total: 6

  [343/2129] O > refrigerador side by side  (C:/1765/2146/)

  [344/2129] O > ventilador de suelo  (C:/1765/2147/)
    ventilador de suelo                 | pág 1 | +3 → total: 3

  [345/2129] O > refrigerador gris  (C:/1765/2148/)
    refrigerador gris                   | pág 1 | +2 → total: 2

  [346/2129] O > pantalla verde  (C:/1765/2149/)

  [347/2129] O > ventilador para auto  (C:/1765/2150/)

  [348/2129] O > tabla parrillera  (C:/1765/2151/)

  [349/2129] O > ventilador 3 en 1  (C:/1765/2152/)
    ventilador 3 en 1                   | pág 1 | +1 → total: 1

  [350/2129] O > refrigerador bottom freezer  (C:/1765/2153/)

  [351/2129] O > refrigerador french door  (C:/1765/2154/)

  [352/2129] O > samsung galaxy s22 ultra  (C:/1765/2155/)

  [353/2129] O > cocina empotrada a gas  (C:/1765/2156/)

  [354/2129] O > horno empotrable a gas  (C:/1765/2157/)

  [355/2129] O > horno electrico empotrable  (C:/1765/2158/)

  [356/2129] O > cocina electrica empotrable  (C:/1765/2159/)

  [357/2129] O > samsung galaxy s23 ultra  (C:/1765/2160/)

  [358/2129] O > samsung galaxy s23 plus  (C:/1765/2161/)

  [359/2129] O > aqua shoes  (C:/1765/2162/)

  [360/2129] O > samsung galaxy s23  (C:/1765/2163/)

  [361/2129] O > furminator para perros  (C:/1765/2164/)

  [362/2129] O > maquina para cortar pelo de perro  (C:/1765/2165/)

  [363/2129] O > casas para perros de madera  (C:/1765/2166/)

  [364/2129] O > carnaza para perro  (C:/1765/2167/)
    carnaza para perro                  | pág 1 | +3 → total: 3

  [365/2129] O > desparasitante para perros  (C:/1765/2168/)

  [366/2129] O > antipulgas para perros  (C:/1765/2169/)

  [367/2129] O > pipeta para perros  (C:/1765/2170/)

  [368/2129] O > vitaminas para perros  (C:/1765/2171/)

  [369/2129] O > accesorios para perros  (C:/1765/2172/)
    accesorios para perros              | pág 1 | +1 → total: 1

  [370/2129] O > platos para perros  (C:/1765/2173/)

  [371/2129] O > camas para perros grandes  (C:/1765/2174/)

  [372/2129] O > galletas para perros  (C:/1765/2175/)
    galletas para perros                | pág 1 | +6 → total: 6

  [373/2129] O > ropa para perros machos  (C:/1765/2176/)

  [374/2129] O > collar de perro  (C:/1765/2177/)

  [375/2129] O > antiparasitario para perros  (C:/1765/2178/)

  [376/2129] O > ropa de navidad para perros  (C:/1765/2179/)

  [377/2129] O > shampoo medicado para perros  (C:/1765/2180/)
    shampoo medicado para perros        | pág 1 | +3 → total: 3

  [378/2129] O > camas para perros  (C:/1765/2181/)

  [379/2129] O > simparica para perros  (C:/1765/2182/)

  [380/2129] O > collares y correas para perros  (C:/1765/2183/)

  [381/2129] O > casas para perros  (C:/1765/2184/)

  [382/2129] O > pañales para perros  (C:/1765/2185/)

  [383/2129] O > juguetes para perros  (C:/1765/2186/)

  [384/2129] O > apoquel para perros  (C:/1765/2187/)

  [385/2129] O > baño para perros  (C:/1765/2188/)

  [386/2129] O > pecheras para perros  (C:/1765/2189/)

  [387/2129] O > bravecto para perros  (C:/1765/2190/)

  [388/2129] O > simparica trio  (C:/1765/2191/)

  [389/2129] O > arnes para perros  (C:/1765/2192/)

  [390/2129] O > furminator para perros  (C:/1765/2193/)

  [391/2129] O > cortauñas para perros  (C:/1765/2194/)

  [392/2129] O > canil para perros  (C:/1765/2195/)

  [393/2129] O > casas para perros grandes  (C:/1765/2196/)

  [394/2129] O > colchones para perros  (C:/1765/2197/)

  [395/2129] O > collar isabelino perro  (C:/1765/2198/)

  [396/2129] O > pasta dental para perros  (C:/1765/2199/)

  [397/2129] O > placas para perros  (C:/1765/2200/)

  [398/2129] O > bozal para perro pitbull  (C:/1765/2201/)

  [399/2129] O > pollo de juguete  (C:/1765/2202/)

  [400/2129] O > pelotas para perros  (C:/1765/2203/)
    pelotas para perros                 | pág 1 | +1 → total: 1

  [401/2129] O > collar de púas para perros  (C:/1765/2204/)

  [402/2129] O > cepillo de dientes para perros  (C:/1765/2205/)

  [403/2129] O > perfumes y colonias para perros  (C:/1765/2206/)

  [404/2129] O > bozal para perro pequeño  (C:/1765/2207/)

  [405/2129] O > juguetes interactivos para perros  (C:/1765/2208/)

  [406/2129] O > camas para perros pequeños  (C:/1765/2209/)

  [407/2129] O > casas para perros pequeños  (C:/1765/2210/)

  [408/2129] O > cadenas para perros  (C:/1765/2211/)

  [409/2129] O > baño ecologico para perros  (C:/1765/2212/)

  [410/2129] O > bebederos para perros  (C:/1765/2213/)

  [411/2129] O > peine y cepillos para perros  (C:/1765/2214/)

  [412/2129] O > zapatos para perros  (C:/1765/2215/)

  [413/2129] O > jaulas para perros  (C:/1765/2216/)

  [414/2129] O > kennel para perros  (C:/1765/2217/)

  [415/2129] O > collar antipulgas para perros  (C:/1765/2218/)

  [416/2129] O > transportadora de perros  (C:/1765/2219/)

  [417/2129] O > saco de comida para perros  (C:/1765/2220/)
    saco de comida para perros          | pág 1 | +7 → total: 7

  [418/2129] O > ropa para perros hembras  (C:/1765/2221/)

  [419/2129] O > comida para gatos  (C:/1765/2222/)
    comida para gatos                   | pág 1 | +26 → total: 26

  [420/2129] O > catnip  (C:/1765/2223/)

  [421/2129] O > rascadores para gatos  (C:/1765/2224/)

  [422/2129] O > juguetes para gatos  (C:/1765/2225/)

  [423/2129] O > collar isabelino  (C:/1765/2226/)

  [424/2129] O > peine y cepillo para gatos  (C:/1765/2227/)

  [425/2129] O > gimnasio para gatos  (C:/1765/2228/)

  [426/2129] O > collares para gatos  (C:/1765/2229/)

  [427/2129] O > correas para gatos  (C:/1765/2230/)

  [428/2129] O > antipulgas para gatos  (C:/1765/2231/)

  [429/2129] O > pipeta para gatos  (C:/1765/2232/)

  [430/2129] O > caja de arena para gatos  (C:/1765/2233/)

  [431/2129] O > rascadores para gatos grandes  (C:/1765/2234/)

  [432/2129] O > guante quita pelo gato  (C:/1765/2235/)

  [433/2129] O > canasto para transportar gatos  (C:/1765/2236/)

  [434/2129] O > jaula de transporte para gatos  (C:/1765/2237/)

  [435/2129] O > maletines para gatos  (C:/1765/2238/)

  [436/2129] O > spray contra pulgas para gatos  (C:/1765/2239/)

  [437/2129] O > arenero gato cerrado  (C:/1765/2240/)

  [438/2129] O > arenero con tapa  (C:/1765/2241/)

  [439/2129] O > baño ecologico para gatos  (C:/1765/2242/)

  [440/2129] O > pala para arenero  (C:/1765/2243/)

  [441/2129] O > camas iglu para gatos  (C:/1765/2244/)

  [442/2129] O > samsung galaxy s21 fe  (C:/1765/2245/)

  [443/2129] O > steam deck  (C:/1765/2246/)

  [444/2129] O > shampoo antipulgas para gatos  (C:/1765/2247/)

  [445/2129] O > tunel para gatos  (C:/1765/2248/)

  [446/2129] O > areneros para gatos grandes  (C:/1765/2249/)

  [447/2129] O > pasta dental para gatos  (C:/1765/2250/)

  [448/2129] O > shampoo en seco para gatos  (C:/1765/2251/)

  [449/2129] O > placas para gatos  (C:/1765/2252/)

  [450/2129] O > nutromix  (C:/1765/2253/)

  [451/2129] O > profelis  (C:/1765/2254/)

  [452/2129] O > snacks para gatos  (C:/1765/2255/)
    snacks para gatos                   | pág 1 | +16 → total: 16

  [453/2129] O > juguetes con cascabel para gatos  (C:/1765/2256/)

  [454/2129] O > protector de muebles para gatos  (C:/1765/2257/)

  [455/2129] O > litera de gatos  (C:/1765/2258/)

  [456/2129] O > cama rascador para gatos  (C:/1765/2259/)

  [457/2129] O > vitaminas para gatos  (C:/1765/2260/)

  [458/2129] O > dispensador de comida para gatos  (C:/1765/2261/)

  [459/2129] O > fuente de agua para gatos  (C:/1765/2262/)

  [460/2129] O > arenero de gato  (C:/1765/2263/)

  [461/2129] O > xelamec  (C:/1765/2264/)

  [462/2129] O > mochila transportadora para gatos  (C:/1765/2265/)

  [463/2129] O > cortauñas para gatos  (C:/1765/2266/)

  [464/2129] O > pechera para gato  (C:/1765/2267/)

  [465/2129] O > canil para gatos  (C:/1765/2268/)

  [466/2129] O > rascadores para gatos de carton  (C:/1765/2269/)

  [467/2129] O > aspiradora para pelos de gato  (C:/1765/2270/)

  [468/2129] O > cepillo de dientes para gatos  (C:/1765/2271/)

  [469/2129] O > shampoo para gatos  (C:/1765/2272/)

  [470/2129] O > arnes para gatos  (C:/1765/2273/)

  [471/2129] O > baño para gatos  (C:/1765/2274/)

  [472/2129] O > bebedero para gatos  (C:/1765/2275/)

  [473/2129] O > furminator gato  (C:/1765/2276/)

  [474/2129] O > platos para gatos  (C:/1765/2277/)

  [475/2129] O > rodillo quitapelusa  (C:/1765/2278/)

  [476/2129] O > collar antipulgas para gatos  (C:/1765/2279/)

  [477/2129] O > desparasitante para gatos  (C:/1765/2280/)

  [478/2129] O > guantes de boxeo  (C:/1765/2281/)

  [479/2129] O > munequeras  (C:/1765/2282/)

  [480/2129] O > jaula para gatos  (C:/1765/2283/)

  [481/2129] O > kennel para gatos  (C:/1765/2284/)

  [482/2129] O > patines de 4 ruedas  (C:/1765/2285/)

  [483/2129] O > rodilleras  (C:/1765/2286/)

  [484/2129] O > eliptica  (C:/1765/2287/)

  [485/2129] O > pasamontanas  (C:/1765/2288/)

  [486/2129] O > tobilleras  (C:/1765/2289/)

  [487/2129] O > hamaca  (C:/1765/2290/)

  [488/2129] O > moto electrica  (C:/1765/2291/)

  [489/2129] O > strap  (C:/1765/2292/)

  [490/2129] O > motos para ninos  (C:/1765/2293/)

  [491/2129] O > saco de boxeo  (C:/1765/2294/)

  [492/2129] O > binoculares  (C:/1765/2295/)

  [493/2129] O > bicicleta estacionaria  (C:/1765/2296/)

  [494/2129] O > mochila de emergencia  (C:/1765/2297/)

  [495/2129] O > patines para nina  (C:/1765/2298/)

  [496/2129] O > linterna  (C:/1765/2299/)

  [497/2129] O > mancuernas  (C:/1765/2300/)

  [498/2129] O > pelota de voley  (C:/1765/2301/)

  [499/2129] O > fulbito de mesa  (C:/1765/2302/)

  [500/2129] O > telescopio  (C:/1765/2303/)

  [501/2129] O > pesas rusas  (C:/1765/2304/)

  [502/2129] O > hand grip  (C:/1765/2305/)

  [503/2129] O > pesas  (C:/1765/2306/)

  [504/2129] O > corrector de postura  (C:/1765/2307/)

  [505/2129] O > mochilas de viaje  (C:/1765/2308/)

  [506/2129] O > bandas elasticas  (C:/1765/2309/)

  [507/2129] O > triciclos para ninos  (C:/1765/2310/)

  [508/2129] O > monocular  (C:/1765/2311/)

  [509/2129] O > guantes para moto  (C:/1765/2312/)

  [510/2129] O > bicicleta plegable  (C:/1765/2313/)

  [511/2129] O > medias tobilleras  (C:/1765/2314/)

  [512/2129] O > lentes de natacion  (C:/1765/2315/)

  [513/2129] O > rodilleras para voley  (C:/1765/2316/)

  [514/2129] O > cascos para moto mujer  (C:/1765/2317/)

  [515/2129] O > gorro de natacion  (C:/1765/2318/)

  [516/2129] O > mesa para ninos  (C:/1765/2319/)

  [517/2129] O > cama saltarina  (C:/1765/2320/)

  [518/2129] O > sillas plegables  (C:/1765/2321/)

  [519/2129] O > juegos de mesa para ninos  (C:/1765/2322/)
    juegos de mesa para ninos           | pág 1 | +1 → total: 1

  [520/2129] O > collar con nombre  (C:/1765/2323/)

  [521/2129] O > rodillera ortopedica  (C:/1765/2324/)

  [522/2129] O > rodilleras deportivas  (C:/1765/2325/)

  [523/2129] O > mesa de ping pong  (C:/1765/2326/)

  [524/2129] O > mat de yoga  (C:/1765/2327/)

  [525/2129] O > bolsa de dormir  (C:/1765/2328/)

  [526/2129] O > cascos para moto  (C:/1765/2329/)

  [527/2129] O > wetsuit  (C:/1765/2330/)

  [528/2129] O > ligas de resistencia  (C:/1765/2332/)

  [529/2129] O > prismaticos  (C:/1765/2333/)

  [530/2129] O > flotador  (C:/1765/2334/)
    flotador                            | pág 1 | +2 → total: 2

  [531/2129] O > piscinas para ninos  (C:/1765/2335/)

  [532/2129] O > kettlebells  (C:/1765/2336/)

  [533/2129] O > bicicleta spinning  (C:/1765/2337/)

  [534/2129] O > linternas recargables  (C:/1765/2338/)

  [535/2129] O > rueda abdominal  (C:/1765/2339/)

  [536/2129] O > soga para saltar  (C:/1765/2340/)

  [537/2129] O > columpios para ninos  (C:/1765/2341/)

  [538/2129] O > colchoneta para ejercicios  (C:/1765/2342/)

  [539/2129] O > foam roller  (C:/1765/2343/)

  [540/2129] O > bicicleta aro 29  (C:/1765/2344/)

  [541/2129] O > cuerda para saltar  (C:/1765/2345/)

  [542/2129] O > hombreras  (C:/1765/2346/)

  [543/2129] O > bicicleta vintage  (C:/1765/2347/)

  [544/2129] O > bandas de resistencia  (C:/1765/2348/)

  [545/2129] O > caminadora electrica  (C:/1765/2349/)

  [546/2129] O > tobilleras deportivas  (C:/1765/2350/)

  [547/2129] O > bicicletas para mujer  (C:/1765/2351/)

  [548/2129] O > luces para bicicleta  (C:/1765/2352/)

  [549/2129] O > barra olimpica  (C:/1765/2353/)

  [550/2129] O > barra z  (C:/1765/2354/)

  [551/2129] O > codera  (C:/1765/2355/)

  [552/2129] O > barra para dominadas  (C:/1765/2356/)

  [553/2129] O > pelotas de ping pong  (C:/1765/2357/)

  [554/2129] O > bicicleta montanera para mujer  (C:/1765/2358/)

  [555/2129] O > cuatrimotos para ninos  (C:/1765/2359/)

  [556/2129] O > banco multifuncional  (C:/1765/2360/)

  [557/2129] O > mascarilla snorkel  (C:/1765/2361/)

  [558/2129] O > carpas para ninos  (C:/1765/2362/)

  [559/2129] O > bandas elasticas para hacer ejercicio  (C:/1765/2363/)

  [560/2129] O > corredora electrica  (C:/1765/2364/)

  [561/2129] O > zapatillas patines  (C:/1765/2365/)

  [562/2129] O > menisquera  (C:/1765/2366/)

  [563/2129] O > tobillera ortopedica  (C:/1765/2367/)

  [564/2129] O > inflador electrico  (C:/1765/2368/)

  [565/2129] O > raquetas de ping pong  (C:/1765/2369/)

  [566/2129] O > flotadores para bebes  (C:/1765/2370/)

  [567/2129] O > sillas para ninos  (C:/1765/2371/)

  [568/2129] O > bicicleta niña  (C:/1765/2372/)

  [569/2129] O > bicicleta aro 26  (C:/1765/2373/)

  [570/2129] O > bicicleta aro 20  (C:/1765/2374/)

  [571/2129] O > tobogan para niños  (C:/1765/2375/)

  [572/2129] O > mesas y sillas para niños  (C:/1765/2376/)

  [573/2129] O > banco plegable  (C:/1765/2377/)

  [574/2129] O > muñequeras deportivas  (C:/1765/2378/)

  [575/2129] O > pesas tobilleras  (C:/1765/2379/)

  [576/2129] O > guantes para gym  (C:/1765/2380/)

  [577/2129] O > barra recta  (C:/1765/2381/)

  [578/2129] O > carros con pedales para ninos  (C:/1765/2382/)

  [579/2129] O > flotadores para ninos  (C:/1765/2383/)

  [580/2129] O > casa de munecas para ninas  (C:/1765/2384/)

  [581/2129] O > piscina rectangular  (C:/1765/2385/)

  [582/2129] O > carpa para 2 personas  (C:/1765/2386/)

  [583/2129] O > patines para adultos  (C:/1765/2387/)

  [584/2129] O > rodilleras para basquet  (C:/1765/2388/)

  [585/2129] O > cocina electrica de mesa  (C:/1765/2390/)

  [586/2129] O > laptops core i7  (C:/1765/2391/)

  [587/2129] O > laptops hp core i7  (C:/1765/2392/)

  [588/2129] O > casa de peppa pig  (C:/1765/2393/)

  [589/2129] O > adaptador vga a hdmi  (C:/1765/2394/)

  [590/2129] O > tortas de cumpleanos  (C:/1765/2395/)

  [591/2129] O > torta de chocolate  (C:/1765/2396/)

  [592/2129] O > tortas para hombres  (C:/1765/2397/)

  [593/2129] O > roku tv  (C:/1765/2398/)

  [594/2129] O > mando para celular  (C:/1765/2399/)

  [595/2129] O > tortas para mujer  (C:/1765/2400/)

  [596/2129] O > antena digital tv  (C:/1765/2401/)

  [597/2129] O > torta helada  (C:/1765/2402/)

  [598/2129] O > tortas de cumpleanos para mujer  (C:/1765/2403/)

  [599/2129] O > tortas de cumpleanos para hombres  (C:/1765/2404/)

  [600/2129] O > tortas para mujer joven  (C:/1765/2405/)

  [601/2129] O > tortas para mujeres adultas  (C:/1765/2406/)

  [602/2129] O > tortas para hombres adultos  (C:/1765/2407/)

  [603/2129] O > tortas para senoras  (C:/1765/2408/)

  [604/2129] O > tortas para hombres jovenes  (C:/1765/2409/)

  [605/2129] O > cables vga  (C:/1765/2410/)

  [606/2129] O > antena digital para tv  (C:/1765/2411/)

  [607/2129] O > mini proyector  (C:/1765/2412/)

  [608/2129] O > control remoto samsung  (C:/1765/2413/)

  [609/2129] O > control remoto lg  (C:/1765/2414/)

  [610/2129] O > mi tv stick  (C:/1765/2415/)

  [611/2129] O > carcasa celular  (C:/1765/2416/)

  [612/2129] O > soporte para celular  (C:/1765/2417/)

  [613/2129] O > cocinas a gas  (C:/1765/2418/)
    cocinas a gas                       | pág 1 | +3 → total: 3

  [614/2129] O > android tv box  (C:/1765/2419/)

  [615/2129] O > chromecast 4  (C:/1765/2420/)

  [616/2129] O > cable rca  (C:/1765/2421/)

  [617/2129] O > rack monitor  (C:/1765/2422/)

  [618/2129] O > chromecast 3  (C:/1765/2423/)

  [619/2129] O > munequeras para gym  (C:/1765/2424/)

  [620/2129] O > gorras deportivas  (C:/1765/2425/)

  [621/2129] O > resbaladera para ninos  (C:/1765/2426/)

  [622/2129] O > bicicleta electrica plegable  (C:/1765/2427/)

  [623/2129] O > bicicleta aro 24  (C:/1765/2428/)

  [624/2129] O > tiaras para cabello  (C:/1765/2440/)

  [625/2129] O > condones con espuelas  (C:/1765/2441/)

  [626/2129] O > ganchos para el cabello  (C:/1765/2442/)

  [627/2129] O > cepillo electrico  (C:/1765/2443/)
    cepillo electrico                   | pág 1 | +1 → total: 1

  [628/2129] O > quemadores de grasa  (C:/1765/2444/)

  [629/2129] O > proteina whey  (C:/1765/2445/)

  [630/2129] O > tintes de cabello para morenas  (C:/1765/2446/)
    tintes de cabello para morenas      | pág 1 | +5 → total: 5

  [631/2129] O > vinchas  (C:/1765/2447/)

  [632/2129] O > cepillo interproximal  (C:/1765/2448/)

  [633/2129] O > condones retardantes  (C:/1765/2449/)

  [634/2129] O > dispensador de jabon liquido  (C:/1765/2450/)

  [635/2129] O > rizador de pestana  (C:/1765/2451/)

  [636/2129] O > agua micelar  (C:/1765/2452/)

  [637/2129] O > shampoo johnsons  (C:/1765/2453/)
    shampoo johnsons                    | pág 1 | +7 → total: 7

  [638/2129] O > versace perfume  (C:/1765/2454/)

  [639/2129] O > shampoo kativa  (C:/1765/2455/)
    shampoo kativa                      | pág 1 | +4 → total: 4

  [640/2129] O > shampoo head & shoulders  (C:/1765/2456/)
    shampoo head & shoulders            | pág 1 | +19 → total: 19

  [641/2129] O > shampoo sedal  (C:/1765/2457/)
    shampoo sedal                       | pág 1 | +14 → total: 14

  [642/2129] O > suplemento deportivo my protein  (C:/1765/2458/)

  [643/2129] O > cerave gel limpiador espumoso  (C:/1765/2459/)

  [644/2129] O > cera para el cabello  (C:/1765/2460/)
    cera para el cabello                | pág 1 | +5 → total: 5

  [645/2129] O > vinchas para ninas  (C:/1765/2461/)

  [646/2129] O > cepillo para brackets  (C:/1765/2462/)

  [647/2129] O > perfume carolina herrera mujer  (C:/1765/2472/)

  [648/2129] O > laca para el cabello  (C:/1765/2473/)

  [649/2129] O > base de maquillaje  (C:/1765/2474/)

  [650/2129] O > cortaunas  (C:/1765/2475/)

  [651/2129] O > crema regeneradora de piel  (C:/1765/2476/)

  [652/2129] O > capsulas vitamina e  (C:/1765/2477/)

  [653/2129] O > colgate luminous white  (C:/1765/2478/)
    colgate luminous white              | pág 1 | +2 → total: 2

  [654/2129] O > condones con aros  (C:/1765/2479/)

  [655/2129] O > afeitadora electrica  (C:/1765/2480/)

  [656/2129] O > iphone 15  (C:/1765/2481/)

  [657/2129] O > iphone 15 pro max  (C:/1765/2482/)

  [658/2129] O > iphone 15 pro  (C:/1765/2483/)

  [659/2129] O > iphone 15 plus  (C:/1765/2484/)

  [660/2129] O > triciclos para ninas  (C:/1765/2485/)

  [661/2129] O > mancuernas ajustables  (C:/1765/2486/)

  [662/2129] O > motos a bateria para ninos  (C:/1765/2487/)

  [663/2129] O > bicicleta montanera aro 29  (C:/1765/2488/)

  [664/2129] O > bicicleta vintage mujer  (C:/1765/2489/)

  [665/2129] O > cobertor para moto  (C:/1765/2490/)

  [666/2129] O > juguetes pop it  (C:/1765/2491/)

  [667/2129] O > termometro digital  (C:/1765/2492/)

  [668/2129] O > cuatrimotos  (C:/1765/2493/)

  [669/2129] O > candado para bicicleta  (C:/1765/2494/)

  [670/2129] O > pera de boxeo  (C:/1765/2495/)

  [671/2129] O > lamparas recargables  (C:/1765/2496/)

  [672/2129] O > guantes de nitrilo  (C:/1765/2497/)

  [673/2129] O > bolsas de tela  (C:/1765/2498/)

  [674/2129] O > patinetas  (C:/1765/2499/)

  [675/2129] O > casas de juguete para ninas  (C:/1765/2500/)

  [676/2129] O > liga elastica  (C:/1765/2501/)

  [677/2129] O > sillon inflable  (C:/1765/2502/)

  [678/2129] O > funda para casco de moto  (C:/1765/2503/)

  [679/2129] O > ferula para mano  (C:/1765/2504/)

  [680/2129] O > flotador de pato  (C:/1765/2505/)

  [681/2129] O > maquina de remo  (C:/1765/2506/)

  [682/2129] O > linterna de mano  (C:/1765/2507/)

  [683/2129] O > mancuernas hexagonales  (C:/1765/2508/)

  [684/2129] O > silla de playa plegable  (C:/1765/2509/)

  [685/2129] O > pasamontanas negro  (C:/1765/2510/)

  [686/2129] O > cascos para moto deportiva  (C:/1765/2511/)

  [687/2129] O > pelota de yoga  (C:/1765/2512/)

  [688/2129] O > chaleco con peso  (C:/1765/2513/)

  [689/2129] O > castillos para niñas  (C:/1765/2514/)

  [690/2129] O > bicicleta con canasta  (C:/1765/2515/)

  [691/2129] O > vendas de boxeo  (C:/1765/2516/)

  [692/2129] O > bote inflable  (C:/1765/2517/)

  [693/2129] O > patines para mujer  (C:/1765/2518/)

  [694/2129] O > bicicleta aro 16  (C:/1765/2519/)

  [695/2129] O > celulares de gama alta baratos  (C:/1765/2520/)

  [696/2129] O > flotadores para piscina  (C:/1765/2521/)

  [697/2129] O > set de pesas  (C:/1765/2522/)

  [698/2129] O > pelotas para ninos  (C:/1765/2523/)

  [699/2129] O > cooler con ruedas  (C:/1765/2524/)

  [700/2129] O > cadena de seguridad para moto  (C:/1765/2525/)

  [701/2129] O > bicicleta monark aro 26  (C:/1765/2526/)

  [702/2129] O > vendas para box  (C:/1765/2527/)

  [703/2129] O > step gym  (C:/1765/2528/)

  [704/2129] O > carpa para 4 personas  (C:/1765/2529/)

  [705/2129] O > tomatodo metalico  (C:/1765/2530/)

  [706/2129] O > bicicleta aro 12  (C:/1765/2531/)

  [707/2129] O > bicicleta montañera aro 26  (C:/1765/2532/)

  [708/2129] O > banco para pecho  (C:/1765/2533/)

  [709/2129] O > coderas deportivas  (C:/1765/2534/)

  [710/2129] O > barra hexagonal  (C:/1765/2535/)

  [711/2129] O > aletas para nadar  (C:/1765/2536/)

  [712/2129] O > banquitos de plastico  (C:/1765/2537/)
    banquitos de plastico               | pág 1 | +6 → total: 6

  [713/2129] O > micrófono para niñas  (C:/1765/2538/)

  [714/2129] O > linterna de cabeza recargable  (C:/1765/2539/)

  [715/2129] O > carpa para 6 personas  (C:/1765/2540/)

  [716/2129] O > microfono para ninos  (C:/1765/2541/)

  [717/2129] O > guantes de boxeo para ninos  (C:/1765/2545/)

  [718/2129] O > zapatos de agua  (C:/1765/2546/)

  [719/2129] O > gorras deportivas hombre  (C:/1765/2550/)

  [720/2129] O > pelota bosu  (C:/1765/2551/)

  [721/2129] O > sofa inflable  (C:/1765/2552/)

  [722/2129] O > ligas de entrenamiento  (C:/1765/2555/)

  [723/2129] O > bicicletas para mujer con canasta  (C:/1765/2556/)

  [724/2129] O > churro flotador  (C:/1765/2557/)

  [725/2129] O > chaleco termico  (C:/1765/2558/)

  [726/2129] O > casa de juguete para ninos  (C:/1765/2559/)

  [727/2129] O > canilleras muay thai  (C:/1765/2560/)

  [728/2129] O > piscina circular  (C:/1765/2561/)

  [729/2129] O > soga crossfit  (C:/1765/2562/)

  [730/2129] O > linterna pequena  (C:/1765/2563/)

  [731/2129] O > escalera de agilidad  (C:/1765/2564/)

  [732/2129] O > bicicletas modernas para mujer  (C:/1765/2565/)

  [733/2129] O > pelota de cuero  (C:/1765/2566/)

  [734/2129] O > manta para picnic  (C:/1765/2567/)

  [735/2129] O > rodilleras para gym  (C:/1765/2568/)

  [736/2129] O > zapatos para playa  (C:/1765/2569/)

  [737/2129] O > bicicleta goliat aro 26  (C:/1765/2570/)

  [738/2129] O > linternas de largo alcance  (C:/1765/2571/)

  [739/2129] O > motos electricas para ninos  (C:/1765/2572/)

  [740/2129] O > gorra deportiva mujer  (C:/1765/2573/)

  [741/2129] O > scooter plegable  (C:/1765/2574/)

  [742/2129] O > guantes para pesas  (C:/1765/2575/)

  [743/2129] O > bolso para bicicleta  (C:/1765/2576/)

  [744/2129] O > luces led para bicicletas  (C:/1765/2577/)

  [745/2129] O > mesa de picnic  (C:/1765/2578/)

  [746/2129] O > luces para bicicleta recargables  (C:/1765/2579/)

  [747/2129] O > mangas deportivas  (C:/1765/2580/)

  [748/2129] O > mancuernas cromadas  (C:/1765/2581/)

  [749/2129] O > aguja para inflar pelota  (C:/1765/2582/)

  [750/2129] O > polos para perros  (C:/1765/2583/)

  [751/2129] O > cepillo quita pelusa  (C:/1765/2584/)

  [752/2129] O > productos para perros  (C:/1765/2585/)
    productos para perros               | pág 1 | +10 → total: 10

  [753/2129] O > lima de unas para perros  (C:/1765/2586/)

  [754/2129] O > tomatodo para perros  (C:/1765/2587/)

  [755/2129] O > soga para perros  (C:/1765/2588/)

  [756/2129] O > pecheras para perros pitbull  (C:/1765/2589/)

  [757/2129] O > tablero de basket  (C:/1765/2590/)

  [758/2129] O > cuerda para saltar profesional  (C:/1765/2591/)

  [759/2129] O > cooler portatil  (C:/1765/2592/)

  [760/2129] O > shampoo hipoalergenico para perros  (C:/1765/2593/)
    shampoo hipoalergenico para perros  | pág 1 | +1 → total: 1

  [761/2129] O > spray antipulgas para perros  (C:/1765/2594/)

  [762/2129] O > pet cooling mat  (C:/1765/2595/)

  [763/2129] O > bebedero portatil para perros  (C:/1765/2596/)

  [764/2129] O > platos para perros ansiosos  (C:/1765/2597/)

  [765/2129] O > jaulas para perros grandes  (C:/1765/2599/)

  [766/2129] O > cama iglu para perros  (C:/1765/2601/)

  [767/2129] O > pecheras para perros pequenos  (C:/1765/2602/)

  [768/2129] O > huesos de carnaza  (C:/1765/2603/)

  [769/2129] O > shampoo de avena para perros  (C:/1765/2604/)
    shampoo de avena para perros        | pág 1 | +5 → total: 5

  [770/2129] O > camas para perros hembras  (C:/1765/2605/)

  [771/2129] O > shampoo antipulgas para perros  (C:/1765/2606/)
    shampoo antipulgas para perros      | pág 1 | +5 → total: 5

  [772/2129] O > shampoo con clorhexidina para perros  (C:/1765/2607/)
    shampoo con clorhexidina para perro | pág 1 | +5 → total: 5

  [773/2129] O > acondicionador para perros  (C:/1765/2608/)

  [774/2129] O > casa de perro plastico  (C:/1765/2609/)

  [775/2129] O > mochila para mascotas  (C:/1765/2610/)

  [776/2129] O > camisas para perros  (C:/1765/2611/)

  [777/2129] O > medias para perros  (C:/1765/2612/)

  [778/2129] O > zapatos para perros pequeños  (C:/1765/2613/)

  [779/2129] O > celulares liberados  (C:/1765/2614/)

  [780/2129] O > cocina 4 hornillas  (C:/1765/2615/)
    cocina 4 hornillas                  | pág 1 | +1 → total: 1

  [781/2129] O > impresora portatil  (C:/1765/2616/)

  [782/2129] O > juguetes de peppa pig  (C:/1765/2617/)

  [783/2129] O > esponja de baño  (C:/1765/2618/)

  [784/2129] O > colgate total 12  (C:/1765/2619/)
    colgate total 12                    | pág 1 | +3 → total: 3

  [785/2129] O > crema cerave contorno de ojos  (C:/1765/2620/)

  [786/2129] O > vitamina b12 pastillas  (C:/1765/2621/)

  [787/2129] O > vitaminas para niños  (C:/1765/2622/)

  [788/2129] O > bloqueador hawaiian tropic  (C:/1765/2623/)

  [789/2129] O > gel moco de gorila  (C:/1765/2624/)

  [790/2129] O > vinchas de tela  (C:/1765/2625/)

  [791/2129] O > desodorante piedra de alumbre  (C:/1765/2626/)

  [792/2129] O > condon con espuelas piel  (C:/1765/2627/)

  [793/2129] O > creatina kevin levrone  (C:/1765/2628/)

  [794/2129] O > cepillos de bambu  (C:/1765/2629/)

  [795/2129] O > cepillo para cabello  (C:/1765/2630/)

  [796/2129] O > shampoo con keratina  (C:/1765/2631/)
    shampoo con keratina                | pág 1 | +4 → total: 4

  [797/2129] O > crema depilatoria intima  (C:/1765/2632/)

  [798/2129] O > mochila hidratacion  (C:/1765/2633/)

  [799/2129] O > asiento de gel para bicicleta  (C:/1765/2634/)

  [800/2129] O > suplementos para perros  (C:/1765/2635/)

  [801/2129] O > vitaminas para perros adultos  (C:/1765/2636/)

  [802/2129] O > contenedor de comida para perros  (C:/1765/2637/)

  [803/2129] O > dispensador de bolsas para perros  (C:/1765/2638/)

  [804/2129] O > pañales plenitud  (C:/1765/2639/)
    pañales plenitud                    | pág 1 | +8 → total: 8

  [805/2129] O > perfume carolina herrera hombre  (C:/1765/2640/)

  [806/2129] O > quitaesmalte  (C:/1765/2641/)

  [807/2129] O > afeitadoras philips  (C:/1765/2642/)

  [808/2129] O > desmaquillante ponds  (C:/1765/2643/)

  [809/2129] O > tintes loreal  (C:/1765/2644/)
    tintes loreal                       | pág 1 | +1 → total: 1

  [810/2129] O > perfumes esika hombre  (C:/1765/2645/)

  [811/2129] O > pastillas vitamina a  (C:/1765/2646/)

  [812/2129] O > perfumes cyzone  (C:/1765/2647/)

  [813/2129] O > cepillo electrico para niños  (C:/1765/2648/)

  [814/2129] O > condones de sabores  (C:/1765/2649/)

  [815/2129] O > desodorante nivea  (C:/1765/2650/)
    desodorante nivea                   | pág 1 | +19 → total: 19

  [816/2129] O > colgate triple accion  (C:/1765/2651/)
    colgate triple accion               | pág 1 | +5 → total: 5

  [817/2129] O > locion hidratante cerave  (C:/1765/2652/)

  [818/2129] O > scrunchies  (C:/1765/2653/)

  [819/2129] O > shampoo azul  (C:/1765/2654/)

  [820/2129] O > protector de cama  (C:/1765/2655/)
    protector de cama                   | pág 1 | +2 → total: 2

  [821/2129] O > jabon liquido aval  (C:/1765/2656/)
    jabon liquido aval                  | pág 1 | +11 → total: 11

  [822/2129] O > snacks para perros  (C:/1765/2657/)
    snacks para perros                  | pág 1 | +2 → total: 2

  [823/2129] O > chompas para perros  (C:/1765/2658/)

  [824/2129] O > pijamas para perros  (C:/1765/2659/)

  [825/2129] O > repelente para perros  (C:/1765/2660/)

  [826/2129] O > juguetes para perros cachorros  (C:/1765/2661/)

  [827/2129] O > collar gps para perros  (C:/1765/2662/)

  [828/2129] O > correa retractil para perros  (C:/1765/2663/)

  [829/2129] O > ropa de invierno para perros  (C:/1765/2664/)

  [830/2129] O > ropa para perros grandes  (C:/1765/2665/)

  [831/2129] O > aspiradora para pelos de perro  (C:/1765/2666/)

  [832/2129] O > linea blanca  (C:/1765/2667/)

  [833/2129] O > jabon de glicerina  (C:/1765/2668/)
    jabon de glicerina                  | pág 1 | +2 → total: 2

  [834/2129] O > colet para cabello  (C:/1765/2669/)

  [835/2129] O > mascara de pestaña  (C:/1765/2670/)

  [836/2129] O > pastillas vitaminas c  (C:/1765/2671/)

  [837/2129] O > crema hidratante neutrogena  (C:/1765/2672/)
    crema hidratante neutrogena         | pág 1 | +1 → total: 1

  [838/2129] O > crema depilatoria lampiña  (C:/1765/2673/)

  [839/2129] O > perfume hugo boss  (C:/1765/2674/)

  [840/2129] O > calcibon natal  (C:/1765/2675/)

  [841/2129] O > desodorante axe  (C:/1765/2676/)
    desodorante axe                     | pág 1 | +3 → total: 3

  [842/2129] O > panales de tela  (C:/1765/2679/)

  [843/2129] O > mantas para bebes  (C:/1765/2680/)

  [844/2129] O > corral para bebe plegable  (C:/1765/2681/)

  [845/2129] O > jumper para ninas  (C:/1765/2682/)

  [846/2129] O > panales talla p  (C:/1765/2683/)
    panales talla p                     | pág 1 | +3 → total: 3

  [847/2129] O > bodys para bebes  (C:/1765/2684/)

  [848/2129] O > ropa tejida para bebe  (C:/1765/2685/)

  [849/2129] O > bolsas para leche materna  (C:/1765/2686/)

  [850/2129] O > banera cambiador para bebe  (C:/1765/2687/)

  [851/2129] O > biberon en forma de seno  (C:/1765/2688/)

  [852/2129] O > panales xxg  (C:/1765/2689/)
    panales xxg                         | pág 1 | +1 → total: 1

  [853/2129] O > panales talla m  (C:/1765/2690/)
    panales talla m                     | pág 1 | +2 → total: 2

  [854/2129] O > ropa de bano bebe  (C:/1765/2691/)

  [855/2129] O > cosas para bebes recien nacidos  (C:/1765/2692/)

  [856/2129] O > tetinas  (C:/1765/2693/)

  [857/2129] O > ropa de bebe varon  (C:/1765/2694/)

  [858/2129] O > recolector de leche materna  (C:/1765/2695/)

  [859/2129] O > banera plegable para bebe  (C:/1765/2696/)

  [860/2129] O > panales xxxg  (C:/1765/2697/)
    panales xxxg                        | pág 1 | +1 → total: 1

  [861/2129] O > cunas para bebes ninas  (C:/1765/2698/)

  [862/2129] O > correpasillos  (C:/1765/2699/)

  [863/2129] O > vestidos para bebes  (C:/1765/2700/)

  [864/2129] O > extractor de leche manual  (C:/1765/2701/)

  [865/2129] O > accesorios para bebes  (C:/1765/2702/)

  [866/2129] O > coche cuna  (C:/1765/2703/)

  [867/2129] O > silla de bebe para auto  (C:/1765/2704/)

  [868/2129] O > biberones de vidrio  (C:/1765/2705/)

  [869/2129] O > calentador de biberones  (C:/1765/2706/)

  [870/2129] O > esterilizador de biberones  (C:/1765/2707/)

  [871/2129] O > juguetes para ninas  (C:/1765/2708/)

  [872/2129] O > vestidos para ninas  (C:/1765/2709/)

  [873/2129] O > coche baston  (C:/1765/2711/)

  [874/2129] O > extractor de leche materna  (C:/1765/2712/)

  [875/2129] O > carritos para bebes  (C:/1765/2713/)

  [876/2129] O > silla mecedora para bebe  (C:/1765/2714/)

  [877/2129] O > extractor de leche electrico  (C:/1765/2715/)

  [878/2129] O > cosas para bebes  (C:/1765/2716/)

  [879/2129] O > coche moises  (C:/1765/2717/)

  [880/2129] O > panales recien nacido  (C:/1765/2718/)
    panales recien nacido               | pág 1 | +14 → total: 14

  [881/2129] O > chompas para bebes ninas  (C:/1765/2719/)

  [882/2129] O > tina de bano para bebe  (C:/1765/2720/)

  [883/2129] O > ajuar de bebe  (C:/1765/2721/)

  [884/2129] O > gorros para bebe  (C:/1765/2722/)

  [885/2129] O > cunas de madera  (C:/1765/2723/)

  [886/2129] O > almohada de lactancia  (C:/1765/2724/)

  [887/2129] O > compota de manzana  (C:/1765/2725/)
    compota de manzana                  | pág 1 | +4 → total: 4

  [888/2129] O > ropa para bebe nina  (C:/1765/2726/)

  [889/2129] O > mochilas para hombre  (C:/1765/2727/)

  [890/2129] O > mochila negra  (C:/1765/2728/)

  [891/2129] O > mochilas coreanas  (C:/1765/2729/)

  [892/2129] O > collares para hombres  (C:/1765/2730/)

  [893/2129] O > collares para parejas  (C:/1765/2731/)

  [894/2129] O > pulseras para hombre  (C:/1765/2732/)

  [895/2129] O > anillos de compromiso de oro  (C:/1765/2733/)

  [896/2129] O > cadenas de oro para mujer  (C:/1765/2735/)

  [897/2129] O > mochila negra mujer  (C:/1765/2736/)

  [898/2129] O > mochila para laptop  (C:/1765/2737/)

  [899/2129] O > mochilas de bts  (C:/1765/2738/)

  [900/2129] O > anillos de plata  (C:/1765/2739/)

  [901/2129] O > pulsera ojo turco  (C:/1765/2740/)

  [902/2129] O > anillos de compromiso  (C:/1765/2741/)

  [903/2129] O > pulsera huayruro  (C:/1765/2742/)

  [904/2129] O > mochilas para mujer  (C:/1765/2743/)

  [905/2129] O > mochilas para ninas  (C:/1765/2744/)

  [906/2129] O > mochilas escolares  (C:/1765/2745/)

  [907/2129] O > morrales para mujer  (C:/1765/2746/)

  [908/2129] O > mochilas aesthetic  (C:/1765/2747/)

  [909/2129] O > pulseras para parejas  (C:/1765/2748/)

  [910/2129] O > cartera negra mujer  (C:/1765/2749/)

  [911/2129] O > mochilas con ruedas  (C:/1765/2750/)

  [912/2129] O > llavero destapador  (C:/1765/2751/)

  [913/2129] O > reloj para ninos  (C:/1765/2752/)

  [914/2129] O > relojes deportivos para hombre  (C:/1765/2753/)

  [915/2129] O > relojes para ninas  (C:/1765/2754/)

  [916/2129] O > relojes elegantes para hombre  (C:/1765/2755/)

  [917/2129] O > mochila antirrobo  (C:/1765/2756/)

  [918/2129] O > reloj deportivo mujer  (C:/1765/2757/)

  [919/2129] O > anillos de oro  (C:/1765/2758/)

  [920/2129] O > cadenas para hombres  (C:/1765/2759/)

  [921/2129] O > pulseras de plata  (C:/1765/2760/)

  [922/2129] O > cadenas de plata para hombre  (C:/1765/2761/)

  [923/2129] O > delineadores de colores  (C:/1765/2817/)

  [924/2129] O > Libre 6  (C:/1765/2819/)

  [925/2129] O > pulseras de cuero  (C:/1765/2820/)

  [926/2129] O > anillos de acero  (C:/1765/2822/)

  [927/2129] O > mochila de cuero hombre  (C:/1765/2823/)

  [928/2129] O > lentes de sol redondos hombre  (C:/1765/2825/)

  [929/2129] O > labiales nude  (C:/1765/2826/)

  [930/2129] O > mochilas para universitarios  (C:/1765/2915/)

  [931/2129] O > anillos de hombre  (C:/1765/2916/)

  [932/2129] O > anillos para mujer  (C:/1765/2917/)

  [933/2129] O > anillos de compromiso de plata  (C:/1765/2918/)

  [934/2129] O > pulseras de hilo para hombre  (C:/1765/2919/)

  [935/2129] O > delineador liquido  (C:/1765/2920/)

  [936/2129] O > pulsera magnetica  (C:/1765/2921/)

  [937/2129] O > crema exfoliante  (C:/1765/2922/)

  [938/2129] O > cartera blanca  (C:/1765/2923/)

  [939/2129] O > canguro mujer  (C:/1765/2924/)

  [940/2129] O > aros de matrimonio  (C:/1765/2926/)

  [941/2129] O > esmalte en gel  (C:/1765/2927/)

  [942/2129] O > sombras de ojos  (C:/1765/2928/)

  [943/2129] O > exfoliante corporal  (C:/1765/2929/)

  [944/2129] O > relojes deportivos  (C:/1765/2930/)

  [945/2129] O > lentes negros  (C:/1765/2931/)

  [946/2129] O > aretes de oro  (C:/1765/2932/)

  [947/2129] O > pulseras de oro  (C:/1765/2933/)

  [948/2129] O > anillos de compromiso para hombre  (C:/1765/2934/)

  [949/2129] O > pulseras de amistad  (C:/1765/2935/)

  [950/2129] O > pulseras de oro para mujer  (C:/1765/2936/)

  [951/2129] O > pulseras de plata para hombre  (C:/1765/2937/)

  [952/2129] O > cadenas de plata para mujer  (C:/1765/2938/)

  [953/2129] O > collar de corazon  (C:/1765/2939/)

  [954/2129] O > mochilas nike mujer  (C:/1765/2940/)

  [955/2129] O > billeteras de cuero para hombre  (C:/1765/3004/)

  [956/2129] O > labiales mate  (C:/1765/3005/)

  [957/2129] O > bolsos deportivos mujer  (C:/1765/3006/)

  [958/2129] O > mochila tactica  (C:/1765/3007/)

  [959/2129] O > mochilas de cuero  (C:/1765/3008/)

  [960/2129] O > mochila hello kitty  (C:/1765/3009/)

  [961/2129] O > aretes de plata  (C:/1765/3010/)

  [962/2129] O > aretes a presion  (C:/1765/3011/)

  [963/2129] O > pulseras de plata para mujer  (C:/1765/3012/)

  [964/2129] O > jenga  (C:/1765/3111/)

  [965/2129] O > cerave crema hidratante  (C:/1765/3112/)

  [966/2129] O > afeitadora  (C:/1765/3113/)

  [967/2129] O > pandereta  (C:/1765/3114/)

  [968/2129] O > pestanas postizas  (C:/1765/3115/)

  [969/2129] O > bloques logicos  (C:/1765/3116/)

  [970/2129] O > carros de juguete  (C:/1765/3117/)

  [971/2129] O > rompecabezas para ninos  (C:/1765/3118/)

  [972/2129] O > gimnasio para bebe  (C:/1765/3119/)

  [973/2129] O > rompecabezas de 1000 piezas  (C:/1765/3120/)

  [974/2129] O > proteina en polvo  (C:/1765/3121/)

  [975/2129] O > brochas de maquillaje  (C:/1765/3122/)

  [976/2129] O > corrector maquillaje  (C:/1765/3123/)

  [977/2129] O > fijador de maquillaje  (C:/1765/3124/)

  [978/2129] O > rasuradora  (C:/1765/3125/)

  [979/2129] O > pelota de trapo  (C:/1765/3126/)
    pelota de trapo                     | pág 1 | +1 → total: 1

  [980/2129] O > letras moviles  (C:/1765/3127/)

  [981/2129] O > titeres de mano  (C:/1765/3128/)

  [982/2129] O > pelotas de colores  (C:/1765/3129/)

  [983/2129] O > vitamina d pastillas  (C:/1765/3130/)

  [984/2129] O > esponjas de maquillaje  (C:/1765/3131/)

  [985/2129] O > multibase  (C:/1765/3132/)

  [986/2129] O > ligas para el cabello  (C:/1765/3133/)

  [987/2129] O > iluminador maquillaje  (C:/1765/3134/)

  [988/2129] O > carteras de cuero  (C:/1765/3135/)

  [989/2129] O > colonias para hombre  (C:/1765/3136/)

  [990/2129] O > proteina iso whey  (C:/1765/3137/)

  [991/2129] O > jabon de tocador  (C:/1765/3138/)
    jabon de tocador                    | pág 1 | +30 → total: 30

  [992/2129] O > pastillas vitamina e  (C:/1765/3139/)

  [993/2129] O > cubos de madera  (C:/1765/3140/)

  [994/2129] O > policubos  (C:/1765/3141/)

  [995/2129] O > shampoo para bebe  (C:/1765/3142/)
    shampoo para bebe                   | pág 1 | +14 → total: 14

  [996/2129] O > organizador de carteras  (C:/1765/3143/)

  [997/2129] O > aretes de perlas  (C:/1765/3144/)

  [998/2129] O > reloj acuatico  (C:/1765/3145/)

  [999/2129] O > collares para ninas  (C:/1765/3146/)

  [1000/2129] O > collares con iniciales  (C:/1765/3147/)

  [1001/2129] O > mochila rosa  (C:/1765/3148/)

  [1002/2129] O > mochila tommy hilfiger mujer  (C:/1765/3149/)

  [1003/2129] O > mochila morral  (C:/1765/3150/)

  [1004/2129] O > mochila impermeable  (C:/1765/3151/)

  [1005/2129] O > anillos de compromiso oro blanco  (C:/1765/3152/)

  [1006/2129] O > anillos de compromiso con esmeralda  (C:/1765/3163/)

  [1007/2129] O > collar ojo turco  (C:/1765/3164/)

  [1008/2129] O > pulseras de perlas de colores  (C:/1765/3165/)

  [1009/2129] O > mascarilla facial negra  (C:/1765/3166/)

  [1010/2129] O > set de manicura  (C:/1765/3167/)

  [1011/2129] O > vinchas para maquillaje  (C:/1765/3168/)

  [1012/2129] O > reloj automatico  (C:/1765/3169/)

  [1013/2129] O > reloj cuadrado  (C:/1765/3170/)

  [1014/2129] O > collar de girasol  (C:/1765/3171/)

  [1015/2129] O > collar de mariposa  (C:/1765/3172/)

  [1016/2129] O > collar de luna  (C:/1765/3173/)

  [1017/2129] O > pulsera morada  (C:/1765/3248/)

  [1018/2129] O > porta aretes  (C:/1765/3249/)

  [1019/2129] O > pulseras con dijes  (C:/1765/3250/)

  [1020/2129] O > anillos con piedras  (C:/1765/3251/)

  [1021/2129] O > anillos de corazon  (C:/1765/3252/)

  [1022/2129] O > tv 60 pulgadas  (C:/1765/3310/)

  [1023/2129] O > tv 40 pulgadas  (C:/1765/3311/)

  [1024/2129] O > tv 85 pulgadas  (C:/1765/3312/)

  [1025/2129] O > tv 24 pulgadas  (C:/1765/3313/)

  [1026/2129] O > xiaomi redmi note 11  (C:/1765/3314/)

  [1027/2129] O > xiaomi redmi note 10  (C:/1765/3315/)

  [1028/2129] O > spray para cabello  (C:/1765/3317/)

  [1029/2129] O > desodorante roll on  (C:/1765/3318/)
    desodorante roll on                 | pág 1 | +14 → total: 14

  [1030/2129] O > tv 32 pulgadas  (C:/1765/3321/)

  [1031/2129] O > tv 43 pulgadas  (C:/1765/3322/)

  [1032/2129] O > tv 50 pulgadas  (C:/1765/3323/)

  [1033/2129] O > tv 55 pulgadas  (C:/1765/3324/)

  [1034/2129] O > tv 65 pulgadas  (C:/1765/3325/)

  [1035/2129] O > tv 70 pulgadas  (C:/1765/3326/)

  [1036/2129] O > tv 75 pulgadas  (C:/1765/3327/)

  [1037/2129] O > samsung a54  (C:/1765/3328/)

  [1038/2129] O > nintendo switch lite  (C:/1765/3329/)

  [1039/2129] O > nintendo switch oled  (C:/1765/3330/)

  [1040/2129] O > limas para unas  (C:/1765/3337/)

  [1041/2129] O > removedor de callos  (C:/1765/3338/)

  [1042/2129] O > gel limpiador facial  (C:/1765/3339/)

  [1043/2129] O > pastillas vitamina b  (C:/1765/3340/)

  [1044/2129] O > proteina hidrolizada  (C:/1765/3341/)

  [1045/2129] O > desodorante para pies  (C:/1765/3342/)

  [1046/2129] O > lazos para el cabello  (C:/1765/3343/)

  [1047/2129] O > kotex nocturna  (C:/1765/3344/)

  [1048/2129] O > condones piel con retardante  (C:/1765/3345/)

  [1049/2129] O > vinchas deportivas  (C:/1765/3346/)

  [1050/2129] O > condones texturizados  (C:/1765/3347/)

  [1051/2129] O > hisopo de bano  (C:/1765/3348/)
    hisopo de bano                      | pág 1 | +2 → total: 2

  [1052/2129] O > proteina creatina  (C:/1765/3349/)

  [1053/2129] O > rasuradora electrica  (C:/1765/3350/)

  [1054/2129] O > peines para cabello  (C:/1765/3351/)

  [1055/2129] O > tintes para cabello corto  (C:/1765/3352/)
    tintes para cabello corto           | pág 1 | +30 → total: 30

  [1056/2129] O > toallas higienicas nocturnas  (C:/1765/3353/)
    toallas higienicas nocturnas        | pág 1 | +3 → total: 3

  [1057/2129] O > perfumes esika mujer  (C:/1765/3354/)

  [1058/2129] O > gel para cabello mujer  (C:/1765/3355/)
    gel para cabello mujer              | pág 1 | +5 → total: 5

  [1059/2129] O > crema para peinar rizos  (C:/1765/3356/)
    crema para peinar rizos             | pág 1 | +2 → total: 2

  [1060/2129] O > perfume givenchy mujer  (C:/1765/3357/)

  [1061/2129] O > perfume hugo boss mujer  (C:/1765/3358/)

  [1062/2129] O > crema para cabello ondulado  (C:/1765/3359/)
    crema para cabello ondulado         | pág 1 | +4 → total: 4

  [1063/2129] O > set de manicure  (C:/1765/3360/)

  [1064/2129] O > cremas hidratantes para piel mixta  (C:/1765/3361/)
    cremas hidratantes para piel mixta  | pág 1 | +4 → total: 4

  [1065/2129] O > pastilla vitamina k  (C:/1765/3362/)

  [1066/2129] O > desodorante en barra  (C:/1765/3363/)
    desodorante en barra                | pág 1 | +14 → total: 14

  [1067/2129] O > hisopos de bebe  (C:/1765/3364/)
    hisopos de bebe                     | pág 1 | +1 → total: 1

  [1068/2129] O > ganador de peso  (C:/1765/3365/)

  [1069/2129] O > sujetador de cabello  (C:/1765/3366/)

  [1070/2129] O > ganchos de pelo  (C:/1765/3367/)

  [1071/2129] O > horquillas de pelo  (C:/1765/3368/)

  [1072/2129] O > ligas de cabello  (C:/1765/3369/)

  [1073/2129] O > jabon liquido para cuerpo  (C:/1765/3370/)

  [1074/2129] O > espuma limpiadora facial  (C:/1765/3371/)

  [1075/2129] O > jabon de aloe vera  (C:/1765/3372/)

  [1076/2129] O > tintes para cabello negro  (C:/1765/3373/)
    tintes para cabello negro           | pág 1 | +2 → total: 2

  [1077/2129] O > suplementos para bajar de peso  (C:/1765/3374/)

  [1078/2129] O > suplementos para subir de peso  (C:/1765/3375/)

  [1079/2129] O > suplemento de calcio  (C:/1765/3376/)

  [1080/2129] O > suplemento omega 3  (C:/1765/3377/)

  [1081/2129] O > enjuague bucal sin alcohol  (C:/1765/3378/)
    enjuague bucal sin alcohol          | pág 1 | +10 → total: 10

  [1082/2129] O > tinte de cabello chocolate  (C:/1765/3379/)
    tinte de cabello chocolate          | pág 1 | +5 → total: 5

  [1083/2129] O > pasta dental con fluor  (C:/1765/3380/)
    pasta dental con fluor              | pág 1 | +1 → total: 1

  [1084/2129] O > gel para cabello hombre  (C:/1765/3381/)
    gel para cabello hombre             | pág 1 | +8 → total: 8

  [1085/2129] O > gorro de baño  (C:/1765/3382/)

  [1086/2129] O > desodorante en spray  (C:/1765/3383/)
    desodorante en spray                | pág 1 | +42 → total: 42

  [1087/2129] O > colonias para mujer  (C:/1765/3384/)
    colonias para mujer                 | pág 1 | +1 → total: 1

  [1088/2129] O > tiaras para el cabello  (C:/1765/3385/)

  [1089/2129] O > pañuelos desechables  (C:/1765/3386/)
    pañuelos desechables                | pág 1 | +5 → total: 5

  [1090/2129] O > toallitas desmaquillantes  (C:/1765/3387/)
    toallitas desmaquillantes           | pág 1 | +1 → total: 1

  [1091/2129] O > desmaquillante bifasico  (C:/1765/3388/)

  [1092/2129] O > jabon neutro liquido  (C:/1765/3389/)

  [1093/2129] O > tintes rojos para cabello  (C:/1765/3390/)

  [1094/2129] O > crema para piel seca  (C:/1765/3391/)
    crema para piel seca                | pág 1 | +2 → total: 2

  [1095/2129] O > suplementos aminoacidos esenciales  (C:/1765/3392/)

  [1096/2129] O > pinzas para el cabello  (C:/1765/3393/)

  [1097/2129] O > tintes azules para cabello  (C:/1765/3394/)

  [1098/2129] O > atornilladores dewalt  (C:/1765/3395/)

  [1099/2129] O > tanques de agua rotoplas  (C:/1765/3396/)

  [1100/2129] O > atornilladores einhell  (C:/1765/3397/)

  [1101/2129] O > piso porcelanato tipo madera  (C:/1765/3398/)

  [1102/2129] O > taladros stanley  (C:/1765/3399/)

  [1103/2129] O > amoladoras bosch  (C:/1765/3400/)

  [1104/2129] O > olla a presion  (C:/1765/3401/)

  [1105/2129] O > juego de comedor 8 sillas  (C:/1765/3402/)

  [1106/2129] O > escritorio de vidrio  (C:/1765/3403/)

  [1107/2129] O > juego de comedor 4 sillas  (C:/1765/3404/)

  [1108/2129] O > taladros dewalt  (C:/1765/3405/)

  [1109/2129] O > seccionales  (C:/1765/3406/)

  [1110/2129] O > atornilladores inalambricos  (C:/1765/3407/)

  [1111/2129] O > juegos comedor 6 sillas  (C:/1765/3408/)

  [1112/2129] O > puerta exterior  (C:/1765/3409/)

  [1113/2129] O > atornilladores bosch  (C:/1765/3410/)

  [1114/2129] O > roperos 3 puertas  (C:/1765/3411/)

  [1115/2129] O > roperos 2 puertas  (C:/1765/3412/)

  [1116/2129] O > ropero 6 puertas  (C:/1765/3413/)

  [1117/2129] O > herramientas inalambricas  (C:/1765/3414/)

  [1118/2129] O > roperos 4 puertas  (C:/1765/3415/)

  [1119/2129] O > escritorio gamer  (C:/1765/3416/)

  [1120/2129] O > ropero puertas corredizas  (C:/1765/3417/)

  [1121/2129] O > puertas interior  (C:/1765/3418/)

  [1122/2129] O > ropero blanco  (C:/1765/3419/)

  [1123/2129] O > escritorio en l  (C:/1765/3420/)

  [1124/2129] O > escritorios blancos  (C:/1765/3421/)

  [1125/2129] O > combo ropero  (C:/1765/3422/)

  [1126/2129] O > ropero con espejo  (C:/1765/3423/)

  [1127/2129] O > taladros inalambricos  (C:/1765/3424/)

  [1128/2129] O > taladros bosch  (C:/1765/3425/)

  [1129/2129] O > escritorios vintage  (C:/1765/3426/)

  [1130/2129] O > cocinas induccion  (C:/1765/3427/)

  [1131/2129] O > escritorios plegables  (C:/1765/3428/)

  [1132/2129] O > herramientas para drywall  (C:/1765/3429/)

  [1133/2129] O > llave termica bticino  (C:/1765/3430/)

  [1134/2129] O > dicroicos  (C:/1765/3431/)

  [1135/2129] O > taladros einhell  (C:/1765/3432/)

  [1136/2129] O > mascarillas kn95 n95  (C:/1765/3433/)

  [1137/2129] O > escritorios melamina  (C:/1765/3434/)

  [1138/2129] O > taladros makita  (C:/1765/3435/)

  [1139/2129] O > termas electricas sole  (C:/1765/3436/)

  [1140/2129] O > muebles blancos  (C:/1765/3437/)

  [1141/2129] O > sofas grises  (C:/1765/3438/)

  [1142/2129] O > sofa beige  (C:/1765/3439/)

  [1143/2129] O > interruptor diferencial bticino  (C:/1765/3440/)

  [1144/2129] O > taladros percutores  (C:/1765/3441/)

  [1145/2129] O > interruptor simple  (C:/1765/3442/)

  [1146/2129] O > sierras inalambricas  (C:/1765/3443/)

  [1147/2129] O > juego de sala negro  (C:/1765/3444/)

  [1148/2129] O > baldosas  (C:/1765/3445/)

  [1149/2129] O > rotomartillo bosch  (C:/1765/3446/)

  [1150/2129] O > camaras hikvision  (C:/1765/3447/)

  [1151/2129] O > repisas de melamina  (C:/1765/3448/)

  [1152/2129] O > cabeceras de cama 2 plazas  (C:/1765/3449/)

  [1153/2129] O > cerraduras forte  (C:/1765/3450/)

  [1154/2129] O > amoladoras dewalt  (C:/1765/3451/)

  [1155/2129] O > rapiduchas sole  (C:/1765/3452/)

  [1156/2129] O > escritorios flotantes  (C:/1765/3453/)

  [1157/2129] O > taladros inalambricos bosch  (C:/1765/3454/)

  [1158/2129] O > termas a gas sole  (C:/1765/3455/)

  [1159/2129] O > atornilladores makita  (C:/1765/3456/)

  [1160/2129] O > brocas para madera  (C:/1765/3457/)

  [1161/2129] O > pintura epoxica  (C:/1765/3458/)

  [1162/2129] O > guirnaldas de luces  (C:/1765/3459/)

  [1163/2129] O > muebles vintage  (C:/1765/3460/)

  [1164/2129] O > baterias bosch  (C:/1765/3461/)

  [1165/2129] O > tv lg 55 pulgadas  (C:/1765/3462/)

  [1166/2129] O > muebles negros  (C:/1765/3463/)

  [1167/2129] O > botas de lluvia  (C:/1765/3464/)

  [1168/2129] O > cocinas de 2 hornillas  (C:/1765/3465/)

  [1169/2129] O > tomacorrientes bticino  (C:/1765/3466/)

  [1170/2129] O > inodoros trebol  (C:/1765/3467/)

  [1171/2129] O > sillas de plastico rey  (C:/1765/3468/)
    sillas de plastico rey              | pág 1 | +2 → total: 2

  [1172/2129] O > juego de sala moderno color gris  (C:/1765/3469/)

  [1173/2129] O > aspiradoras karcher  (C:/1765/3470/)

  [1174/2129] O > escritorios infantiles  (C:/1765/3471/)

  [1175/2129] O > ollas de acero inoxidable  (C:/1765/3472/)

  [1176/2129] O > taladros ingco  (C:/1765/3473/)

  [1177/2129] O > pisos para dormitorios  (C:/1765/3474/)

  [1178/2129] O > bisagras  (C:/1765/3475/)

  [1179/2129] O > taladros black decker  (C:/1765/3476/)

  [1180/2129] O > baterias etna  (C:/1765/3477/)

  [1181/2129] O > disfraz de minnie  (C:/1765/3478/)

  [1182/2129] O > disfraz de novia  (C:/1765/3479/)

  [1183/2129] O > mascara de batman  (C:/1765/3480/)

  [1184/2129] O > calabaza halloween  (C:/1765/3481/)

  [1185/2129] O > disfraces de halloween para mujer  (C:/1765/3482/)

  [1186/2129] O > disfraz de venom  (C:/1765/3483/)

  [1187/2129] O > dulces de halloween  (C:/1765/3484/)
    dulces de halloween                 | pág 1 | +6 → total: 6

  [1188/2129] O > mascara de spiderman  (C:/1765/3485/)

  [1189/2129] O > mascara del juego del calamar  (C:/1765/3486/)

  [1190/2129] O > disfraces de halloween para bebes  (C:/1765/3487/)

  [1191/2129] O > la purga disfraz  (C:/1765/3488/)

  [1192/2129] O > tortas de halloween  (C:/1765/3489/)

  [1193/2129] O > mascaras para halloween  (C:/1765/3490/)

  [1194/2129] O > disfraz de harley quinn  (C:/1765/3491/)

  [1195/2129] O > disfraz de spiderman  (C:/1765/3492/)

  [1196/2129] O > disfraz de chucky  (C:/1765/3493/)

  [1197/2129] O > disfraz de vampiro  (C:/1765/3494/)

  [1198/2129] O > disfraz de campanita  (C:/1765/3495/)

  [1199/2129] O > mascara de la casa de papel  (C:/1765/3496/)

  [1200/2129] O > disfraces de halloween para hombres  (C:/1765/3497/)

  [1201/2129] O > mascara de anonymous  (C:/1765/3498/)

  [1202/2129] O > disfraz de moana  (C:/1765/3499/)

  [1203/2129] O > disfraz de tiburon  (C:/1765/3500/)

  [1204/2129] O > disfraz de la sirenita  (C:/1765/3501/)

  [1205/2129] O > corbata harry potter  (C:/1765/3502/)

  [1206/2129] O > disfraces para halloween de terror  (C:/1765/3503/)

  [1207/2129] O > disfraces de halloween para chicas  (C:/1765/3504/)

  [1208/2129] O > demon slayer mascara  (C:/1765/3505/)

  [1209/2129] O > poleras de halloween  (C:/1765/3506/)

  [1210/2129] O > baterias enerjet  (C:/1765/3507/)

  [1211/2129] O > rotomartillo dewalt  (C:/1765/3508/)

  [1212/2129] O > proteina aislada  (C:/1765/3509/)

  [1213/2129] O > aspiradoras electrolux  (C:/1765/3510/)

  [1214/2129] O > lavadoras lg 13 kilos  (C:/1765/3511/)

  [1215/2129] O > wincha pasacables  (C:/1765/3512/)

  [1216/2129] O > estabilizadores forza  (C:/1765/3513/)

  [1217/2129] O > audifonos con cancelacion de ruido  (C:/1765/3514/)

  [1218/2129] O > lijadoras de pared  (C:/1765/3515/)

  [1219/2129] O > sierras circulares bosch  (C:/1765/3516/)

  [1220/2129] O > escritorios de madera  (C:/1765/3517/)

  [1221/2129] O > sofa negro  (C:/1765/3518/)

  [1222/2129] O > interruptores dobles  (C:/1765/3519/)

  [1223/2129] O > ganchos para el pelo  (C:/1765/3520/)

  [1224/2129] O > juego de sala marron  (C:/1765/3521/)

  [1225/2129] O > campanas extractoras sole  (C:/1765/3522/)

  [1226/2129] O > cabecera queen  (C:/1765/3523/)

  [1227/2129] O > sofas marrones  (C:/1765/3524/)
    sofas marrones                      | pág 1 | +1 → total: 1

  [1228/2129] O > estantes de melamina  (C:/1765/3525/)

  [1229/2129] O > tubos pvc  (C:/1765/3526/)

  [1230/2129] O > pisos marmoleados  (C:/1765/3527/)

  [1231/2129] O > porcelanatos celima  (C:/1765/3528/)

  [1232/2129] O > luz de emergencia opalux  (C:/1765/3529/)

  [1233/2129] O > amoladoras makita  (C:/1765/3530/)

  [1234/2129] O > cascos 3m  (C:/1765/3531/)

  [1235/2129] O > procesadores de alimentos  (C:/1765/3532/)

  [1236/2129] O > candados forte  (C:/1765/3533/)

  [1237/2129] O > cabecera de cama 1.5 plaza  (C:/1765/3534/)

  [1238/2129] O > pintura blanca  (C:/1765/3535/)

  [1239/2129] O > ollas antiadherentes  (C:/1765/3536/)

  [1240/2129] O > seccional gris  (C:/1765/3537/)

  [1241/2129] O > sillones azules  (C:/1765/3538/)

  [1242/2129] O > ceramica para sala comedor  (C:/1765/3539/)

  [1243/2129] O > sillones beige  (C:/1765/3540/)

  [1244/2129] O > termas sole  (C:/1765/3541/)

  [1245/2129] O > porcelanatos para dormitorios  (C:/1765/3542/)

  [1246/2129] O > tanques de agua eternit  (C:/1765/3543/)

  [1247/2129] O > taladro inalambrico black and decker  (C:/1765/3544/)

  [1248/2129] O > ladrillos piramide  (C:/1765/3545/)

  [1249/2129] O > porcelanatos para sala comedor  (C:/1765/3546/)

  [1250/2129] O > carmines para el cabello  (C:/1765/3645/)

  [1251/2129] O > locion tonica facial  (C:/1765/3646/)

  [1252/2129] O > crema limpiadora facial  (C:/1765/3647/)

  [1253/2129] O > panales para adultos mujer  (C:/1765/3648/)
    panales para adultos mujer          | pág 1 | +15 → total: 15

  [1254/2129] O > toallas higienicas diarias  (C:/1765/3649/)

  [1255/2129] O > toallas higienicas ecologicas  (C:/1765/3650/)

  [1256/2129] O > toallas higienicas de tela  (C:/1765/3651/)
    toallas higienicas de tela          | pág 1 | +2 → total: 2

  [1257/2129] O > pasta dental blanqueadora  (C:/1765/3652/)

  [1258/2129] O > algodon desmaquillante  (C:/1765/3653/)

  [1259/2129] O > discos desmaquillantes  (C:/1765/3654/)
    discos desmaquillantes              | pág 1 | +1 → total: 1

  [1260/2129] O > crema aclaradora facial  (C:/1765/3655/)

  [1261/2129] O > jabon liquido para rostro  (C:/1765/3656/)

  [1262/2129] O > jabon liquido natural  (C:/1765/3657/)

  [1263/2129] O > acondicionador sin sal  (C:/1765/3658/)

  [1264/2129] O > tintes violetas para el cabello  (C:/1765/3659/)

  [1265/2129] O > perfumes avon hombre  (C:/1765/3660/)

  [1266/2129] O > perfumes avon mujer  (C:/1765/3661/)

  [1267/2129] O > gel para cabello rizado  (C:/1765/3662/)
    gel para cabello rizado             | pág 1 | +1 → total: 1

  [1268/2129] O > toallas higienicas reutilizables  (C:/1765/3663/)

  [1269/2129] O > crema hidratante para piel sensible  (C:/1765/3664/)

  [1270/2129] O > guantes de bano  (C:/1765/3665/)

  [1271/2129] O > kotex sport  (C:/1765/3666/)

  [1272/2129] O > kotex ultrafina  (C:/1765/3667/)
    kotex ultrafina                     | pág 1 | +1 → total: 1

  [1273/2129] O > condones delgados  (C:/1765/3668/)

  [1274/2129] O > maquina de afeitar mujer  (C:/1765/3669/)
    maquina de afeitar mujer            | pág 1 | +7 → total: 7

  [1275/2129] O > rastrillo de afeitar  (C:/1765/3670/)
    rastrillo de afeitar                | pág 1 | +27 → total: 27

  [1276/2129] O > jabon liquido para bebe  (C:/1765/3671/)
    jabon liquido para bebe             | pág 1 | +6 → total: 6

  [1277/2129] O > tinte para cabello color miel  (C:/1765/3672/)

  [1278/2129] O > pasta dental para sensibilidad  (C:/1765/3673/)

  [1279/2129] O > crema para cabello lacio  (C:/1765/3674/)
    crema para cabello lacio            | pág 1 | +12 → total: 12

  [1280/2129] O > giorgio armani perfume hombre  (C:/1765/3675/)

  [1281/2129] O > afeitadora para hombre  (C:/1765/3676/)

  [1282/2129] O > broches para el cabello  (C:/1765/3677/)

  [1283/2129] O > desmaquillante de ojos  (C:/1765/3678/)

  [1284/2129] O > cepillo limpiador facial  (C:/1765/3679/)

  [1285/2129] O > gel hidratante facial  (C:/1765/3680/)
    gel hidratante facial               | pág 1 | +2 → total: 2

  [1286/2129] O > contenedores de alimentos  (C:/1765/3698/)

  [1287/2129] O > super mario bros deluxe  (C:/1765/3699/)

  [1288/2129] O > lapicero tactil  (C:/1765/3700/)

  [1289/2129] O > flotadores para adultos  (C:/1765/3701/)

  [1290/2129] O > resident evil nintendo switch  (C:/1765/3702/)

  [1291/2129] O > camisetas leonisa mujer  (C:/1765/3703/)

  [1292/2129] O > atornillador 18v  (C:/1765/3704/)

  [1293/2129] O > lenovo i5 8gb  (C:/1765/3705/)

  [1294/2129] O > tablet 16gb ram  (C:/1765/3706/)

  [1295/2129] O > grabadora de voz digital  (C:/1765/3707/)

  [1296/2129] O > muebles ashley  (C:/1765/3708/)

  [1297/2129] O > polera gris mujer  (C:/1765/3709/)

  [1298/2129] O > vino borgona  (C:/1765/3710/)
    vino borgona                        | pág 1 | +18 → total: 18

  [1299/2129] O > juguetes de sonic  (C:/1765/3711/)

  [1300/2129] O > overol mujer  (C:/1765/3712/)

  [1301/2129] O > velas aromaticas  (C:/1765/3713/)

  [1302/2129] O > vino malbec  (C:/1765/3714/)
    vino malbec                         | pág 1 | +47 → total: 47

  [1303/2129] O > absolut vodka  (C:/1765/3715/)
    absolut vodka                       | pág 1 | +4 → total: 4

  [1304/2129] O > lubricante sexual  (C:/1765/3716/)

  [1305/2129] O > adaptador bluetooth  (C:/1765/3717/)

  [1306/2129] O > microfono para pc  (C:/1765/3718/)

  [1307/2129] O > toalla microfibra  (C:/1765/3719/)

  [1308/2129] O > almohada viscoelastica  (C:/1765/3720/)

  [1309/2129] O > cronometro digital  (C:/1765/3721/)

  [1310/2129] O > logitech g pro  (C:/1765/3722/)

  [1311/2129] O > royal canin  (C:/1765/3723/)

  [1312/2129] O > biker shorts  (C:/1765/3724/)

  [1313/2129] O > flare jeans  (C:/1765/3725/)

  [1314/2129] O > lenovo ideapad 5  (C:/1765/3726/)

  [1315/2129] O > memoria ram ddr4 8gb  (C:/1765/3727/)

  [1316/2129] O > usb 128gb  (C:/1765/3728/)

  [1317/2129] O > polo camisero hombre  (C:/1765/3729/)

  [1318/2129] O > trozos de madera nogal  (C:/1765/3730/)

  [1319/2129] O > libro de gravity falls  (C:/1765/3731/)

  [1320/2129] O > sweater mujer  (C:/1765/3732/)

  [1321/2129] O > flats mujer  (C:/1765/3733/)

  [1322/2129] O > camisas negras para hombre  (C:/1765/3734/)

  [1323/2129] O > tp link wifi  (C:/1765/3735/)

  [1324/2129] O > compresor de aire para auto  (C:/1765/3736/)

  [1325/2129] O > aspiradora de agua  (C:/1765/3737/)

  [1326/2129] O > rotomartillo inalambrico  (C:/1765/3738/)

  [1327/2129] O > maquina de coser portatil  (C:/1765/3739/)

  [1328/2129] O > zapatos charol mujer  (C:/1765/3740/)

  [1329/2129] O > vino rose semi seco  (C:/1765/3741/)
    vino rose semi seco                 | pág 1 | +7 → total: 7

  [1330/2129] O > camara xiaomi 360  (C:/1765/3742/)

  [1331/2129] O > accesorios nintendo switch  (C:/1765/3743/)

  [1332/2129] O > vitamina b12 mason  (C:/1765/3744/)

  [1333/2129] O > whisky jack daniels  (C:/1765/3745/)
    whisky jack daniels                 | pág 1 | +3 → total: 3

  [1334/2129] O > tangas mujer  (C:/1765/3746/)

  [1335/2129] O > ron cartavio  (C:/1765/3747/)
    ron cartavio                        | pág 1 | +17 → total: 17

  [1336/2129] O > pantalones cargo hombre  (C:/1765/3748/)

  [1337/2129] O > mocasines mujer  (C:/1765/3749/)

  [1338/2129] O > body mujer  (C:/1765/3750/)

  [1339/2129] O > disco duro solido  (C:/1765/3751/)

  [1340/2129] O > xiaomi 11 lite  (C:/1765/3752/)

  [1341/2129] O > adaptador universal  (C:/1765/3753/)

  [1342/2129] O > xiaomi mi 11  (C:/1765/3754/)

  [1343/2129] O > canguros para hombre  (C:/1765/3755/)

  [1344/2129] O > whisky gold label etiqueta dorada  (C:/1765/3756/)
    whisky gold label etiqueta dorada   | pág 1 | +1 → total: 1

  [1345/2129] O > audifonos headset  (C:/1765/3757/)

  [1346/2129] O > crema para aclarar la piel  (C:/1765/3758/)
    crema para aclarar la piel          | pág 1 | +1 → total: 1

  [1347/2129] O > crema de afeitar  (C:/1765/3765/)

  [1348/2129] O > jabon en barra  (C:/1765/3766/)

  [1349/2129] O > crema depilatoria facial  (C:/1765/3767/)

  [1350/2129] O > peinetas para el cabello  (C:/1765/3768/)

  [1351/2129] O > pinzas para el cabello  (C:/1765/3769/)

  [1352/2129] O > aderezo para pavo  (C:/1765/3770/)
    aderezo para pavo                   | pág 1 | +1 → total: 1

  [1353/2129] O > lechon  (C:/1765/3771/)

  [1354/2129] O > condon vibrador  (C:/1765/3772/)

  [1355/2129] O > condon con espuelas gents  (C:/1765/3773/)

  [1356/2129] O > gorro de bano  (C:/1765/3774/)

  [1357/2129] O > perfume lbel hombre  (C:/1765/3775/)

  [1358/2129] O > crema para peinar hombre  (C:/1765/3776/)
    crema para peinar hombre            | pág 1 | +16 → total: 16

  [1359/2129] O > afeitadora para mujer  (C:/1765/3793/)
    afeitadora para mujer               | pág 1 | +2 → total: 2

  [1360/2129] O > proteinas americanas  (C:/1765/3794/)

  [1361/2129] O > escobilla de bano  (C:/1765/3795/)
    escobilla de bano                   | pág 1 | +1 → total: 1

  [1362/2129] O > espejo de mano  (C:/1765/3796/)

  [1363/2129] O > colgate kids  (C:/1765/3797/)
    colgate kids                        | pág 1 | +6 → total: 6

  [1364/2129] O > condones con textura  (C:/1765/3798/)

  [1365/2129] O > camisa blanca mujer  (C:/1765/3799/)

  [1366/2129] O > creatina micronizada  (C:/1765/3800/)

  [1367/2129] O > acondicionador sin sal  (C:/1765/3801/)

  [1368/2129] O > gel de afeitar  (C:/1765/3802/)
    gel de afeitar                      | pág 1 | +3 → total: 3

  [1369/2129] O > tintes violetas para el cabello  (C:/1765/3803/)

  [1370/2129] O > perfumes avon hombre  (C:/1765/3804/)

  [1371/2129] O > perfumes avon mujer  (C:/1765/3805/)

  [1372/2129] O > gel para cabello rizado  (C:/1765/3806/)

  [1373/2129] O > pinzas para cejas  (C:/1765/3807/)

  [1374/2129] O > suplementos para crecer  (C:/1765/3808/)
    suplementos para crecer             | pág 1 | +1 → total: 1

  [1375/2129] O > carmines para el cabello  (C:/1765/3809/)

  [1376/2129] O > locion tonica facial  (C:/1765/3810/)

  [1377/2129] O > minoxidil  (C:/1765/3811/)

  [1378/2129] O > crema limpiadora facial  (C:/1765/3812/)

  [1379/2129] O > lector de codigo de barras  (C:/1765/4006/)

  [1380/2129] O > fidget toys  (C:/1765/4007/)

  [1381/2129] O > globos de cumpleanos  (C:/1765/4008/)

  [1382/2129] O > atomizador  (C:/1765/4009/)

  [1383/2129] O > megafono  (C:/1765/4010/)

  [1384/2129] O > tablets para ninos  (C:/1765/4011/)

  [1385/2129] O > tarjetas de video para pc  (C:/1765/4012/)

  [1386/2129] O > porta celular  (C:/1765/4013/)

  [1387/2129] O > tinta para impresora epson  (C:/1765/4014/)

  [1388/2129] O > tablet con chip  (C:/1765/4015/)

  [1389/2129] O > cargador inalambrico iPhone  (C:/1765/4016/)

  [1390/2129] O > iPhone 16  (C:/1765/4207/)

  [1391/2129] O > iPhone 16 Plus  (C:/1765/4208/)

  [1392/2129] O > iPhone 16 Pro  (C:/1765/4209/)

  [1393/2129] O > iPhone 16 Pro Max  (C:/1765/4210/)

  [1394/2129] O > cerveza corona  (C:/1765/4222/)

  [1395/2129] O > cerveza tres cruces  (C:/1765/4223/)

  [1396/2129] O > visa  (C:/1765/4246/)
    visa                                | pág 1 | +1 → total: 1

  [1397/2129] O > chocolate navideño  (C:/1765/4247/)
    chocolate navideño                  | pág 1 | +6 → total: 6

  [1398/2129] O > galletas navideñas  (C:/1765/4248/)

  [1399/2129] O > renos navideños  (C:/1765/4249/)

  [1400/2129] O > figuras navideñas  (C:/1765/4250/)

  [1401/2129] O > tortas navideñas  (C:/1765/4251/)

  [1402/2129] O > redmi note 14  (C:/1765/4258/)

  [1403/2129] O > redmi note 14 pro  (C:/1765/4259/)

  [1404/2129] O > redmi note 14 pro+  (C:/1765/4260/)

  [1405/2129] O > redmi a3x  (C:/1765/4261/)

  [1406/2129] O > samsung s25  (C:/1765/4262/)

  [1407/2129] O > samsung rs57  (C:/1765/4263/)

  [1408/2129] O > honor magic 7 lite  (C:/1765/4264/)

  [1409/2129] O > honor x7c  (C:/1765/4265/)

  [1410/2129] O > honor x8c  (C:/1765/4266/)

  [1411/2129] O > motorola g05  (C:/1765/4267/)

  [1412/2129] O > motorola g15  (C:/1765/4268/)

  [1413/2129] O > motorola g75  (C:/1765/4269/)

  [1414/2129] O > Nintendo Switch 2  (C:/1765/4280/)

  [1415/2129] O > iPhone 16e  (C:/1765/4315/)

  [1416/2129] O > iPhone 17  (C:/1765/4316/)

  [1417/2129] O > iPhone 17 Pro  (C:/1765/4317/)

  [1418/2129] O > iPhone 17 Pro Max  (C:/1765/4318/)

  [1419/2129] O > iPhone Air  (C:/1765/4319/)

  [1420/2129] O > decoración para halloween  (C:/1765/4320/)

  [1421/2129] O > Disfraz de merlina  (C:/1765/4321/)

  [1422/2129] O > Disfraz para bebés  (C:/1765/4322/)

  [1423/2129] O > Disfraz de disney  (C:/1765/4323/)

  [1424/2129] O > Disfraz inflable  (C:/1765/4324/)

  [1425/2129] O > Disfraces de terror  (C:/1765/4325/)

  [1426/2129] O > Disfraces para mascotas  (C:/1765/4326/)

  [1427/2129] O > Disfraces infantiles  (C:/1765/4327/)

  [1428/2129] O > Máscaras de Halloween  (C:/1765/4328/)

  [1429/2129] O > Máscaras de Halloween  (C:/1765/4329/)

  [1430/2129] O > Samsung Galaxy S26  (C:/1765/4337/)

  [1431/2129] O > Samsung Galaxy S26 Plus  (C:/1765/4338/)

  [1432/2129] O > Samsung Galaxy S26 Ultra  (C:/1765/4339/)

  [1433/2129] O > iPhone 17E  (C:/1765/4340/)

  [1434/2129] O > iPhone 8 Plus  (C:/1765/4341/)

  [1435/2129] O > iPhone 6s  (C:/1765/4342/)

  [1436/2129] O > iPhone 17 Air  (C:/1765/4343/)

  [1437/2129] M > televisores samsung  (C:/1767/1768/)

  [1438/2129] M > audífonos beats  (C:/1767/1771/)

  [1439/2129] M > gopro  (C:/1767/1772/)

  [1440/2129] M > laptops lenovo  (C:/1767/1773/)

  [1441/2129] M > refrigeradoras samsung  (C:/1767/1774/)
    refrigeradoras samsung              | pág 1 | +2 → total: 2

  [1442/2129] M > parlantes jbl  (C:/1767/1775/)

  [1443/2129] M > celulares huawei  (C:/1767/1776/)

  [1444/2129] M > celulares samsung  (C:/1767/1777/)

  [1445/2129] M > lavadoras samsung  (C:/1767/1778/)

  [1446/2129] M > zapatillas reebok  (C:/1767/1779/)

  [1447/2129] M > zapatillas skechers  (C:/1767/1780/)

  [1448/2129] M > zapatillas vans  (C:/1767/1781/)

  [1449/2129] M > zapatillas nike  (C:/1767/1782/)

  [1450/2129] M > audífonos jbl  (C:/1767/1783/)

  [1451/2129] M > zapatillas adidas  (C:/1767/1784/)

  [1452/2129] M > colchones paraiso  (C:/1767/1785/)

  [1453/2129] M > audífonos samsung  (C:/1767/1786/)

  [1454/2129] M > cocinas bosch  (C:/1767/1787/)

  [1455/2129] M > amazon alexa  (C:/1767/1788/)

  [1456/2129] M > impresoras epson  (C:/1767/1789/)

  [1457/2129] M > colchones el cisne  (C:/1767/1790/)

  [1458/2129] M > laptops apple  (C:/1767/1791/)

  [1459/2129] M > zapatillas caterpillar  (C:/1767/1792/)

  [1460/2129] M > laptops hp  (C:/1767/1793/)

  [1461/2129] M > cafeteras oster  (C:/1767/1794/)

  [1462/2129] M > tablets samsung  (C:/1767/1795/)

  [1463/2129] M > cocinas indurama  (C:/1767/1796/)
    cocinas indurama                    | pág 1 | +2 → total: 2

  [1464/2129] M > escritorios promart  (C:/1767/1797/)

  [1465/2129] M > zapatillas puma  (C:/1767/1798/)

  [1466/2129] M > licuadoras oster  (C:/1767/1799/)
    licuadoras oster                    | pág 1 | +4 → total: 4

  [1467/2129] M > zapatillas converse  (C:/1767/1800/)

  [1468/2129] M > laptops asus  (C:/1767/1801/)

  [1469/2129] M > google home mini  (C:/1767/1802/)

  [1470/2129] M > tablets lenovo  (C:/1767/1803/)

  [1471/2129] M > audífonos skullcandy  (C:/1767/1805/)

  [1472/2129] M > audífonos sony  (C:/1767/1806/)

  [1473/2129] M > audífonos xiaomi  (C:/1767/1807/)

  [1474/2129] M > celulares xiaomi  (C:/1767/1808/)

  [1475/2129] M > impresoras hp  (C:/1767/1809/)

  [1476/2129] M > lavadoras lg  (C:/1767/1810/)

  [1477/2129] M > refrigeradoras lg  (C:/1767/1811/)

  [1478/2129] M > impresoras brother  (C:/1767/1812/)

  [1479/2129] M > impresoras canon  (C:/1767/1813/)

  [1480/2129] M > hornos microondas samsung  (C:/1767/1826/)

  [1481/2129] M > parlantes bose  (C:/1767/1827/)

  [1482/2129] M > parlantes sony  (C:/1767/1828/)

  [1483/2129] M > tablets huawei  (C:/1767/1829/)

  [1484/2129] M > audífonos logitech  (C:/1767/1830/)

  [1485/2129] M > cámaras canon  (C:/1767/1831/)

  [1486/2129] M > cámaras canon  (C:/1767/1832/)

  [1487/2129] M > celulares moto  (C:/1767/1833/)

  [1488/2129] M > colchones forli  (C:/1767/1885/)

  [1489/2129] M > laptops dell  (C:/1767/1886/)

  [1490/2129] M > llantas goodyear  (C:/1767/1887/)

  [1491/2129] M > refrigeradoras indurama  (C:/1767/1888/)

  [1492/2129] M > audífonos huawei  (C:/1767/1889/)

  [1493/2129] M > celulares lg  (C:/1767/1890/)

  [1494/2129] M > telefonos sky  (C:/1767/1891/)

  [1495/2129] M > llantas michelin  (C:/1767/1892/)

  [1496/2129] M > refrigeradores mabe  (C:/1767/1893/)

  [1497/2129] M > tabletas gráficas wacom  (C:/1767/1894/)

  [1498/2129] M > tablets apple  (C:/1767/1895/)

  [1499/2129] M > televisores hyundai  (C:/1767/1896/)

  [1500/2129] M > audífonos akg  (C:/1767/1897/)

  [1501/2129] M > audífonos hyperx  (C:/1767/1898/)

  [1502/2129] M > audífonos razer  (C:/1767/1899/)

  [1503/2129] M > cámaras sony  (C:/1767/1900/)

  [1504/2129] M > celulares poco  (C:/1767/1901/)

  [1505/2129] M > celulares honor  (C:/1767/1902/)

  [1506/2129] M > celulares vivo  (C:/1767/1903/)

  [1507/2129] M > cocinas coldex  (C:/1767/1904/)

  [1508/2129] M > cocinas samsung  (C:/1767/1905/)

  [1509/2129] M > laptops msi  (C:/1767/1906/)

  [1510/2129] M > licuadoras thomas  (C:/1767/1907/)
    licuadoras thomas                   | pág 1 | +2 → total: 2

  [1511/2129] M > parlantes lg  (C:/1767/1908/)

  [1512/2129] M > echo dot  (C:/1767/1909/)

  [1513/2129] M > refrigeradoras bosch  (C:/1767/1910/)

  [1514/2129] M > refrigeradoras daewoo  (C:/1767/1911/)

  [1515/2129] M > televisores miray  (C:/1767/1912/)

  [1516/2129] M > tv hisense  (C:/1767/1913/)

  [1517/2129] M > zapatillas gzuck  (C:/1767/1914/)

  [1518/2129] M > televisores lg  (C:/1767/1915/)

  [1519/2129] M > televisores xiaomi  (C:/1767/1916/)

  [1520/2129] M > audífonos apple  (C:/1767/1917/)

  [1521/2129] M > audífonos philips  (C:/1767/1918/)

  [1522/2129] M > cafeteras dolce gusto  (C:/1767/1919/)

  [1523/2129] M > celulares motorola  (C:/1767/1920/)

  [1524/2129] M > laptops samsung  (C:/1767/1921/)

  [1525/2129] M > laptops toshiba  (C:/1767/1922/)

  [1526/2129] M > refrigeradoras electrolux  (C:/1767/1923/)
    refrigeradoras electrolux           | pág 1 | +1 → total: 1

  [1527/2129] M > zapatillas umbro  (C:/1767/1924/)

  [1528/2129] M > audífonos bose  (C:/1767/1925/)

  [1529/2129] M > celulares zte  (C:/1767/1926/)

  [1530/2129] M > zapatillas under armour  (C:/1767/1927/)

  [1531/2129] M > cocinas electrolux  (C:/1767/1928/)

  [1532/2129] M > cocinas mabe  (C:/1767/1929/)

  [1533/2129] M > cocinas sole  (C:/1767/1930/)

  [1534/2129] M > colchones drimer  (C:/1767/1931/)
    colchones drimer                    | pág 1 | +1 → total: 1

  [1535/2129] M > licuadoras imaco  (C:/1767/1932/)
    licuadoras imaco                    | pág 1 | +1 → total: 1

  [1536/2129] M > tablets advance  (C:/1767/1933/)

  [1537/2129] M > televisor aoc  (C:/1767/1934/)

  [1538/2129] M > frigobareses electrolux  (C:/1767/1935/)

  [1539/2129] M > hornos microondas lg  (C:/1767/1936/)

  [1540/2129] M > hornos microondas oster  (C:/1767/1937/)
    hornos microondas oster             | pág 1 | +2 → total: 2

  [1541/2129] M > parlantes micronics  (C:/1767/1938/)

  [1542/2129] M > zapatillas hypnotic  (C:/1767/1939/)

  [1543/2129] M > zapatillas olympikus  (C:/1767/1940/)

  [1544/2129] M > audífonos lenovo  (C:/1767/1941/)

  [1545/2129] M > audífonos panasonic  (C:/1767/1942/)

  [1546/2129] M > celulares realme  (C:/1767/1943/)

  [1547/2129] M > cocinas klimatic  (C:/1767/1944/)

  [1548/2129] M > cocinas lg  (C:/1767/1945/)

  [1549/2129] M > licuadoras bosch  (C:/1767/1946/)

  [1550/2129] M > parlantes huawei  (C:/1767/1947/)

  [1551/2129] M > televisores bgh  (C:/1767/1948/)

  [1552/2129] M > televisores jvc  (C:/1767/1949/)

  [1553/2129] M > televisores sony  (C:/1767/1950/)

  [1554/2129] M > zapatillas venus  (C:/1767/1951/)

  [1555/2129] M > aire acondicionado york  (C:/1767/1952/)

  [1556/2129] M > audífonos sennheiser  (C:/1767/1953/)

  [1557/2129] M > audífonos motorola  (C:/1767/1954/)

  [1558/2129] M > celulares apple  (C:/1767/1955/)

  [1559/2129] M > cámaras nikon  (C:/1767/1956/)

  [1560/2129] M > celulares sony  (C:/1767/1957/)

  [1561/2129] M > hervidores eléctricos oster  (C:/1767/1958/)
    hervidores eléctricos oster         | pág 1 | +2 → total: 2

  [1562/2129] M > lavadoras daewoo  (C:/1767/1959/)

  [1563/2129] M > lavadoras mabe  (C:/1767/1960/)

  [1564/2129] M > llantas continental  (C:/1767/1961/)

  [1565/2129] M > parlantes logitech  (C:/1767/1962/)

  [1566/2129] M > parlantes xiaomi  (C:/1767/1963/)

  [1567/2129] M > celulares nokia  (C:/1767/1964/)

  [1568/2129] M > laptops acer  (C:/1767/1965/)

  [1569/2129] M > llantas bridgestone  (C:/1767/1966/)

  [1570/2129] M > llantas dunlop  (C:/1767/1967/)

  [1571/2129] M > llantas pirelli  (C:/1767/1968/)

  [1572/2129] M > parlantes halion  (C:/1767/1969/)

  [1573/2129] M > zapatillas r18  (C:/1767/1970/)

  [1574/2129] M > cámaras polaroid  (C:/1767/1971/)

  [1575/2129] M > celulares caterpillar  (C:/1767/1972/)

  [1576/2129] M > lavadoras whirlpool  (C:/1767/1973/)

  [1577/2129] M > parlantes tronsmart  (C:/1767/1974/)

  [1578/2129] M > televisores philips  (C:/1767/1975/)

  [1579/2129] M > ventiladores xiaomi  (C:/1767/1976/)

  [1580/2129] M > all in one hp  (C:/1767/1977/)

  [1581/2129] M > all in one lenovo  (C:/1767/1978/)

  [1582/2129] M > audífonos halion  (C:/1767/1979/)

  [1583/2129] M > audífonos redragon  (C:/1767/1980/)

  [1584/2129] M > cafeteras nescafé  (C:/1767/1981/)

  [1585/2129] M > celulares htc  (C:/1767/1982/)

  [1586/2129] M > batidora planetaria oster  (C:/1767/1983/)

  [1587/2129] M > cafetera oster prima latte  (C:/1767/1984/)

  [1588/2129] M > plancha a vapor oster  (C:/1767/1985/)
    plancha a vapor oster               | pág 1 | +1 → total: 1

  [1589/2129] M > procesador de alimentos oster  (C:/1767/1986/)

  [1590/2129] M > exprimidor de naranja oster  (C:/1767/1987/)

  [1591/2129] M > sandwichera oster  (C:/1767/1988/)

  [1592/2129] M > vaporizador oster  (C:/1767/1989/)

  [1593/2129] M > frigobares oster  (C:/1767/1990/)
    frigobares oster                    | pág 1 | +3 → total: 3

  [1594/2129] M > batidora de inmersion oster  (C:/1767/1991/)

  [1595/2129] M > multiolla oster  (C:/1767/1992/)

  [1596/2129] M > olla multiuso oster  (C:/1767/1993/)

  [1597/2129] M > combo oster  (C:/1767/1994/)

  [1598/2129] M > licuadora profesional oster  (C:/1767/1995/)

  [1599/2129] M > parrilla electrica oster  (C:/1767/1996/)

  [1600/2129] M > repuestos oster  (C:/1767/1997/)

  [1601/2129] M > tosty arepa oster  (C:/1767/1998/)

  [1602/2129] M > vaporera oster  (C:/1767/1999/)

  [1603/2129] M > horno con freidora de aire oster  (C:/1767/2000/)

  [1604/2129] M > horno tostador oster  (C:/1767/2001/)

  [1605/2129] M > batidora oster pedestal  (C:/1767/2002/)

  [1606/2129] M > licuadora oster pica hielo  (C:/1767/2003/)

  [1607/2129] M > horno microondas oster  (C:/1767/2004/)
    horno microondas oster              | pág 1 | +2 → total: 2

  [1608/2129] M > olla arrocera multifuncion oster  (C:/1767/2005/)

  [1609/2129] M > licuadora personal oster  (C:/1767/2006/)

  [1610/2129] M > repuestos licuadora oster  (C:/1767/2007/)

  [1611/2129] M > termo hervidor oster  (C:/1767/2008/)
    termo hervidor oster                | pág 1 | +2 → total: 2

  [1612/2129] M > refrigeradoras oster  (C:/1767/2009/)

  [1613/2129] M > ventiladores oster  (C:/1767/2010/)

  [1614/2129] M > cocinas oster  (C:/1767/2011/)

  [1615/2129] M > batidora de pedestal oster  (C:/1767/2012/)

  [1616/2129] M > licuadora portatil oster  (C:/1767/2013/)

  [1617/2129] M > cuchilla de licuadora oster  (C:/1767/2014/)

  [1618/2129] M > dispensador de agua oster  (C:/1767/2015/)

  [1619/2129] M > exprimidor oster  (C:/1767/2016/)

  [1620/2129] M > freidora de aire oster  (C:/1767/2017/)

  [1621/2129] M > olla arrocera oster  (C:/1767/2018/)

  [1622/2129] M > batidora oster  (C:/1767/2019/)
    batidora oster                      | pág 1 | +1 → total: 1

  [1623/2129] M > waflera oster  (C:/1767/2020/)

  [1624/2129] M > extractor de jugos oster  (C:/1767/2021/)
    extractor de jugos oster            | pág 1 | +2 → total: 2

  [1625/2129] M > horno electrico oster  (C:/1767/2022/)

  [1626/2129] M > licuadora oster xpert  (C:/1767/2023/)
    licuadora oster xpert               | pág 1 | +4 → total: 4

  [1627/2129] M > plancha oster  (C:/1767/2024/)
    plancha oster                       | pág 1 | +2 → total: 2

  [1628/2129] M > olla a presion oster  (C:/1767/2025/)

  [1629/2129] M > olla multifuncional oster  (C:/1767/2026/)

  [1630/2129] M > vaso de licuadora oster  (C:/1767/2027/)

  [1631/2129] M > batidora de mano oster  (C:/1767/2028/)
    batidora de mano oster              | pág 1 | +1 → total: 1

  [1632/2129] M > oster  (C:/1767/2029/)
    oster                               | pág 1 | +16 → total: 16

  [1633/2129] M > licuadora de mano oster  (C:/1767/2030/)
    licuadora de mano oster             | pág 1 | +4 → total: 4

  [1634/2129] M > olla arrocera multiusos oster  (C:/1767/2031/)

  [1635/2129] M > exprimidor de citricos oster  (C:/1767/2032/)

  [1636/2129] M > procesador oster  (C:/1767/2033/)

  [1637/2129] M > mini licuadora oster  (C:/1767/2034/)

  [1638/2129] M > molinillo de cafe oster  (C:/1767/2035/)

  [1639/2129] M > maquinas de afeitar gillette  (C:/1767/2430/)
    maquinas de afeitar gillette        | pág 1 | +12 → total: 12

  [1640/2129] M > carolina herrera perfume  (C:/1767/2431/)

  [1641/2129] M > toallas higienicas nosotras  (C:/1767/2432/)
    toallas higienicas nosotras         | pág 1 | +5 → total: 5

  [1642/2129] M > suplemento deportivo universe nutrition  (C:/1767/2433/)

  [1643/2129] M > bloqueador nivea  (C:/1767/2434/)

  [1644/2129] M > shampoo herbal essences  (C:/1767/2435/)
    shampoo herbal essences             | pág 1 | +6 → total: 6

  [1645/2129] M > crema depilatoria veet  (C:/1767/2436/)

  [1646/2129] M > tampones nosotras  (C:/1767/2437/)

  [1647/2129] M > bloqueador neutrogena  (C:/1767/2438/)

  [1648/2129] M > lubricante durex  (C:/1767/2439/)

  [1649/2129] M > vitaminas centrum  (C:/1767/2463/)

  [1650/2129] M > suplemento nutricional ensure  (C:/1767/2464/)
    suplemento nutricional ensure       | pág 1 | +3 → total: 3

  [1651/2129] M > suplemento nutricional pediasure  (C:/1767/2465/)

  [1652/2129] M > bloqueador la roche posay  (C:/1767/2466/)

  [1653/2129] M > suplemento nutricional ronnie coleman  (C:/1767/2467/)

  [1654/2129] M > condones durex  (C:/1767/2468/)

  [1655/2129] M > condones piel  (C:/1767/2469/)

  [1656/2129] M > suplemento nutricional ciruelax  (C:/1767/2470/)

  [1657/2129] M > suplemento nutricional geriaplus  (C:/1767/2471/)

  [1658/2129] M > carteras michael kors  (C:/1767/2771/)

  [1659/2129] M > rimel maybelline  (C:/1767/2806/)

  [1660/2129] M > reloj guess hombre  (C:/1767/2807/)

  [1661/2129] M > reloj guess mujer  (C:/1767/2808/)

  [1662/2129] M > relojes bulova  (C:/1767/2809/)

  [1663/2129] M > relojes skmei  (C:/1767/2810/)

  [1664/2129] M > relojes huawei  (C:/1767/2811/)

  [1665/2129] M > labial maybelline  (C:/1767/2812/)

  [1666/2129] M > mochila jansport  (C:/1767/2813/)

  [1667/2129] M > mochilas crepier  (C:/1767/2814/)

  [1668/2129] M > reloj casio hombre  (C:/1767/2815/)

  [1669/2129] M > reloj casio mujer  (C:/1767/2816/)

  [1670/2129] M > reloj michael kors  (C:/1767/2818/)

  [1671/2129] M > relojes fossil  (C:/1767/2821/)

  [1672/2129] M > relojes g shock  (C:/1767/2824/)

  [1673/2129] M > relojes guess  (C:/1767/2827/)

  [1674/2129] M > relojes citizen  (C:/1767/2828/)

  [1675/2129] M > relojes diesel  (C:/1767/2829/)

  [1676/2129] M > relojes curren  (C:/1767/2830/)

  [1677/2129] M > mochilas billabong  (C:/1767/2831/)

  [1678/2129] M > carteras tommy hilfiger  (C:/1767/2832/)

  [1679/2129] M > rimel esika  (C:/1767/2833/)

  [1680/2129] M > reloj fossil hombre  (C:/1767/2834/)

  [1681/2129] M > relojes xiaomi  (C:/1767/2835/)

  [1682/2129] M > mochilas porta  (C:/1767/2836/)

  [1683/2129] M > relojes casio  (C:/1767/2837/)

  [1684/2129] M > billetera renzo costa hombre  (C:/1767/2838/)

  [1685/2129] M > mochilas kawaii  (C:/1767/2839/)

  [1686/2129] M > relojes invicta  (C:/1767/2840/)

  [1687/2129] M > carteras renzo costa  (C:/1767/2841/)

  [1688/2129] M > mochila adidas  (C:/1767/2842/)

  [1689/2129] M > mochilas xtrem  (C:/1767/2843/)

  [1690/2129] M > reloj tommy hilfiger hombre  (C:/1767/2844/)

  [1691/2129] M > perfume carolina herrera mujer  (C:/1767/2845/)

  [1692/2129] M > relojes seiko  (C:/1767/2846/)

  [1693/2129] M > labial nivea  (C:/1767/2847/)

  [1694/2129] M > mochila nike  (C:/1767/2848/)

  [1695/2129] M > reloj invicta hombre  (C:/1767/2883/)

  [1696/2129] M > limpiador facial cerave  (C:/1767/2884/)

  [1697/2129] M > perfume carolina herrera hombre  (C:/1767/2885/)

  [1698/2129] M > perfume hugo boss hombre  (C:/1767/2886/)

  [1699/2129] M > perfume versace hombre  (C:/1767/2887/)

  [1700/2129] M > contorno de ojos neutrogena  (C:/1767/2888/)
    contorno de ojos neutrogena         | pág 1 | +1 → total: 1

  [1701/2129] M > contorno de ojos cicatricure  (C:/1767/2889/)

  [1702/2129] M > relojes tommy hilfiger  (C:/1767/2890/)

  [1703/2129] M > mochila samsonite  (C:/1767/2891/)

  [1704/2129] M > mochilas nike hombre  (C:/1767/2892/)

  [1705/2129] M > carteras prada  (C:/1767/2893/)

  [1706/2129] M > perfume calvin klein hombre  (C:/1767/2894/)

  [1707/2129] M > perfume dior hombre  (C:/1767/2895/)

  [1708/2129] M > perfume paco rabanne hombre  (C:/1767/2896/)

  [1709/2129] M > perfumes esika hombre  (C:/1767/2897/)

  [1710/2129] M > contorno de ojos la roche-posay  (C:/1767/2898/)

  [1711/2129] M > relojes timex  (C:/1767/2899/)

  [1712/2129] M > esmaltes vogue  (C:/1767/2900/)

  [1713/2129] M > relojes boselli  (C:/1767/2901/)

  [1714/2129] M > relojes naviforce  (C:/1767/2902/)

  [1715/2129] M > relojes cat  (C:/1767/2903/)

  [1716/2129] M > mochilas victorinox  (C:/1767/2904/)

  [1717/2129] M > mochilas tommy hilfiger  (C:/1767/2905/)

  [1718/2129] M > mochila guess  (C:/1767/2906/)

  [1719/2129] M > cartera guess mujer  (C:/1767/2907/)

  [1720/2129] M > mochila scool  (C:/1767/2908/)

  [1721/2129] M > mochila puma  (C:/1767/2909/)

  [1722/2129] M > mochilas xiaomi  (C:/1767/2910/)

  [1723/2129] M > mochilas targus  (C:/1767/2911/)

  [1724/2129] M > billetera guess hombre  (C:/1767/2912/)

  [1725/2129] M > billetera tommy hilfiger hombre  (C:/1767/2913/)

  [1726/2129] M > reloj fossil mujer  (C:/1767/2914/)

  [1727/2129] M > limpiador facial la roche posay  (C:/1767/2925/)

  [1728/2129] M > limpiador facial la roche posay  (C:/1767/2995/)

  [1729/2129] M > limpiador facial ponds  (C:/1767/2996/)
    limpiador facial ponds              | pág 1 | +2 → total: 2

  [1730/2129] M > perfume calvin klein mujer  (C:/1767/2997/)

  [1731/2129] M > mochila reebok  (C:/1767/2998/)

  [1732/2129] M > lentes de sol oakley  (C:/1767/2999/)

  [1733/2129] M > reloj swatch hombre  (C:/1767/3000/)

  [1734/2129] M > reloj tommy hilfiger mujer  (C:/1767/3001/)

  [1735/2129] M > perfume versace mujer  (C:/1767/3002/)

  [1736/2129] M > perfumes esika mujer  (C:/1767/3003/)

  [1737/2129] M > cerave  (C:/1767/3153/)

  [1738/2129] M > colgate  (C:/1767/3154/)
    colgate                             | pág 1 | +34 → total: 34

  [1739/2129] M > old spice  (C:/1767/3155/)

  [1740/2129] M > GNC  (C:/1767/3156/)

  [1741/2129] M > kotex  (C:/1767/3157/)

  [1742/2129] M > mutant mass  (C:/1767/3158/)

  [1743/2129] M > shampoo h&s  (C:/1767/3159/)

  [1744/2129] M > shampoo pantene  (C:/1767/3160/)

  [1745/2129] M > shampoo tio nacho  (C:/1767/3161/)

  [1746/2129] M > cepillo vitis  (C:/1767/3162/)

  [1747/2129] M > Peru Nutrition  (C:/1767/3238/)

  [1748/2129] M > un proteinas  (C:/1767/3239/)

  [1749/2129] M > garnier fructis shampoo  (C:/1767/3240/)
    garnier fructis shampoo             | pág 1 | +5 → total: 5

  [1750/2129] M > savital shampoo  (C:/1767/3241/)
    savital shampoo                     | pág 1 | +1 → total: 1

  [1751/2129] M > shampoo elvive  (C:/1767/3242/)
    shampoo elvive                      | pág 1 | +7 → total: 7

  [1752/2129] M > enjuague bucal vitis  (C:/1767/3243/)

  [1753/2129] M > perfumes esika  (C:/1767/3244/)

  [1754/2129] M > bloqueador bahia  (C:/1767/3245/)

  [1755/2129] M > pasta dental vitis  (C:/1767/3246/)

  [1756/2129] M > jabon intimo nosotras  (C:/1767/3247/)

  [1757/2129] M > motos honda  (C:/1767/3319/)

  [1758/2129] M > motos bajaj  (C:/1767/3320/)

  [1759/2129] M > motos tvs  (C:/1767/3331/)

  [1760/2129] M > motos mavila  (C:/1767/3332/)

  [1761/2129] M > motos ssenda  (C:/1767/3333/)

  [1762/2129] M > motos zongshen  (C:/1767/3334/)

  [1763/2129] M > motos hero  (C:/1767/3335/)

  [1764/2129] M > motos benelli  (C:/1767/3336/)

  [1765/2129] M > fitfem  (C:/1767/3553/)

  [1766/2129] M > colageno mujer aguaje  (C:/1767/3554/)

  [1767/2129] M > winner nutrition  (C:/1767/3555/)

  [1768/2129] M > crema corporal nivea  (C:/1767/3556/)
    crema corporal nivea                | pág 1 | +4 → total: 4

  [1769/2129] M > desodorante dove mujer  (C:/1767/3557/)
    desodorante dove mujer              | pág 1 | +7 → total: 7

  [1770/2129] M > relojes royal london  (C:/1767/3558/)

  [1771/2129] M > collares tous  (C:/1767/3559/)

  [1772/2129] M > reloj michael kors hombre  (C:/1767/3560/)

  [1773/2129] M > rimel essence  (C:/1767/3561/)

  [1774/2129] M > exfoliante eucerin  (C:/1767/3562/)

  [1775/2129] M > perfume musk hombre  (C:/1767/3563/)

  [1776/2129] M > panales prudential  (C:/1767/3564/)
    panales prudential                  | pág 1 | +2 → total: 2

  [1777/2129] M > hilo dental colgate  (C:/1767/3565/)

  [1778/2129] M > crema lechuga  (C:/1767/3566/)

  [1779/2129] M > gel de ducha nivea  (C:/1767/3567/)

  [1780/2129] M > colonia antonio banderas  (C:/1767/3568/)

  [1781/2129] M > desmaquillante garnier  (C:/1767/3569/)
    desmaquillante garnier              | pág 1 | +3 → total: 3

  [1782/2129] M > hilo dental johnson  (C:/1767/3570/)

  [1783/2129] M > hilo dental vitis  (C:/1767/3571/)

  [1784/2129] M > kativa shampoo y acondicionador  (C:/1767/3572/)
    kativa shampoo y acondicionador     | pág 1 | +8 → total: 8

  [1785/2129] M > enjuague bucal dento  (C:/1767/3573/)
    enjuague bucal dento                | pág 1 | +3 → total: 3

  [1786/2129] M > oral b pasta dental  (C:/1767/3574/)
    oral b pasta dental                 | pág 1 | +7 → total: 7

  [1787/2129] M > pasta dental sensodyne  (C:/1767/3575/)

  [1788/2129] M > repelente floresta  (C:/1767/3576/)

  [1789/2129] M > perfume nina ricci  (C:/1767/3577/)

  [1790/2129] M > crema para peinar elvive  (C:/1767/3578/)
    crema para peinar elvive            | pág 1 | +3 → total: 3

  [1791/2129] M > crema lea  (C:/1767/3579/)

  [1792/2129] M > Solgar  (C:/1767/3580/)

  [1793/2129] M > gel de bano isdin  (C:/1767/3581/)

  [1794/2129] M > vitamina dayamineral  (C:/1767/3582/)

  [1795/2129] M > colonia jean nate  (C:/1767/3583/)

  [1796/2129] M > protectores diarios nosotras  (C:/1767/3584/)
    protectores diarios nosotras        | pág 1 | +2 → total: 2

  [1797/2129] M > suplemento deportivo muscletech  (C:/1767/3585/)

  [1798/2129] M > desodorante rexona  (C:/1767/3586/)
    desodorante rexona                  | pág 1 | +20 → total: 20

  [1799/2129] M > condones gents  (C:/1767/3587/)

  [1800/2129] M > desodorante dove  (C:/1767/3588/)
    desodorante dove                    | pág 1 | +11 → total: 11

  [1801/2129] M > suplemento nutricional optimum nutrition  (C:/1767/3589/)

  [1802/2129] M > tampones tampax  (C:/1767/3590/)

  [1803/2129] M > toallas higienicas always  (C:/1767/3591/)
    toallas higienicas always           | pág 1 | +2 → total: 2

  [1804/2129] M > jabon intimo lactacyd  (C:/1767/3592/)

  [1805/2129] M > tinte igora  (C:/1767/3593/)

  [1806/2129] M > desodorante secret  (C:/1767/3594/)

  [1807/2129] M > lentes de sol ray ban hombre  (C:/1767/3595/)

  [1808/2129] M > esmaltes masglo  (C:/1767/3596/)

  [1809/2129] M > suplemento nutricional ultimate nutrition  (C:/1767/3597/)

  [1810/2129] M > maquina de afeitar schick  (C:/1767/3598/)
    maquina de afeitar schick           | pág 1 | +7 → total: 7

  [1811/2129] M > panales secos  (C:/1767/3599/)

  [1812/2129] M > toallas higienicas ladysoft  (C:/1767/3600/)
    toallas higienicas ladysoft         | pág 1 | +3 → total: 3

  [1813/2129] M > cepillo colgate  (C:/1767/3601/)
    cepillo colgate                     | pág 1 | +17 → total: 17

  [1814/2129] M > cepillo oral b  (C:/1767/3602/)
    cepillo oral b                      | pág 1 | +14 → total: 14

  [1815/2129] M > perfume benetton mujer  (C:/1767/3603/)

  [1816/2129] M > perfume guess mujer  (C:/1767/3604/)

  [1817/2129] M > condones five  (C:/1767/3605/)

  [1818/2129] M > swanson  (C:/1767/3606/)

  [1819/2129] M > panales cotidian  (C:/1767/3607/)
    panales cotidian                    | pág 1 | +4 → total: 4

  [1820/2129] M > bloqueador loreal  (C:/1767/3608/)

  [1821/2129] M > crema para peinar sedal  (C:/1767/3609/)
    crema para peinar sedal             | pág 1 | +3 → total: 3

  [1822/2129] M > acondicionador dove  (C:/1767/3610/)
    acondicionador dove                 | pág 1 | +1 → total: 1

  [1823/2129] M > Pharmatech  (C:/1767/3611/)

  [1824/2129] M > anillos swarovski  (C:/1767/3612/)

  [1825/2129] M > desodorante axe hombre  (C:/1767/3613/)
    desodorante axe hombre              | pág 1 | +6 → total: 6

  [1826/2129] M > dento pasta dental  (C:/1767/3614/)
    dento pasta dental                  | pág 1 | +3 → total: 3

  [1827/2129] M > desodorante nivea hombre  (C:/1767/3615/)
    desodorante nivea hombre            | pág 1 | +10 → total: 10

  [1828/2129] M > desodorante rexona mujer  (C:/1767/3616/)
    desodorante rexona mujer            | pág 1 | +9 → total: 9

  [1829/2129] M > enjuague bucal listerine  (C:/1767/3617/)
    enjuague bucal listerine            | pág 1 | +13 → total: 13

  [1830/2129] M > heno de pravia colonia  (C:/1767/3618/)
    heno de pravia colonia              | pág 1 | +5 → total: 5

  [1831/2129] M > hilo dental oral b  (C:/1767/3619/)
    hilo dental oral b                  | pág 1 | +21 → total: 21

  [1832/2129] M > jabon liquido dove  (C:/1767/3620/)
    jabon liquido dove                  | pág 1 | +12 → total: 12

  [1833/2129] M > relojes skechers  (C:/1767/3621/)

  [1834/2129] M > crema para peinar pantene  (C:/1767/3622/)
    crema para peinar pantene           | pág 1 | +2 → total: 2

  [1835/2129] M > givenchy perfume  (C:/1767/3623/)

  [1836/2129] M > mochila columbia  (C:/1767/3624/)

  [1837/2129] M > mochilas himawari  (C:/1767/3625/)

  [1838/2129] M > practipanal plenitud  (C:/1767/3626/)
    practipanal plenitud                | pág 1 | +9 → total: 9

  [1839/2129] M > relojes aerostar  (C:/1767/3627/)

  [1840/2129] M > relojes ewtto  (C:/1767/3628/)

  [1841/2129] M > suplementos ultimate nutrition  (C:/1767/3629/)

  [1842/2129] M > giorgio armani perfume  (C:/1767/3630/)

  [1843/2129] M > Demolitor  (C:/1767/3631/)

  [1844/2129] M > Folic acid  (C:/1767/3632/)

  [1845/2129] M > Piruw  (C:/1767/3633/)

  [1846/2129] M > desodorante dove hombre  (C:/1767/3634/)
    desodorante dove hombre             | pág 1 | +4 → total: 4

  [1847/2129] M > crema hidratante nivea para cara  (C:/1767/3635/)
    crema hidratante nivea para cara    | pág 1 | +1 → total: 1

  [1848/2129] M > acondicionador elvive  (C:/1767/3636/)
    acondicionador elvive               | pág 1 | +6 → total: 6

  [1849/2129] M > acondicionador kativa  (C:/1767/3637/)
    acondicionador kativa               | pág 1 | +4 → total: 4

  [1850/2129] M > acondicionador sedal  (C:/1767/3638/)
    acondicionador sedal                | pág 1 | +3 → total: 3

  [1851/2129] M > acondicionador tio nacho  (C:/1767/3639/)

  [1852/2129] M > espuma de afeitar gillette  (C:/1767/3640/)
    espuma de afeitar gillette          | pág 1 | +3 → total: 3

  [1853/2129] M > cepillo pro  (C:/1767/3641/)
    cepillo pro                         | pág 1 | +2 → total: 2

  [1854/2129] M > perfumes de avon  (C:/1767/3642/)

  [1855/2129] M > crema para peinar herbal essences  (C:/1767/3643/)
    crema para peinar herbal essences   | pág 1 | +2 → total: 2

  [1856/2129] M > protectores diarios kotex  (C:/1767/3644/)

  [1857/2129] M > afeitadoras venus  (C:/1767/3681/)
    afeitadoras venus                   | pág 1 | +7 → total: 7

  [1858/2129] M > proteina nitro whey  (C:/1767/3682/)

  [1859/2129] M > jabon liquido ballerina  (C:/1767/3683/)
    jabon liquido ballerina             | pág 1 | +2 → total: 2

  [1860/2129] M > jabon liquido palmolive  (C:/1767/3684/)
    jabon liquido palmolive             | pág 1 | +1 → total: 1

  [1861/2129] M > jabon protex liquido  (C:/1767/3685/)

  [1862/2129] M > bloqueador cell skin  (C:/1767/3686/)

  [1863/2129] M > acondicionador tresemme  (C:/1767/3687/)

  [1864/2129] M > enjuague bucal oral b  (C:/1767/3688/)

  [1865/2129] M > depile crema depilatoria  (C:/1767/3689/)

  [1866/2129] M > perfume prada  (C:/1767/3690/)

  [1867/2129] M > crema para peinar savital  (C:/1767/3691/)
    crema para peinar savital           | pág 1 | +3 → total: 3

  [1868/2129] M > gel de bano babaria  (C:/1767/3692/)

  [1869/2129] M > spring flowers colonia  (C:/1767/3693/)

  [1870/2129] M > acondicionador herbal essences  (C:/1767/3694/)
    acondicionador herbal essences      | pág 1 | +6 → total: 6

  [1871/2129] M > konzil acondicionador  (C:/1767/3695/)
    konzil acondicionador               | pág 1 | +2 → total: 2

  [1872/2129] M > talco para pies rexona  (C:/1767/3696/)

  [1873/2129] M > vitaminas redoxon  (C:/1767/3697/)

  [1874/2129] M > enjuague bucal colgate  (C:/1767/3813/)

  [1875/2129] M > toallas higienicas kotex  (C:/1767/3814/)

  [1876/2129] M > pasta dental colgate  (C:/1767/3815/)

  [1877/2129] M > crema para peinar skala  (C:/1767/3816/)

  [1878/2129] M > perfume blue hombre  (C:/1767/3817/)

  [1879/2129] M > perfume chanel hombre  (C:/1767/3818/)

  [1880/2129] M > suplementos applied nutrition  (C:/1767/3819/)

  [1881/2129] M > perfume lacoste hombre  (C:/1767/3820/)

  [1882/2129] M > lab superfood  (C:/1767/3821/)

  [1883/2129] M > desodorante rexona hombre  (C:/1767/3822/)

  [1884/2129] M > desodorante rexona hombre  (C:/1767/3823/)

  [1885/2129] M > desodorante gillette  (C:/1767/3824/)

  [1886/2129] M > desodorante nivea mujer  (C:/1767/3825/)

  [1887/2129] M > reloj invicta mujer  (C:/1767/3826/)

  [1888/2129] M > reloj q&q mujer  (C:/1767/3827/)

  [1889/2129] M > reloj swatch mujer  (C:/1767/3828/)

  [1890/2129] M > contorno de ojos eucerin  (C:/1767/3829/)

  [1891/2129] M > reloj michael kors mujer  (C:/1767/3830/)

  [1892/2129] M > perfume paco rabanne mujer  (C:/1767/3831/)

  [1893/2129] M > protector labial nivea cereza  (C:/1767/3832/)

  [1894/2129] M > maybelline labiales mate  (C:/1767/3833/)

  [1895/2129] M > tampones kotex  (C:/1767/3834/)

  [1896/2129] M > tinte duo  (C:/1767/3835/)

  [1897/2129] M > desodorante etiquet  (C:/1767/3836/)

  [1898/2129] M > acondicionador pantene  (C:/1767/3837/)

  [1899/2129] M > acondicionador savital  (C:/1767/3838/)

  [1900/2129] M > repelente off  (C:/1767/3839/)

  [1901/2129] M > crema babaria  (C:/1767/3840/)

  [1902/2129] M > calcibone  (C:/1767/3841/)

  [1903/2129] M > ron medellin  (C:/1767/3842/)

  [1904/2129] M > vino rose tabernero  (C:/1767/3843/)

  [1905/2129] M > zuko  (C:/1767/3844/)

  [1906/2129] M > vino tacama  (C:/1767/3845/)

  [1907/2129] M > gaseosa sprite  (C:/1767/3846/)

  [1908/2129] M > gaseosa crush  (C:/1767/3847/)

  [1909/2129] M > ron abuelo  (C:/1767/3848/)

  [1910/2129] M > ron bacardi  (C:/1767/3849/)

  [1911/2129] M > gin hendricks  (C:/1767/3850/)

  [1912/2129] M > jugo pulp  (C:/1767/3851/)

  [1913/2129] M > vino intipalka  (C:/1767/3852/)

  [1914/2129] M > vino santiago queirolo  (C:/1767/3853/)

  [1915/2129] M > gaseosa pepsi  (C:/1767/3854/)

  [1916/2129] M > gaseosa concordia  (C:/1767/3855/)

  [1917/2129] M > freixenet  (C:/1767/3856/)

  [1918/2129] M > ron pomalca  (C:/1767/3857/)

  [1919/2129] M > vino rose queirolo  (C:/1767/3858/)

  [1920/2129] M > vino casillero del diablo  (C:/1767/3859/)

  [1921/2129] M > gaseosa kr  (C:/1767/3860/)

  [1922/2129] M > ginebra licor  (C:/1767/3861/)

  [1923/2129] M > monster  (C:/1767/3862/)

  [1924/2129] M > gatorade  (C:/1767/3863/)

  [1925/2129] M > sporade  (C:/1767/3864/)

  [1926/2129] M > cervezas cristal  (C:/1767/3865/)

  [1927/2129] M > cervezas pilsen  (C:/1767/3866/)

  [1928/2129] M > red bull  (C:/1767/3867/)

  [1929/2129] M > volt  (C:/1767/3868/)

  [1930/2129] M > cervezas corona  (C:/1767/3869/)

  [1931/2129] M > cervezas cusquena  (C:/1767/3870/)

  [1932/2129] M > agua san luis  (C:/1767/3871/)

  [1933/2129] M > ron barcelo  (C:/1767/3872/)

  [1934/2129] M > ron zacapa  (C:/1767/3873/)

  [1935/2129] M > cervezas heineken  (C:/1767/3874/)

  [1936/2129] M > powerade  (C:/1767/3875/)

  [1937/2129] M > gaseosa inca kola  (C:/1767/3876/)

  [1938/2129] M > cervezas barbarian  (C:/1767/3877/)

  [1939/2129] M > vino tabernero  (C:/1767/3878/)

  [1940/2129] M > bayles licor  (C:/1767/3879/)

  [1941/2129] M > cervezas quilmes  (C:/1767/3880/)

  [1942/2129] M > champagne don perignon  (C:/1767/3881/)

  [1943/2129] M > sangria tabernero  (C:/1767/3882/)

  [1944/2129] M > gin bulldog  (C:/1767/3883/)

  [1945/2129] M > agua mineral cielo  (C:/1767/3884/)

  [1946/2129] M > agua mineral san luis  (C:/1767/3885/)

  [1947/2129] M > agua mineral san mateo  (C:/1767/3886/)

  [1948/2129] M > clight  (C:/1767/3887/)

  [1949/2129] M > vino gato negro  (C:/1767/3888/)

  [1950/2129] M > vino los arboles  (C:/1767/3889/)

  [1951/2129] M > vino ocucaje  (C:/1767/3890/)

  [1952/2129] M > vino marques de riscal  (C:/1767/3891/)

  [1953/2129] M > cervezas peroni  (C:/1767/3892/)

  [1954/2129] M > champagne tabernero  (C:/1767/3893/)

  [1955/2129] M > ron carupano  (C:/1767/3894/)

  [1956/2129] M > ron malibu  (C:/1767/3895/)

  [1957/2129] M > gin gordons  (C:/1767/3896/)

  [1958/2129] M > vodka grey goose  (C:/1767/3897/)

  [1959/2129] M > cervezas grolsch  (C:/1767/3898/)

  [1960/2129] M > cervezas modelo  (C:/1767/3899/)

  [1961/2129] M > cervezas stella artois  (C:/1767/3900/)

  [1962/2129] M > ron appleton  (C:/1767/3901/)

  [1963/2129] M > ron havana club  (C:/1767/3902/)

  [1964/2129] M > ron mandatario  (C:/1767/3903/)

  [1965/2129] M > ron millonario  (C:/1767/3904/)

  [1966/2129] M > agua socosani  (C:/1767/3905/)

  [1967/2129] M > gaseosa fanta  (C:/1767/3906/)

  [1968/2129] M > gaseosa evervess  (C:/1767/3907/)

  [1969/2129] M > brandy licor  (C:/1767/3908/)

  [1970/2129] M > licor amaretto  (C:/1767/3909/)

  [1971/2129] M > ron cabo blanco  (C:/1767/3910/)

  [1972/2129] M > ron kraken  (C:/1767/3911/)

  [1973/2129] M > gin bombay  (C:/1767/3912/)

  [1974/2129] M > espumante riccadonna  (C:/1767/3913/)

  [1975/2129] M > naturale  (C:/1767/3914/)

  [1976/2129] M > vino vina vieja  (C:/1767/3915/)

  [1977/2129] M > gaseosa schweppes  (C:/1767/3916/)

  [1978/2129] M > gaseosa coca cola  (C:/1767/3917/)

  [1979/2129] M > vodka russkaya  (C:/1767/3918/)

  [1980/2129] M > cervezas golden  (C:/1767/3919/)

  [1981/2129] M > ron flor de cana  (C:/1767/3920/)

  [1982/2129] M > ron diplomatico  (C:/1767/3921/)

  [1983/2129] M > vino el enemigo  (C:/1767/3922/)

  [1984/2129] M > electrolight  (C:/1767/3923/)

  [1985/2129] M > vino queirolo  (C:/1767/3924/)
    vino queirolo                       | pág 1 | +14 → total: 14

  [1986/2129] M > vodka smirnoff  (C:/1767/3925/)

  [1987/2129] M > cervezas budweiser  (C:/1767/3926/)

  [1988/2129] M > ron santa teresa  (C:/1767/3927/)

  [1989/2129] M > gin beefeater  (C:/1767/3928/)

  [1990/2129] M > gin tanqueray  (C:/1767/3929/)

  [1991/2129] M > suerox  (C:/1767/3930/)

  [1992/2129] M > umsha  (C:/1767/3931/)

  [1993/2129] M > vino navarro correas  (C:/1767/3932/)

  [1994/2129] M > vodka absolut  (C:/1767/3933/)

  [1995/2129] M > vodka skyy  (C:/1767/3934/)

  [1996/2129] M > cervezas amstel  (C:/1767/3935/)

  [1997/2129] M > trago hit  (C:/1767/3936/)

  [1998/2129] M > trago russkaya  (C:/1767/3937/)

  [1999/2129] M > vino santa julia  (C:/1767/3938/)

  [2000/2129] M > vino la mascota  (C:/1767/3939/)

  [2001/2129] M > vino mascota  (C:/1767/3940/)

  [2002/2129] M > cervezas duvel  (C:/1767/3941/)

  [2003/2129] M > ron centenario  (C:/1767/3942/)

  [2004/2129] M > ron plantation  (C:/1767/3943/)

  [2005/2129] M > gin bombay sapphire  (C:/1767/3944/)

  [2006/2129] M > cerveza artesanal barbarian  (C:/1767/3945/)

  [2007/2129] M > jugo tampico  (C:/1767/3946/)

  [2008/2129] M > vino estancia mendoza  (C:/1767/3947/)

  [2009/2129] M > vino lan  (C:/1767/3948/)

  [2010/2129] M > vino luigi bosca  (C:/1767/3949/)

  [2011/2129] M > gaseosa big cola  (C:/1767/3950/)

  [2012/2129] M > cervezas estrella damm  (C:/1767/3951/)

  [2013/2129] M > cervezas estrella galicia  (C:/1767/3952/)

  [2014/2129] M > agua tonica evervess  (C:/1767/3953/)

  [2015/2129] M > jugo frugos  (C:/1767/3954/)

  [2016/2129] M > licores sheridans  (C:/1767/3955/)

  [2017/2129] M > agua san pellegrino  (C:/1767/3956/)

  [2018/2129] M > cocina empotrable klimatic  (C:/1767/3957/)

  [2019/2129] M > cargador carga rapida samsung  (C:/1767/3958/)

  [2020/2129] M > cocinas empotrables indurama  (C:/1767/3959/)

  [2021/2129] M > horno empotrable bosch  (C:/1767/3960/)

  [2022/2129] M > horno empotrable sole  (C:/1767/3961/)

  [2023/2129] M > horno empotrable teka  (C:/1767/3962/)

  [2024/2129] M > horno empotrable indurama  (C:/1767/3963/)

  [2025/2129] M > aceite sao  (C:/1767/3964/)

  [2026/2129] M > aceite cocinero  (C:/1767/3965/)

  [2027/2129] M > aceite tondero  (C:/1767/3966/)

  [2028/2129] M > aceite cil  (C:/1767/3967/)

  [2029/2129] M > leche gloria  (C:/1767/3968/)

  [2030/2129] M > johnnie walker  (C:/1767/3969/)

  [2031/2129] M > chimpunes nike  (C:/1767/3970/)

  [2032/2129] M > cerveza corona  (C:/1767/3971/)
    cerveza corona                      | pág 1 | +3 → total: 3

  [2033/2129] M > aceite primor  (C:/1767/3972/)

  [2034/2129] M > lavaseca samsung  (C:/1767/3973/)

  [2035/2129] M > cargador samsung original  (C:/1767/3974/)

  [2036/2129] M > samsung soundbar  (C:/1767/3975/)

  [2037/2129] M > lavaseca lg  (C:/1767/3976/)

  [2038/2129] M > cargador inalambrico samsung  (C:/1767/3977/)

  [2039/2129] M > cocinas empotrables sole  (C:/1767/3978/)

  [2040/2129] M > congeladora coldex  (C:/1767/3979/)

  [2041/2129] M > cargador samsung tipo c  (C:/1767/3980/)

  [2042/2129] M > aspiradora robot samsung  (C:/1767/3981/)

  [2043/2129] M > parlantes cafini  (C:/1767/3982/)

  [2044/2129] M > parlantes samsung  (C:/1767/3983/)

  [2045/2129] M > equipo de sonido samsung  (C:/1767/3984/)

  [2046/2129] M > notebook hp  (C:/1767/3985/)

  [2047/2129] M > vino rose tacama  (C:/1767/3986/)

  [2048/2129] M > agua tonica backus  (C:/1767/3987/)

  [2049/2129] M > agua tonica britvic  (C:/1767/3988/)

  [2050/2129] M > gatorade en polvo  (C:/1767/3989/)

  [2051/2129] M > jugo selva  (C:/1767/3990/)

  [2052/2129] M > trago smirnoff  (C:/1767/3991/)

  [2053/2129] M > espumante tabernero  (C:/1767/3992/)

  [2054/2129] M > vino concha y toro  (C:/1767/3993/)

  [2055/2129] M > vino gran enemigo  (C:/1767/3994/)

  [2056/2129] M > vino rutini  (C:/1767/3995/)

  [2057/2129] M > ron botran  (C:/1767/3996/)

  [2058/2129] M > ron kankun  (C:/1767/3997/)

  [2059/2129] M > ron viejo de caldas  (C:/1767/3998/)

  [2060/2129] M > licor baileys  (C:/1767/3999/)

  [2061/2129] M > vino trapiche  (C:/1767/4000/)

  [2062/2129] M > vino pata negra  (C:/1767/4001/)

  [2063/2129] M > cervezas delirium  (C:/1767/4002/)

  [2064/2129] M > cervezas desperados  (C:/1767/4003/)

  [2065/2129] M > cocina empotrable bosch  (C:/1767/4005/)

  [2066/2129] M > jagermeister  (C:/1767/4214/)
    jagermeister                        | pág 1 | +3 → total: 3

  [2067/2129] M > spark  (C:/1767/4215/)

  [2068/2129] M > riccadonna  (C:/1767/4216/)
    riccadonna                          | pág 1 | +5 → total: 5

  [2069/2129] M > bacardi  (C:/1767/4217/)

  [2070/2129] M > piscano  (C:/1767/4218/)
    piscano                             | pág 1 | +3 → total: 3

  [2071/2129] M > beefeater  (C:/1767/4219/)
    beefeater                           | pág 1 | +5 → total: 5

  [2072/2129] M > intipalka  (C:/1767/4220/)
    intipalka                           | pág 1 | +9 → total: 9

  [2073/2129] M > zacapa  (C:/1767/4221/)
    zacapa                              | pág 1 | +1 → total: 1

  [2074/2129] M > cerveza tres cruces  (C:/1767/4224/)
    cerveza tres cruces                 | pág 1 | +2 → total: 2

  [2075/2129] M > vat 69  (C:/1767/4225/)
    vat 69                              | pág 1 | +6 → total: 6

  [2076/2129] M > absolut  (C:/1767/4226/)

  [2077/2129] M > cerveza modelo  (C:/1767/4227/)

  [2078/2129] M > six pack cusqueña  (C:/1767/4228/)
    six pack cusqueña                   | pág 1 | +4 → total: 4

  [2079/2129] M > six pack cusqueña  (C:/1767/4229/)

  [2080/2129] M > royal salute 21  (C:/1767/4230/)

  [2081/2129] M > mikes de limon  (C:/1767/4231/)
    mikes de limon                      | pág 1 | +1 → total: 1

  [2082/2129] M > passport scotch  (C:/1767/4232/)

  [2083/2129] M > macallan 12  (C:/1767/4233/)

  [2084/2129] M > prueba search  (C:/1767/4282/)

  [2085/2129] M > mikes  (C:/1767/4283/)
    mikes                               | pág 1 | +4 → total: 4

  [2086/2129] M > inka chips  (C:/1767/4284/)
    inka chips                          | pág 1 | +13 → total: 13

  [2087/2129] Garantía > Garantía electro  (C:/2331/2389/)

  [2088/2129] Moda Infantil > Ropa Bebé Niña  (C:/2941/2942/)

  [2089/2129] Moda Infantil > Ropa Bebé Niño  (C:/2941/2943/)

  [2090/2129] Moda Infantil > Ropa Niñas 12 a 16 Años  (C:/2941/2944/)

  [2091/2129] Moda Infantil > Ropa Niñas 4 a 12 Años  (C:/2941/2945/)

  [2092/2129] Moda Infantil > Ropa Niños 12 a 16 Años  (C:/2941/2946/)

  [2093/2129] Moda Infantil > Ropa Niños 4 a 12 Años  (C:/2941/2947/)

  [2094/2129] Moda Infantil > Ropa Recién Nacido  (C:/2941/3067/)

  [2095/2129] Accesorios > Accesorios Hombre  (C:/3013/3014/)

  [2096/2129] Accesorios > Accesorios infantiles  (C:/3013/3015/)

  [2097/2129] Accesorios > Accesorios Mujer  (C:/3013/3018/)

  [2098/2129] Accesorios > Joyería y Bisutería  (C:/3013/3019/)

  [2099/2129] Accesorios > Lentes  (C:/3013/3020/)

  [2100/2129] Accesorios > Relojes  (C:/3013/3021/)

  [2101/2129] Zapatillas > Zapatillas Hombre  (C:/3072/3073/)

  [2102/2129] Zapatillas > Zapatillas Infantil  (C:/3072/3074/)

  [2103/2129] Zapatillas > Zapatillas Mujer  (C:/3072/3075/)

  [2104/2129] Zapatos > Calzado Infantil  (C:/3086/3087/)

  [2105/2129] Zapatos > Zapatos Hombre  (C:/3086/3088/)

  [2106/2129] Zapatos > Zapatos Mujer  (C:/3086/3089/)

  [2107/2129] Moda Hombre > Ropa de Baño Hombre  (C:/3174/3180/)

  [2108/2129] Moda Hombre > Ropa Hombre  (C:/3174/3183/)

  [2109/2129] Moda Hombre > Ropa Interior y Pijamas Hombre  (C:/3174/3194/)

  [2110/2129] Moda Hombre > Ropa Deportiva Hombre  (C:/3174/3777/)

  [2111/2129] Moda Mujer > Lencería y Pijamas Mujer  (C:/3201/3202/)

  [2112/2129] Moda Mujer > Ropa de Baño Mujer  (C:/3201/3203/)

  [2113/2129] Moda Mujer > Ropa Mujer  (C:/3201/3204/)

  [2114/2129] Moda Mujer > Ropa Deportiva Mujer  (C:/3201/3759/)

  [2115/2129] Automotriz > Accesorios para Auto  (C:/3253/3254/)

  [2116/2129] Automotriz > Limpieza para Auto  (C:/3253/3255/)

  [2117/2129] Automotriz > Llantas  (C:/3253/3256/)

  [2118/2129] Automotriz > Motos  (C:/3253/3257/)

  [2119/2129] Automotriz > Accesorios para motos  (C:/3253/3258/)

  [2120/2129] Vinos, licores y cervezas > Licores  (C:/4180/4181/)
    Licores                             | pág 1 | +50 → total: 50
    Licores                             | pág 2 | +50 → total: 100
    Licores                             | pág 3 | +50 → total: 150
    Licores                             | pág 4 | +50 → total: 200
    Licores                             | pág 5 | +50 → total: 250
    Licores                             | pág 6 | +26 → total: 276

  [2121/2129] Vinos, licores y cervezas > Vinos  (C:/4180/4182/)
    Vinos                               | pág 1 | +50 → total: 50
    Vinos                               | pág 2 | +50 → total: 100
    Vinos                               | pág 3 | +50 → total: 150
    Vinos                               | pág 4 | +42 → total: 192

  [2122/2129] Vinos, licores y cervezas > Espumantes  (C:/4180/4183/)
    Espumantes                          | pág 1 | +29 → total: 29

  [2123/2129] Vinos, licores y cervezas > Cervezas  (C:/4180/4184/)
    Cervezas                            | pág 1 | +47 → total: 47

  [2124/2129] Vinos, licores y cervezas > Cigarros  (C:/4180/4185/)
    Cigarros                            | pág 1 | +27 → total: 27

  [2125/2129] Vinos, licores y cervezas > Hielo  (C:/4180/4186/)
    Hielo                               | pág 1 | +8 → total: 8

  [2126/2129] Terraza y Aire Libre > Terrazas  (C:/4285/4286/)
    Terrazas                            | pág 1 | +8 → total: 8

  [2127/2129] Terraza y Aire Libre > Parrillas  (C:/4285/4287/)
    Parrillas                           | pág 1 | +10 → total: 10

  [2128/2129] Terraza y Aire Libre > Camping  (C:/4285/4288/)
    Camping                             | pág 1 | +16 → total: 16

  [2129/2129] Terraza y Aire Libre > Maletería  (C:/4285/4297/)

============================================================
PROCESANDO RESULTADOS
============================================================
Productos únicos: 8872  (removidos 1193 dupl.)

Resumen del catálogo:
  Total productos    : 8872
  Con precio         : 8872
  Disponibles        : 8238
  Con descuento      : 1342
  Precio prom.       : S/ 50.11

Top 10 categorías:
categoria_nombre
Limpieza de Cocina              526
Cuidado del Cabello             507
Salsas, Cremas y Condimentos    415
Higiene Personal                349
Galletas y Golosinas            343
Menaje de Cocina                281
Yogurt                          267
Cuidado del Hogar               231
Menaje de Comedor               224
Licores                         220

Top 10 marcas:
marca
ARO             809
PLAZA VEA       198
GLORIA          168
LAIVE           137
PAMOLSA          95
BLACKLINE        95
BASA             88
FACUSA           86
DOVE             84
SAN FERNANDO     82

✓ Archivos exportados:
  → makro_productos_20260504_1009.csv
  → makro_productos_20260504_1009.xlsx
  → makro_productos_20260504_1009.json
  → makro_categorias.csv
