cat_id,id_path,nombre,nivel,padre_id,padre_nombre,ruta_completa,tiene_hijos
2,/2/,Bebidas,1,,(raiz),Bebidas,True
6,/2/6/,Aguas,2,2.0,Bebidas,Bebidas > Aguas,True
950,/2/6/950/,Agua de Mesa,3,6.0,Bebidas > Aguas,Bebidas > Aguas > Agua de Mesa,False
951,/2/6/951/,Agua Mineral,3,6.0,Bebidas > Aguas,Bebidas > Aguas > Agua Mineral,False
952,/2/6/952/,Agua Tónica,3,6.0,Bebidas > Aguas,Bebidas > Aguas > Agua Tónica,False
953,/2/6/953/,Agua Saborizada,3,6.0,Bebidas > Aguas,Bebidas > Aguas > Agua Saborizada,False
7,/2/7/,Gaseosas,2,2.0,Bebidas,Bebidas > Gaseosas,True
1652,/2/7/1652/,Gaseosas Familiares,3,7.0,Bebidas > Gaseosas,Bebidas > Gaseosas > Gaseosas Familiares,False
1653,/2/7/1653/,Gaseosas Personales,3,7.0,Bebidas > Gaseosas,Bebidas > Gaseosas > Gaseosas Personales,False
1654,/2/7/1654/,Ginger Ale,3,7.0,Bebidas > Gaseosas,Bebidas > Gaseosas > Ginger Ale,False
8,/2/8/,Jugos y Otras Bebidas,2,2.0,Bebidas,Bebidas > Jugos y Otras Bebidas,True
13,/2/8/13/,Té Bebible,3,8.0,Bebidas > Jugos y Otras Bebidas,Bebidas > Jugos y Otras Bebidas > Té Bebible,False
965,/2/8/965/,Jugos y Néctares,3,8.0,Bebidas > Jugos y Otras Bebidas,Bebidas > Jugos y Otras Bebidas > Jugos y Néctares,False
966,/2/8/966/,Bebidas Refrescantes,3,8.0,Bebidas > Jugos y Otras Bebidas,Bebidas > Jugos y Otras Bebidas > Bebidas Refrescantes,False
967,/2/8/967/,Refrescos Instantáneos,3,8.0,Bebidas > Jugos y Otras Bebidas,Bebidas > Jugos y Otras Bebidas > Refrescos Instantáneos,False
646,/2/646/,Bebidas Funcionales,2,2.0,Bebidas,Bebidas > Bebidas Funcionales,True
10,/2/646/10/,Bebidas Rehidratantes,3,646.0,Bebidas > Bebidas Funcionales,Bebidas > Bebidas Funcionales > Bebidas Rehidratantes,False
11,/2/646/11/,Bebidas Energizantes,3,646.0,Bebidas > Bebidas Funcionales,Bebidas > Bebidas Funcionales > Bebidas Energizantes,False
12,/2/646/12/,Bebidas Nutricionales,3,646.0,Bebidas > Bebidas Funcionales,Bebidas > Bebidas Funcionales > Bebidas Nutricionales,False
297,/297/,Cuidado Personal y Salud,1,,(raiz),Cuidado Personal y Salud,True
298,/297/298/,Cuidado del Cabello,2,297.0,Cuidado Personal y Salud,Cuidado Personal y Salud > Cuidado del Cabello,True
308,/297/298/308/,Shampoo,3,298.0,Cuidado Personal y Salud > Cuidado del Cabello,Cuidado Personal y Salud > Cuidado del Cabello > Shampoo,False
309,/297/298/309/,Acondicionador,3,298.0,Cuidado Personal y Salud > Cuidado del Cabello,Cuidado Personal y Salud > Cuidado del Cabello > Acondicionador,False
310,/297/298/310/,Tratamientos para Cabello,3,298.0,Cuidado Personal y Salud > Cuidado del Cabello,Cuidado Personal y Salud > Cuidado del Cabello > Tratamientos para Cabello,False
311,/297/298/311/,Gel de Cabello y Estilizadores,3,298.0,Cuidado Personal y Salud > Cuidado del Cabello,Cuidado Personal y Salud > Cuidado del Cabello > Gel de Cabello y Estilizadores,False
312,/297/298/312/,Tintes para Cabello,3,298.0,Cuidado Personal y Salud > Cuidado del Cabello,Cuidado Personal y Salud > Cuidado del Cabello > Tintes para Cabello,False
313,/297/298/313/,Accesorios para Cabello,3,298.0,Cuidado Personal y Salud > Cuidado del Cabello,Cuidado Personal y Salud > Cuidado del Cabello > Accesorios para Cabello,False
1062,/297/298/1062/,Cremas para Peinar,3,298.0,Cuidado Personal y Salud > Cuidado del Cabello,Cuidado Personal y Salud > Cuidado del Cabello > Cremas para Peinar,False
300,/297/300/,Cuidado Bucal,2,297.0,Cuidado Personal y Salud,Cuidado Personal y Salud > Cuidado Bucal,True
318,/297/300/318/,Cepillos de Dientes,3,300.0,Cuidado Personal y Salud > Cuidado Bucal,Cuidado Personal y Salud > Cuidado Bucal > Cepillos de Dientes,False
319,/297/300/319/,Pastas Dentales,3,300.0,Cuidado Personal y Salud > Cuidado Bucal,Cuidado Personal y Salud > Cuidado Bucal > Pastas Dentales,False
320,/297/300/320/,Enjuagues Bucales,3,300.0,Cuidado Personal y Salud > Cuidado Bucal,Cuidado Personal y Salud > Cuidado Bucal > Enjuagues Bucales,False
321,/297/300/321/,Hilos Dentales y Otros,3,300.0,Cuidado Personal y Salud > Cuidado Bucal,Cuidado Personal y Salud > Cuidado Bucal > Hilos Dentales y Otros,False
301,/297/301/,Afeitado,2,297.0,Cuidado Personal y Salud,Cuidado Personal y Salud > Afeitado,True
317,/297/301/317/,Cuidado de la Barba,3,301.0,Cuidado Personal y Salud > Afeitado,Cuidado Personal y Salud > Afeitado > Cuidado de la Barba,False
322,/297/301/322/,Máquinas de Afeitar y Repuestos,3,301.0,Cuidado Personal y Salud > Afeitado,Cuidado Personal y Salud > Afeitado > Máquinas de Afeitar y Repuestos,False
324,/297/301/324/,Espumas y Gel de Afeitar,3,301.0,Cuidado Personal y Salud > Afeitado,Cuidado Personal y Salud > Afeitado > Espumas y Gel de Afeitar,False
325,/297/301/325/,Lociones y Bálsamos de Afeitar,3,301.0,Cuidado Personal y Salud > Afeitado,Cuidado Personal y Salud > Afeitado > Lociones y Bálsamos de Afeitar,False
303,/297/303/,Higiene Personal,2,297.0,Cuidado Personal y Salud,Cuidado Personal y Salud > Higiene Personal,True
330,/297/303/330/,Gel de Ducha y Accesorios,3,303.0,Cuidado Personal y Salud > Higiene Personal,Cuidado Personal y Salud > Higiene Personal > Gel de Ducha y Accesorios,False
332,/297/303/332/,Gel Antibacterial,3,303.0,Cuidado Personal y Salud > Higiene Personal,Cuidado Personal y Salud > Higiene Personal > Gel Antibacterial,False
334,/297/303/334/,Desodorantes para Hombre,3,303.0,Cuidado Personal y Salud > Higiene Personal,Cuidado Personal y Salud > Higiene Personal > Desodorantes para Hombre,False
335,/297/303/335/,Colonias,3,303.0,Cuidado Personal y Salud > Higiene Personal,Cuidado Personal y Salud > Higiene Personal > Colonias,False
336,/297/303/336/,Talcos y Desodorantes para Pies,3,303.0,Cuidado Personal y Salud > Higiene Personal,Cuidado Personal y Salud > Higiene Personal > Talcos y Desodorantes para Pies,False
1063,/297/303/1063/,Hisopos,3,303.0,Cuidado Personal y Salud > Higiene Personal,Cuidado Personal y Salud > Higiene Personal > Hisopos,False
1275,/297/303/1275/,Jabones Líquidos,3,303.0,Cuidado Personal y Salud > Higiene Personal,Cuidado Personal y Salud > Higiene Personal > Jabones Líquidos,False
1276,/297/303/1276/,Jabones en Barra,3,303.0,Cuidado Personal y Salud > Higiene Personal,Cuidado Personal y Salud > Higiene Personal > Jabones en Barra,False
1277,/297/303/1277/,Desodorantes para Mujer,3,303.0,Cuidado Personal y Salud > Higiene Personal,Cuidado Personal y Salud > Higiene Personal > Desodorantes para Mujer,False
305,/297/305/,Protección Femenina,2,297.0,Cuidado Personal y Salud,Cuidado Personal y Salud > Protección Femenina,True
337,/297/305/337/,Toallas Higiénicas,3,305.0,Cuidado Personal y Salud > Protección Femenina,Cuidado Personal y Salud > Protección Femenina > Toallas Higiénicas,False
338,/297/305/338/,Protectores Diarios,3,305.0,Cuidado Personal y Salud > Protección Femenina,Cuidado Personal y Salud > Protección Femenina > Protectores Diarios,False
339,/297/305/339/,Jabones Íntimos,3,305.0,Cuidado Personal y Salud > Protección Femenina,Cuidado Personal y Salud > Protección Femenina > Jabones Íntimos,False
1278,/297/305/1278/,Tampones,3,305.0,Cuidado Personal y Salud > Protección Femenina,Cuidado Personal y Salud > Protección Femenina > Tampones,False
2600,/297/305/2600/,Pañitos Húmedos,3,305.0,Cuidado Personal y Salud > Protección Femenina,Cuidado Personal y Salud > Protección Femenina > Pañitos Húmedos,False
306,/297/306/,Protección Adulta,2,297.0,Cuidado Personal y Salud,Cuidado Personal y Salud > Protección Adulta,True
1279,/297/306/1279/,Pañales para Adultos,3,306.0,Cuidado Personal y Salud > Protección Adulta,Cuidado Personal y Salud > Protección Adulta > Pañales para Adultos,False
1280,/297/306/1280/,Ropa Interior para Adultos,3,306.0,Cuidado Personal y Salud > Protección Adulta,Cuidado Personal y Salud > Protección Adulta > Ropa Interior para Adultos,False
1281,/297/306/1281/,Protectores para Adultos,3,306.0,Cuidado Personal y Salud > Protección Adulta,Cuidado Personal y Salud > Protección Adulta > Protectores para Adultos,False
1282,/297/306/1282/,Complementos de Incontinencia,3,306.0,Cuidado Personal y Salud > Protección Adulta,Cuidado Personal y Salud > Protección Adulta > Complementos de Incontinencia,False
307,/297/307/,Bienestar Sexual,2,297.0,Cuidado Personal y Salud,Cuidado Personal y Salud > Bienestar Sexual,True
1284,/297/307/1284/,Preservativos y Otros,3,307.0,Cuidado Personal y Salud > Bienestar Sexual,Cuidado Personal y Salud > Bienestar Sexual > Preservativos y Otros,False
637,/297/637/,Packs de Regalo,2,297.0,Cuidado Personal y Salud,Cuidado Personal y Salud > Packs de Regalo,False
1441,/297/1441/,Vitaminas y Nutrición,2,297.0,Cuidado Personal y Salud,Cuidado Personal y Salud > Vitaminas y Nutrición,True
494,/297/1441/494/,Complementos y Suplementos,3,1441.0,Cuidado Personal y Salud > Vitaminas y Nutrición,Cuidado Personal y Salud > Vitaminas y Nutrición > Complementos y Suplementos,False
1246,/297/1441/1246/,Suplementos Deportivos,3,1441.0,Cuidado Personal y Salud > Vitaminas y Nutrición,Cuidado Personal y Salud > Vitaminas y Nutrición > Suplementos Deportivos,False
1659,/297/1441/1659/,Proteínas,3,1441.0,Cuidado Personal y Salud > Vitaminas y Nutrición,Cuidado Personal y Salud > Vitaminas y Nutrición > Proteínas,False
1660,/297/1441/1660/,Vitaminas,3,1441.0,Cuidado Personal y Salud > Vitaminas y Nutrición,Cuidado Personal y Salud > Vitaminas y Nutrición > Vitaminas,False
1629,/297/1629/,Salud,2,297.0,Cuidado Personal y Salud,Cuidado Personal y Salud > Salud,True
1257,/297/1629/1257/,Equipos Médicos,3,1629.0,Cuidado Personal y Salud > Salud,Cuidado Personal y Salud > Salud > Equipos Médicos,False
1283,/297/1629/1283/,Artículos de Botiquín,3,1629.0,Cuidado Personal y Salud > Salud,Cuidado Personal y Salud > Salud > Artículos de Botiquín,False
1655,/297/1629/1655/,Guantes Quirúrgicos,3,1629.0,Cuidado Personal y Salud > Salud,Cuidado Personal y Salud > Salud > Guantes Quirúrgicos,False
1656,/297/1629/1656/,Equipos Ortopédicos,3,1629.0,Cuidado Personal y Salud > Salud,Cuidado Personal y Salud > Salud > Equipos Ortopédicos,False
1657,/297/1629/1657/,Balanzas,3,1629.0,Cuidado Personal y Salud > Salud,Cuidado Personal y Salud > Salud > Balanzas,False
1658,/297/1629/1658/,Protectores Faciales,3,1629.0,Cuidado Personal y Salud > Salud,Cuidado Personal y Salud > Salud > Protectores Faciales,False
1668,/297/1629/1668/,Mascarillas,3,1629.0,Cuidado Personal y Salud > Salud,Cuidado Personal y Salud > Salud > Mascarillas,False
2882,/297/1629/2882/,Repelentes,3,1629.0,Cuidado Personal y Salud > Salud,Cuidado Personal y Salud > Salud > Repelentes,False
2849,/297/2849/,Depilación,2,297.0,Cuidado Personal y Salud,Cuidado Personal y Salud > Depilación,True
2850,/297/2849/2850/,Bandas Depilatorias,3,2849.0,Cuidado Personal y Salud > Depilación,Cuidado Personal y Salud > Depilación > Bandas Depilatorias,False
2851,/297/2849/2851/,Ceras para Depilar,3,2849.0,Cuidado Personal y Salud > Depilación,Cuidado Personal y Salud > Depilación > Ceras para Depilar,False
2852,/297/2849/2852/,Cremas para Depilar,3,2849.0,Cuidado Personal y Salud > Depilación,Cuidado Personal y Salud > Depilación > Cremas para Depilar,False
2853,/297/2849/2853/,Máquinas Depiladoras,3,2849.0,Cuidado Personal y Salud > Depilación,Cuidado Personal y Salud > Depilación > Máquinas Depiladoras,False
399,/399/,Limpieza,1,,(raiz),Limpieza,True
400,/399/400/,Cuidado de la Ropa,2,399.0,Limpieza,Limpieza > Cuidado de la Ropa,True
413,/399/400/413/,Detergentes en Polvo,3,400.0,Limpieza > Cuidado de la Ropa,Limpieza > Cuidado de la Ropa > Detergentes en Polvo,False
414,/399/400/414/,Suavizantes,3,400.0,Limpieza > Cuidado de la Ropa,Limpieza > Cuidado de la Ropa > Suavizantes,False
415,/399/400/415/,Quitamanchas,3,400.0,Limpieza > Cuidado de la Ropa,Limpieza > Cuidado de la Ropa > Quitamanchas,False
416,/399/400/416/,Jabones de Ropa,3,400.0,Limpieza > Cuidado de la Ropa,Limpieza > Cuidado de la Ropa > Jabones de Ropa,False
417,/399/400/417/,Almidones y Otros Complementos,3,400.0,Limpieza > Cuidado de la Ropa,Limpieza > Cuidado de la Ropa > Almidones y Otros Complementos,False
418,/399/400/418/,Accesorios para el Cuidado de la Ropa,3,400.0,Limpieza > Cuidado de la Ropa,Limpieza > Cuidado de la Ropa > Accesorios para el Cuidado de la Ropa,False
1371,/399/400/1371/,Detergentes Líquidos,3,400.0,Limpieza > Cuidado de la Ropa,Limpieza > Cuidado de la Ropa > Detergentes Líquidos,False
407,/399/407/,Limpieza de Calzado,2,399.0,Limpieza,Limpieza > Limpieza de Calzado,True
410,/399/407/410/,Betún y Otros Limpiadores,3,407.0,Limpieza > Limpieza de Calzado,Limpieza > Limpieza de Calzado > Betún y Otros Limpiadores,False
971,/399/407/971/,Accesorios para la Limpieza de Calzado,3,407.0,Limpieza > Limpieza de Calzado,Limpieza > Limpieza de Calzado > Accesorios para la Limpieza de Calzado,False
603,/399/603/,Cuidado del Hogar,2,399.0,Limpieza,Limpieza > Cuidado del Hogar,True
405,/399/603/405/,Lejías,3,603.0,Limpieza > Cuidado del Hogar,Limpieza > Cuidado del Hogar > Lejías,False
406,/399/603/406/,Desinfectantes,3,603.0,Limpieza > Cuidado del Hogar,Limpieza > Cuidado del Hogar > Desinfectantes,False
408,/399/603/408/,Insecticidas y Raticidas,3,603.0,Limpieza > Cuidado del Hogar,Limpieza > Cuidado del Hogar > Insecticidas y Raticidas,False
409,/399/603/409/,Ceras y Limpiadores de Pisos,3,603.0,Limpieza > Cuidado del Hogar,Limpieza > Cuidado del Hogar > Ceras y Limpiadores de Pisos,False
411,/399/603/411/,Deshumedecedores,3,603.0,Limpieza > Cuidado del Hogar,Limpieza > Cuidado del Hogar > Deshumedecedores,False
412,/399/603/412/,Ambientadores y Aromatizadores,3,603.0,Limpieza > Cuidado del Hogar,Limpieza > Cuidado del Hogar > Ambientadores y Aromatizadores,False
424,/399/603/424/,Limpiadores Multiusos,3,603.0,Limpieza > Cuidado del Hogar,Limpieza > Cuidado del Hogar > Limpiadores Multiusos,False
425,/399/603/425/,Limpiadores de Muebles y Metales,3,603.0,Limpieza > Cuidado del Hogar,Limpieza > Cuidado del Hogar > Limpiadores de Muebles y Metales,False
426,/399/603/426/,"Limpiadores de Alfombras, Telas y Tapices",3,603.0,Limpieza > Cuidado del Hogar,"Limpieza > Cuidado del Hogar > Limpiadores de Alfombras, Telas y Tapices",False
427,/399/603/427/,Limpiadores de Vidrios,3,603.0,Limpieza > Cuidado del Hogar,Limpieza > Cuidado del Hogar > Limpiadores de Vidrios,False
604,/399/604/,Limpieza de Cocina,2,399.0,Limpieza,Limpieza > Limpieza de Cocina,True
401,/399/604/401/,Lavavajillas,3,604.0,Limpieza > Limpieza de Cocina,Limpieza > Limpieza de Cocina > Lavavajillas,False
608,/399/604/608/,Esponjas y Paños,3,604.0,Limpieza > Limpieza de Cocina,Limpieza > Limpieza de Cocina > Esponjas y Paños,False
611,/399/604/611/,"Menaje, Utensilios y Moldes Descartables",3,604.0,Limpieza > Limpieza de Cocina,"Limpieza > Limpieza de Cocina > Menaje, Utensilios y Moldes Descartables",False
612,/399/604/612/,Bolsas Conservadoras,3,604.0,Limpieza > Limpieza de Cocina,Limpieza > Limpieza de Cocina > Bolsas Conservadoras,False
614,/399/604/614/,"Papel Film, Papel Aluminio, Papel Manteca y Otros",3,604.0,Limpieza > Limpieza de Cocina,"Limpieza > Limpieza de Cocina > Papel Film, Papel Aluminio, Papel Manteca y Otros",False
972,/399/604/972/,Sacagrasas,3,604.0,Limpieza > Limpieza de Cocina,Limpieza > Limpieza de Cocina > Sacagrasas,False
4330,/399/604/4330/,Envases y empaques descartables,3,604.0,Limpieza > Limpieza de Cocina,Limpieza > Limpieza de Cocina > Envases y empaques descartables,False
4331,/399/604/4331/,Menaje descartable,3,604.0,Limpieza > Limpieza de Cocina,Limpieza > Limpieza de Cocina > Menaje descartable,False
4333,/399/604/4333/,Cubiertos y complementos descartables,3,604.0,Limpieza > Limpieza de Cocina,Limpieza > Limpieza de Cocina > Cubiertos y complementos descartables,False
647,/399/647/,Accesorios de Limpieza,2,399.0,Limpieza,Limpieza > Accesorios de Limpieza,True
404,/399/647/404/,Escobas y Recogedores,3,647.0,Limpieza > Accesorios de Limpieza,Limpieza > Accesorios de Limpieza > Escobas y Recogedores,False
605,/399/647/605/,Franelas,3,647.0,Limpieza > Accesorios de Limpieza,Limpieza > Accesorios de Limpieza > Franelas,False
607,/399/647/607/,Guantes y Escobillas,3,647.0,Limpieza > Accesorios de Limpieza,Limpieza > Accesorios de Limpieza > Guantes y Escobillas,False
609,/399/647/609/,"Baldes, Papeleras y Trapeadores",3,647.0,Limpieza > Accesorios de Limpieza,"Limpieza > Accesorios de Limpieza > Baldes, Papeleras y Trapeadores",False
610,/399/647/610/,Bolsas para Basura,3,647.0,Limpieza > Accesorios de Limpieza,Limpieza > Accesorios de Limpieza > Bolsas para Basura,False
639,/399/647/639/,Otros Accesorios de Limpieza,3,647.0,Limpieza > Accesorios de Limpieza,Limpieza > Accesorios de Limpieza > Otros Accesorios de Limpieza,False
969,/399/969/,Limpieza de Baño,2,399.0,Limpieza,Limpieza > Limpieza de Baño,True
970,/399/969/970/,Accesorios de Limpieza,3,969.0,Limpieza > Limpieza de Baño,Limpieza > Limpieza de Baño > Accesorios de Limpieza,False
1661,/399/969/1661/,Pastillas y Destapa Cañerías,3,969.0,Limpieza > Limpieza de Baño,Limpieza > Limpieza de Baño > Pastillas y Destapa Cañerías,False
1662,/399/969/1662/,Limpiadores para Baño,3,969.0,Limpieza > Limpieza de Baño,Limpieza > Limpieza de Baño > Limpiadores para Baño,False
1627,/399/1627/,Papel para el Hogar,2,399.0,Limpieza,Limpieza > Papel para el Hogar,True
402,/399/1627/402/,Papel Higiénico,3,1627.0,Limpieza > Papel para el Hogar,Limpieza > Papel para el Hogar > Papel Higiénico,False
403,/399/1627/403/,Papel Toalla,3,1627.0,Limpieza > Papel para el Hogar,Limpieza > Papel para el Hogar > Papel Toalla,False
428,/399/1627/428/,Servilletas,3,1627.0,Limpieza > Papel para el Hogar,Limpieza > Papel para el Hogar > Servilletas,False
620,/620/,Mascotas,1,,(raiz),Mascotas,True
622,/620/622/,Otras Mascotas,2,620.0,Mascotas,Mascotas > Otras Mascotas,True
4163,/620/622/4163/,Conejos,3,622.0,Mascotas > Otras Mascotas,Mascotas > Otras Mascotas > Conejos,False
4164,/620/622/4164/,Hamsters,3,622.0,Mascotas > Otras Mascotas,Mascotas > Otras Mascotas > Hamsters,False
4165,/620/622/4165/,Erizos,3,622.0,Mascotas > Otras Mascotas,Mascotas > Otras Mascotas > Erizos,False
4166,/620/622/4166/,Aves,3,622.0,Mascotas > Otras Mascotas,Mascotas > Otras Mascotas > Aves,False
4118,/620/4118/,Comida para perros,2,620.0,Mascotas,Mascotas > Comida para perros,True
4124,/620/4118/4124/,Croquetas y comida seca para perros,3,4118.0,Mascotas > Comida para perros,Mascotas > Comida para perros > Croquetas y comida seca para perros,False
4125,/620/4118/4125/,Paté y comida húmeda para perros,3,4118.0,Mascotas > Comida para perros,Mascotas > Comida para perros > Paté y comida húmeda para perros,False
4126,/620/4118/4126/,Galletas y snacks para perros,3,4118.0,Mascotas > Comida para perros,Mascotas > Comida para perros > Galletas y snacks para perros,False
4119,/620/4119/,Salud e higiene para perros,2,620.0,Mascotas,Mascotas > Salud e higiene para perros,True
4127,/620/4119/4127/,Antipulgas para perros,3,4119.0,Mascotas > Salud e higiene para perros,Mascotas > Salud e higiene para perros > Antipulgas para perros,False
4128,/620/4119/4128/,Pañales para perros,3,4119.0,Mascotas > Salud e higiene para perros,Mascotas > Salud e higiene para perros > Pañales para perros,False
4129,/620/4119/4129/,Shampoo para perros,3,4119.0,Mascotas > Salud e higiene para perros,Mascotas > Salud e higiene para perros > Shampoo para perros,False
4130,/620/4119/4130/,"Peines, cepillos y cortadoras para perros",3,4119.0,Mascotas > Salud e higiene para perros,"Mascotas > Salud e higiene para perros > Peines, cepillos y cortadoras para perros",False
4131,/620/4119/4131/,Vitaminas y suplementos para perros,3,4119.0,Mascotas > Salud e higiene para perros,Mascotas > Salud e higiene para perros > Vitaminas y suplementos para perros,False
4132,/620/4119/4132/,Cortauñas para perros,3,4119.0,Mascotas > Salud e higiene para perros,Mascotas > Salud e higiene para perros > Cortauñas para perros,False
4133,/620/4119/4133/,Perfumes y colonias para perros,3,4119.0,Mascotas > Salud e higiene para perros,Mascotas > Salud e higiene para perros > Perfumes y colonias para perros,False
4134,/620/4119/4134/,Bolsas y dispensadores para perros,3,4119.0,Mascotas > Salud e higiene para perros,Mascotas > Salud e higiene para perros > Bolsas y dispensadores para perros,False
4135,/620/4119/4135/,Cuidado oral para perros,3,4119.0,Mascotas > Salud e higiene para perros,Mascotas > Salud e higiene para perros > Cuidado oral para perros,False
4136,/620/4119/4136/,Más productos de salud e higiene para perros,3,4119.0,Mascotas > Salud e higiene para perros,Mascotas > Salud e higiene para perros > Más productos de salud e higiene para perros,False
4120,/620/4120/,Accesorios para perros,2,620.0,Mascotas,Mascotas > Accesorios para perros,True
4137,/620/4120/4137/,Casas y camas para perros,3,4120.0,Mascotas > Accesorios para perros,Mascotas > Accesorios para perros > Casas y camas para perros,False
4138,/620/4120/4138/,Bozales para perros,3,4120.0,Mascotas > Accesorios para perros,Mascotas > Accesorios para perros > Bozales para perros,False
4139,/620/4120/4139/,Correas y arneses para perros,3,4120.0,Mascotas > Accesorios para perros,Mascotas > Accesorios para perros > Correas y arneses para perros,False
4140,/620/4120/4140/,Kennel para perros,3,4120.0,Mascotas > Accesorios para perros,Mascotas > Accesorios para perros > Kennel para perros,False
4141,/620/4120/4141/,Platos y bebederos para perros,3,4120.0,Mascotas > Accesorios para perros,Mascotas > Accesorios para perros > Platos y bebederos para perros,False
4142,/620/4120/4142/,Collares para perros,3,4120.0,Mascotas > Accesorios para perros,Mascotas > Accesorios para perros > Collares para perros,False
4143,/620/4120/4143/,Juguetes para perros,3,4120.0,Mascotas > Accesorios para perros,Mascotas > Accesorios para perros > Juguetes para perros,False
4144,/620/4120/4144/,Ropa para perros,3,4120.0,Mascotas > Accesorios para perros,Mascotas > Accesorios para perros > Ropa para perros,False
4145,/620/4120/4145/,Más accesorios para perros,3,4120.0,Mascotas > Accesorios para perros,Mascotas > Accesorios para perros > Más accesorios para perros,False
4121,/620/4121/,Comida para gatos,2,620.0,Mascotas,Mascotas > Comida para gatos,True
4146,/620/4121/4146/,Paté y comida húmeda para gatos,3,4121.0,Mascotas > Comida para gatos,Mascotas > Comida para gatos > Paté y comida húmeda para gatos,False
4147,/620/4121/4147/,Croquetas y comida seca para gatos,3,4121.0,Mascotas > Comida para gatos,Mascotas > Comida para gatos > Croquetas y comida seca para gatos,False
4169,/620/4121/4169/,Snacks para gatos,3,4121.0,Mascotas > Comida para gatos,Mascotas > Comida para gatos > Snacks para gatos,False
4122,/620/4122/,Salud e higiene para gatos,2,620.0,Mascotas,Mascotas > Salud e higiene para gatos,True
4148,/620/4122/4148/,Antipulgas para gatos,3,4122.0,Mascotas > Salud e higiene para gatos,Mascotas > Salud e higiene para gatos > Antipulgas para gatos,False
4149,/620/4122/4149/,Arena para gatos,3,4122.0,Mascotas > Salud e higiene para gatos,Mascotas > Salud e higiene para gatos > Arena para gatos,False
4150,/620/4122/4150/,Cajas de arena para gatos,3,4122.0,Mascotas > Salud e higiene para gatos,Mascotas > Salud e higiene para gatos > Cajas de arena para gatos,False
4151,/620/4122/4151/,Peines y cepillos para gatos,3,4122.0,Mascotas > Salud e higiene para gatos,Mascotas > Salud e higiene para gatos > Peines y cepillos para gatos,False
4152,/620/4122/4152/,Shampoo para gatos,3,4122.0,Mascotas > Salud e higiene para gatos,Mascotas > Salud e higiene para gatos > Shampoo para gatos,False
4153,/620/4122/4153/,Vitaminas y suplementos para gatos,3,4122.0,Mascotas > Salud e higiene para gatos,Mascotas > Salud e higiene para gatos > Vitaminas y suplementos para gatos,False
4167,/620/4122/4167/,Más productos de salud e higiene para gatos,3,4122.0,Mascotas > Salud e higiene para gatos,Mascotas > Salud e higiene para gatos > Más productos de salud e higiene para gatos,False
4123,/620/4123/,Accesorios para gatos,2,620.0,Mascotas,Mascotas > Accesorios para gatos,True
4155,/620/4123/4155/,Casas y camas para gatos,3,4123.0,Mascotas > Accesorios para gatos,Mascotas > Accesorios para gatos > Casas y camas para gatos,False
4156,/620/4123/4156/,Collares y correas para gatos,3,4123.0,Mascotas > Accesorios para gatos,Mascotas > Accesorios para gatos > Collares y correas para gatos,False
4157,/620/4123/4157/,Platos y bebederos para gatos,3,4123.0,Mascotas > Accesorios para gatos,Mascotas > Accesorios para gatos > Platos y bebederos para gatos,False
4158,/620/4123/4158/,Catnip,3,4123.0,Mascotas > Accesorios para gatos,Mascotas > Accesorios para gatos > Catnip,False
4159,/620/4123/4159/,Juguetes para gatos,3,4123.0,Mascotas > Accesorios para gatos,Mascotas > Accesorios para gatos > Juguetes para gatos,False
4160,/620/4123/4160/,Rascadores para gatos,3,4123.0,Mascotas > Accesorios para gatos,Mascotas > Accesorios para gatos > Rascadores para gatos,False
4161,/620/4123/4161/,Kennel para gatos,3,4123.0,Mascotas > Accesorios para gatos,Mascotas > Accesorios para gatos > Kennel para gatos,False
4162,/620/4123/4162/,Más accesorios para gatos,3,4123.0,Mascotas > Accesorios para gatos,Mascotas > Accesorios para gatos > Más accesorios para gatos,False
431,/431/,Abarrotes,1,,(raiz),Abarrotes,True
92,/431/92/,Snacks y Piqueos,2,431.0,Abarrotes,Abarrotes > Snacks y Piqueos,True
93,/431/92/93/,Papas,3,92.0,Abarrotes > Snacks y Piqueos,Abarrotes > Snacks y Piqueos > Papas,False
95,/431/92/95/,"Camotes, Chifles y Yucas",3,92.0,Abarrotes > Snacks y Piqueos,"Abarrotes > Snacks y Piqueos > Camotes, Chifles y Yucas",False
96,/431/92/96/,Maíz,3,92.0,Abarrotes > Snacks y Piqueos,Abarrotes > Snacks y Piqueos > Maíz,False
97,/431/92/97/,Piqueos Mixtos,3,92.0,Abarrotes > Snacks y Piqueos,Abarrotes > Snacks y Piqueos > Piqueos Mixtos,False
98,/431/92/98/,Pretzels,3,92.0,Abarrotes > Snacks y Piqueos,Abarrotes > Snacks y Piqueos > Pretzels,False
101,/431/92/101/,Salsas y Dips,3,92.0,Abarrotes > Snacks y Piqueos,Abarrotes > Snacks y Piqueos > Salsas y Dips,False
103,/431/92/103/,Frutos Secos,3,92.0,Abarrotes > Snacks y Piqueos,Abarrotes > Snacks y Piqueos > Frutos Secos,False
104,/431/92/104/,"Maní, Habas, Pistachos y Semillas",3,92.0,Abarrotes > Snacks y Piqueos,"Abarrotes > Snacks y Piqueos > Maní, Habas, Pistachos y Semillas",False
4168,/431/92/4168/,Pop corn microondas,3,92.0,Abarrotes > Snacks y Piqueos,Abarrotes > Snacks y Piqueos > Pop corn microondas,False
432,/431/432/,Arroz,2,431.0,Abarrotes,Abarrotes > Arroz,True
439,/431/432/439/,Arroz Extra,3,432.0,Abarrotes > Arroz,Abarrotes > Arroz > Arroz Extra,False
440,/431/432/440/,Arroz Superior,3,432.0,Abarrotes > Arroz,Abarrotes > Arroz > Arroz Superior,False
442,/431/432/442/,Arroz Integral y Especiales,3,432.0,Abarrotes > Arroz,Abarrotes > Arroz > Arroz Integral y Especiales,False
433,/431/433/,Aceite,2,431.0,Abarrotes,Abarrotes > Aceite,True
599,/431/433/599/,Aceite de Oliva,3,433.0,Abarrotes > Aceite,Abarrotes > Aceite > Aceite de Oliva,False
600,/431/433/600/,Aceite Vegetal,3,433.0,Abarrotes > Aceite,Abarrotes > Aceite > Aceite Vegetal,False
602,/431/433/602/,Aceites Especiales,3,433.0,Abarrotes > Aceite,Abarrotes > Aceite > Aceites Especiales,False
1624,/431/433/1624/,"Aceite de Maíz, Girasol y Canola",3,433.0,Abarrotes > Aceite,"Abarrotes > Aceite > Aceite de Maíz, Girasol y Canola",False
434,/431/434/,Azúcar y Endulzantes,2,431.0,Abarrotes,Abarrotes > Azúcar y Endulzantes,True
444,/431/434/444/,Azúcar Rubia,3,434.0,Abarrotes > Azúcar y Endulzantes,Abarrotes > Azúcar y Endulzantes > Azúcar Rubia,False
445,/431/434/445/,Otros Endulzantes,3,434.0,Abarrotes > Azúcar y Endulzantes,Abarrotes > Azúcar y Endulzantes > Otros Endulzantes,False
1372,/431/434/1372/,Panela,3,434.0,Abarrotes > Azúcar y Endulzantes,Abarrotes > Azúcar y Endulzantes > Panela,False
1625,/431/434/1625/,Azúcar Blanca,3,434.0,Abarrotes > Azúcar y Endulzantes,Abarrotes > Azúcar y Endulzantes > Azúcar Blanca,False
1626,/431/434/1626/,Azúcar en Polvo,3,434.0,Abarrotes > Azúcar y Endulzantes,Abarrotes > Azúcar y Endulzantes > Azúcar en Polvo,False
435,/431/435/,Menestras,2,431.0,Abarrotes,Abarrotes > Menestras,True
446,/431/435/446/,Frijol,3,435.0,Abarrotes > Menestras,Abarrotes > Menestras > Frijol,False
447,/431/435/447/,Quinua,3,435.0,Abarrotes > Menestras,Abarrotes > Menestras > Quinua,False
448,/431/435/448/,Lenteja,3,435.0,Abarrotes > Menestras,Abarrotes > Menestras > Lenteja,False
449,/431/435/449/,Pallar,3,435.0,Abarrotes > Menestras,Abarrotes > Menestras > Pallar,False
450,/431/435/450/,Arveja,3,435.0,Abarrotes > Menestras,Abarrotes > Menestras > Arveja,False
451,/431/435/451/,Garbanzo,3,435.0,Abarrotes > Menestras,Abarrotes > Menestras > Garbanzo,False
453,/431/435/453/,Otras Menestras,3,435.0,Abarrotes > Menestras,Abarrotes > Menestras > Otras Menestras,False
1628,/431/435/1628/,Pop Corn,3,435.0,Abarrotes > Menestras,Abarrotes > Menestras > Pop Corn,False
436,/431/436/,"Fideos, Pastas y Salsas",2,431.0,Abarrotes,"Abarrotes > Fideos, Pastas y Salsas",True
454,/431/436/454/,Fideos Largos,3,436.0,"Abarrotes > Fideos, Pastas y Salsas","Abarrotes > Fideos, Pastas y Salsas > Fideos Largos",False
455,/431/436/455/,Fideos Cortos,3,436.0,"Abarrotes > Fideos, Pastas y Salsas","Abarrotes > Fideos, Pastas y Salsas > Fideos Cortos",False
456,/431/436/456/,Fideos Chinos,3,436.0,"Abarrotes > Fideos, Pastas y Salsas","Abarrotes > Fideos, Pastas y Salsas > Fideos Chinos",False
458,/431/436/458/,Pastas Rellenas y para Rellenar,3,436.0,"Abarrotes > Fideos, Pastas y Salsas","Abarrotes > Fideos, Pastas y Salsas > Pastas Rellenas y para Rellenar",False
564,/431/436/564/,Salsas de Tomate,3,436.0,"Abarrotes > Fideos, Pastas y Salsas","Abarrotes > Fideos, Pastas y Salsas > Salsas de Tomate",False
1442,/431/436/1442/,Sémola y Fideos Especiales,3,436.0,"Abarrotes > Fideos, Pastas y Salsas","Abarrotes > Fideos, Pastas y Salsas > Sémola y Fideos Especiales",False
1630,/431/436/1630/,Otras Salsas,3,436.0,"Abarrotes > Fideos, Pastas y Salsas","Abarrotes > Fideos, Pastas y Salsas > Otras Salsas",False
459,/431/459/,Conservas,2,431.0,Abarrotes,Abarrotes > Conservas,True
460,/431/459/460/,Pescados en Conserva,3,459.0,Abarrotes > Conservas,Abarrotes > Conservas > Pescados en Conserva,False
461,/431/459/461/,Mariscos en Conserva,3,459.0,Abarrotes > Conservas,Abarrotes > Conservas > Mariscos en Conserva,False
462,/431/459/462/,Frutas en Conserva,3,459.0,Abarrotes > Conservas,Abarrotes > Conservas > Frutas en Conserva,False
463,/431/459/463/,Verduras en Conserva,3,459.0,Abarrotes > Conservas,Abarrotes > Conservas > Verduras en Conserva,False
465,/431/459/465/,Aceitunas en Conserva,3,459.0,Abarrotes > Conservas,Abarrotes > Conservas > Aceitunas en Conserva,False
466,/431/459/466/,Otras Conservas,3,459.0,Abarrotes > Conservas,Abarrotes > Conservas > Otras Conservas,False
1058,/431/459/1058/,Legumbres en Conserva,3,459.0,Abarrotes > Conservas,Abarrotes > Conservas > Legumbres en Conserva,False
524,/431/524/,"Salsas, Cremas y Condimentos",2,431.0,Abarrotes,"Abarrotes > Salsas, Cremas y Condimentos",True
468,/431/524/468/,Mayonesa,3,524.0,"Abarrotes > Salsas, Cremas y Condimentos","Abarrotes > Salsas, Cremas y Condimentos > Mayonesa",False
469,/431/524/469/,Ketchup,3,524.0,"Abarrotes > Salsas, Cremas y Condimentos","Abarrotes > Salsas, Cremas y Condimentos > Ketchup",False
470,/431/524/470/,Mostaza,3,524.0,"Abarrotes > Salsas, Cremas y Condimentos","Abarrotes > Salsas, Cremas y Condimentos > Mostaza",False
472,/431/524/472/,Ají y Rocoto,3,524.0,"Abarrotes > Salsas, Cremas y Condimentos","Abarrotes > Salsas, Cremas y Condimentos > Ají y Rocoto",False
474,/431/524/474/,Aliños y Vinagretas,3,524.0,"Abarrotes > Salsas, Cremas y Condimentos","Abarrotes > Salsas, Cremas y Condimentos > Aliños y Vinagretas",False
475,/431/524/475/,Salsas especiales,3,524.0,"Abarrotes > Salsas, Cremas y Condimentos","Abarrotes > Salsas, Cremas y Condimentos > Salsas especiales",False
476,/431/524/476/,Sillao,3,524.0,"Abarrotes > Salsas, Cremas y Condimentos","Abarrotes > Salsas, Cremas y Condimentos > Sillao",False
525,/431/524/525/,Sal y Pimienta,3,524.0,"Abarrotes > Salsas, Cremas y Condimentos","Abarrotes > Salsas, Cremas y Condimentos > Sal y Pimienta",False
527,/431/524/527/,Ajo,3,524.0,"Abarrotes > Salsas, Cremas y Condimentos","Abarrotes > Salsas, Cremas y Condimentos > Ajo",False
528,/431/524/528/,Vinagre,3,524.0,"Abarrotes > Salsas, Cremas y Condimentos","Abarrotes > Salsas, Cremas y Condimentos > Vinagre",False
529,/431/524/529/,Caldos en Cubitos,3,524.0,"Abarrotes > Salsas, Cremas y Condimentos","Abarrotes > Salsas, Cremas y Condimentos > Caldos en Cubitos",False
530,/431/524/530/,Otros Condimentos,3,524.0,"Abarrotes > Salsas, Cremas y Condimentos","Abarrotes > Salsas, Cremas y Condimentos > Otros Condimentos",False
631,/431/524/631/,"Aderezos, Sazonadores y Otros",3,524.0,"Abarrotes > Salsas, Cremas y Condimentos","Abarrotes > Salsas, Cremas y Condimentos > Aderezos, Sazonadores y Otros",False
1631,/431/524/1631/,Mezclas para Apanar,3,524.0,"Abarrotes > Salsas, Cremas y Condimentos","Abarrotes > Salsas, Cremas y Condimentos > Mezclas para Apanar",False
630,/431/630/,Comidas Instantáneas,2,431.0,Abarrotes,Abarrotes > Comidas Instantáneas,True
973,/431/630/973/,Sopas,3,630.0,Abarrotes > Comidas Instantáneas,Abarrotes > Comidas Instantáneas > Sopas,False
974,/431/630/974/,Purés,3,630.0,Abarrotes > Comidas Instantáneas,Abarrotes > Comidas Instantáneas > Purés,False
1054,/431/630/1054/,Cremas,3,630.0,Abarrotes > Comidas Instantáneas,Abarrotes > Comidas Instantáneas > Cremas,False
1055,/431/630/1055/,Comidas Listas,3,630.0,Abarrotes > Comidas Instantáneas,Abarrotes > Comidas Instantáneas > Comidas Listas,False
1037,/431/1037/,Galletas y Golosinas,2,431.0,Abarrotes,Abarrotes > Galletas y Golosinas,True
38,/431/1037/38/,Galletas Saladas,3,1037.0,Abarrotes > Galletas y Golosinas,Abarrotes > Galletas y Golosinas > Galletas Saladas,False
41,/431/1037/41/,Galletas Dulces,3,1037.0,Abarrotes > Galletas y Golosinas,Abarrotes > Galletas y Golosinas > Galletas Dulces,False
47,/431/1037/47/,Caramelos y Chupetes,3,1037.0,Abarrotes > Galletas y Golosinas,Abarrotes > Galletas y Golosinas > Caramelos y Chupetes,False
1056,/431/1037/1056/,Gomitas y Gomas de Mascar,3,1037.0,Abarrotes > Galletas y Golosinas,Abarrotes > Galletas y Golosinas > Gomitas y Gomas de Mascar,False
1057,/431/1037/1057/,Otras Golosinas,3,1037.0,Abarrotes > Galletas y Golosinas,Abarrotes > Galletas y Golosinas > Otras Golosinas,False
1080,/431/1080/,Canastas Navideñas,2,431.0,Abarrotes,Abarrotes > Canastas Navideñas,False
1439,/431/1439/,Chocolatería,2,431.0,Abarrotes,Abarrotes > Chocolatería,True
1632,/431/1439/1632/,Bombones,3,1439.0,Abarrotes > Chocolatería,Abarrotes > Chocolatería > Bombones,False
1633,/431/1439/1633/,Chocolates y Lentejas,3,1439.0,Abarrotes > Chocolatería,Abarrotes > Chocolatería > Chocolates y Lentejas,False
1634,/431/1439/1634/,Tabletas de Chocolate,3,1439.0,Abarrotes > Chocolatería,Abarrotes > Chocolatería > Tabletas de Chocolate,False
1635,/431/1439/1635/,Huevos de Pascua,3,1439.0,Abarrotes > Chocolatería,Abarrotes > Chocolatería > Huevos de Pascua,False
2734,/431/1439/2734/,Barras de Chocolate,3,1439.0,Abarrotes > Chocolatería,Abarrotes > Chocolatería > Barras de Chocolate,False
679,/679/,Electrohogar,1,,(raiz),Electrohogar,True
688,/679/688/,Herramientas Eléctricas,2,679.0,Electrohogar,Electrohogar > Herramientas Eléctricas,True
947,/679/688/947/,Pulidoras y Lijadoras,3,688.0,Electrohogar > Herramientas Eléctricas,Electrohogar > Herramientas Eléctricas > Pulidoras y Lijadoras,False
1247,/679/688/1247/,Máquinas de Coser,3,688.0,Electrohogar > Herramientas Eléctricas,Electrohogar > Herramientas Eléctricas > Máquinas de Coser,False
1460,/679/688/1460/,Taladros,3,688.0,Electrohogar > Herramientas Eléctricas,Electrohogar > Herramientas Eléctricas > Taladros,False
1461,/679/688/1461/,Sierras y Esmeriles,3,688.0,Electrohogar > Herramientas Eléctricas,Electrohogar > Herramientas Eléctricas > Sierras y Esmeriles,False
1462,/679/688/1462/,Amoladoras,3,688.0,Electrohogar > Herramientas Eléctricas,Electrohogar > Herramientas Eléctricas > Amoladoras,False
1463,/679/688/1463/,Herramientas Multifuncionales,3,688.0,Electrohogar > Herramientas Eléctricas,Electrohogar > Herramientas Eléctricas > Herramientas Multifuncionales,False
690,/679/690/,Cocinas,2,679.0,Electrohogar,Electrohogar > Cocinas,True
746,/679/690/746/,Campanas Extractoras,3,690.0,Electrohogar > Cocinas,Electrohogar > Cocinas > Campanas Extractoras,False
747,/679/690/747/,Cocinas de Pie,3,690.0,Electrohogar > Cocinas,Electrohogar > Cocinas > Cocinas de Pie,False
1210,/679/690/1210/,Hornos Empotrables,3,690.0,Electrohogar > Cocinas,Electrohogar > Cocinas > Hornos Empotrables,False
1453,/679/690/1453/,Cocinas Empotrables,3,690.0,Electrohogar > Cocinas,Electrohogar > Cocinas > Cocinas Empotrables,False
691,/679/691/,Lavado,2,679.0,Electrohogar,Electrohogar > Lavado,True
749,/679/691/749/,Lavaseca,3,691.0,Electrohogar > Lavado,Electrohogar > Lavado > Lavaseca,False
750,/679/691/750/,Lavadoras,3,691.0,Electrohogar > Lavado,Electrohogar > Lavado > Lavadoras,False
751,/679/691/751/,Secadoras,3,691.0,Electrohogar > Lavado,Electrohogar > Lavado > Secadoras,False
693,/679/693/,Refrigeración,2,679.0,Electrohogar,Electrohogar > Refrigeración,True
754,/679/693/754/,Congeladoras,3,693.0,Electrohogar > Refrigeración,Electrohogar > Refrigeración > Congeladoras,False
755,/679/693/755/,Frigobares,3,693.0,Electrohogar > Refrigeración,Electrohogar > Refrigeración > Frigobares,False
756,/679/693/756/,Refrigeradoras,3,693.0,Electrohogar > Refrigeración,Electrohogar > Refrigeración > Refrigeradoras,False
757,/679/693/757/,Vineras,3,693.0,Electrohogar > Refrigeración,Electrohogar > Refrigeración > Vineras,False
1452,/679/693/1452/,Vitrinas Verticales,3,693.0,Electrohogar > Refrigeración,Electrohogar > Refrigeración > Vitrinas Verticales,False
694,/679/694/,Electrodomésticos de Cocina,2,679.0,Electrohogar,Electrohogar > Electrodomésticos de Cocina,True
753,/679/694/753/,Hornos Microondas,3,694.0,Electrohogar > Electrodomésticos de Cocina,Electrohogar > Electrodomésticos de Cocina > Hornos Microondas,False
785,/679/694/785/,Ollas Arroceras,3,694.0,Electrohogar > Electrodomésticos de Cocina,Electrohogar > Electrodomésticos de Cocina > Ollas Arroceras,False
787,/679/694/787/,Batidoras,3,694.0,Electrohogar > Electrodomésticos de Cocina,Electrohogar > Electrodomésticos de Cocina > Batidoras,False
788,/679/694/788/,Hornos Eléctricos,3,694.0,Electrohogar > Electrodomésticos de Cocina,Electrohogar > Electrodomésticos de Cocina > Hornos Eléctricos,False
789,/679/694/789/,Licuadoras,3,694.0,Electrohogar > Electrodomésticos de Cocina,Electrohogar > Electrodomésticos de Cocina > Licuadoras,False
790,/679/694/790/,Extractores,3,694.0,Electrohogar > Electrodomésticos de Cocina,Electrohogar > Electrodomésticos de Cocina > Extractores,False
791,/679/694/791/,Cafeteras,3,694.0,Electrohogar > Electrodomésticos de Cocina,Electrohogar > Electrodomésticos de Cocina > Cafeteras,False
792,/679/694/792/,Wafleras,3,694.0,Electrohogar > Electrodomésticos de Cocina,Electrohogar > Electrodomésticos de Cocina > Wafleras,False
795,/679/694/795/,Combos Electrodomésticos,3,694.0,Electrohogar > Electrodomésticos de Cocina,Electrohogar > Electrodomésticos de Cocina > Combos Electrodomésticos,False
1198,/679/694/1198/,Filtros de Agua y Purificadores,3,694.0,Electrohogar > Electrodomésticos de Cocina,Electrohogar > Electrodomésticos de Cocina > Filtros de Agua y Purificadores,False
1454,/679/694/1454/,Hervidores Eléctricos,3,694.0,Electrohogar > Electrodomésticos de Cocina,Electrohogar > Electrodomésticos de Cocina > Hervidores Eléctricos,False
1455,/679/694/1455/,Dispensadores de Agua,3,694.0,Electrohogar > Electrodomésticos de Cocina,Electrohogar > Electrodomésticos de Cocina > Dispensadores de Agua,False
1763,/679/694/1763/,Freidoras de aire,3,694.0,Electrohogar > Electrodomésticos de Cocina,Electrohogar > Electrodomésticos de Cocina > Freidoras de aire,False
2542,/679/694/2542/,Sandwicheras,3,694.0,Electrohogar > Electrodomésticos de Cocina,Electrohogar > Electrodomésticos de Cocina > Sandwicheras,False
2544,/679/694/2544/,Exprimidores,3,694.0,Electrohogar > Electrodomésticos de Cocina,Electrohogar > Electrodomésticos de Cocina > Exprimidores,False
2547,/679/694/2547/,Tostadoras,3,694.0,Electrohogar > Electrodomésticos de Cocina,Electrohogar > Electrodomésticos de Cocina > Tostadoras,False
2548,/679/694/2548/,Parrillas Eléctricas y Grills,3,694.0,Electrohogar > Electrodomésticos de Cocina,Electrohogar > Electrodomésticos de Cocina > Parrillas Eléctricas y Grills,False
695,/679/695/,Cuidado Personal,2,679.0,Electrohogar,Electrohogar > Cuidado Personal,True
739,/679/695/739/,Afeitadoras y Cortadoras de Cabello,3,695.0,Electrohogar > Cuidado Personal,Electrohogar > Cuidado Personal > Afeitadoras y Cortadoras de Cabello,False
741,/679/695/741/,Depiladoras,3,695.0,Electrohogar > Cuidado Personal,Electrohogar > Cuidado Personal > Depiladoras,False
742,/679/695/742/,Alisadoras de Cabello,3,695.0,Electrohogar > Cuidado Personal,Electrohogar > Cuidado Personal > Alisadoras de Cabello,False
743,/679/695/743/,Secadoras de Cabello,3,695.0,Electrohogar > Cuidado Personal,Electrohogar > Cuidado Personal > Secadoras de Cabello,False
1457,/679/695/1457/,Masajeadores,3,695.0,Electrohogar > Cuidado Personal,Electrohogar > Cuidado Personal > Masajeadores,False
2543,/679/695/2543/,Rizadoras de Cabello,3,695.0,Electrohogar > Cuidado Personal,Electrohogar > Cuidado Personal > Rizadoras de Cabello,False
696,/679/696/,Climatización,2,679.0,Electrohogar,Electrohogar > Climatización,True
744,/679/696/744/,Ventiladores,3,696.0,Electrohogar > Climatización,Electrohogar > Climatización > Ventiladores,False
745,/679/696/745/,Aire Acondicionado,3,696.0,Electrohogar > Climatización,Electrohogar > Climatización > Aire Acondicionado,False
1045,/679/696/1045/,Estufas y Calefactores,3,696.0,Electrohogar > Climatización,Electrohogar > Climatización > Estufas y Calefactores,False
1066,/679/696/1066/,Deshumedecedores Eléctricos,3,696.0,Electrohogar > Climatización,Electrohogar > Climatización > Deshumedecedores Eléctricos,False
1109,/679/696/1109/,Termas a Gas,3,696.0,Electrohogar > Climatización,Electrohogar > Climatización > Termas a Gas,False
1458,/679/696/1458/,Termas a Eléctricas,3,696.0,Electrohogar > Climatización,Electrohogar > Climatización > Termas a Eléctricas,False
1459,/679/696/1459/,Rapiduchas,3,696.0,Electrohogar > Climatización,Electrohogar > Climatización > Rapiduchas,False
1416,/679/1416/,Electrodomésticos del hogar,2,679.0,Electrohogar,Electrohogar > Electrodomésticos del hogar,True
793,/679/1416/793/,Aspiradoras,3,1416.0,Electrohogar > Electrodomésticos del hogar,Electrohogar > Electrodomésticos del hogar > Aspiradoras,False
1108,/679/1416/1108/,Máquinas Lavavajillas,3,1416.0,Electrohogar > Electrodomésticos del hogar,Electrohogar > Electrodomésticos del hogar > Máquinas Lavavajillas,False
1456,/679/1416/1456/,Hidrolavadoras,3,1416.0,Electrohogar > Electrodomésticos del hogar,Electrohogar > Electrodomésticos del hogar > Hidrolavadoras,False
2762,/679/1416/2762/,Vaporizadores,3,1416.0,Electrohogar > Electrodomésticos del hogar,Electrohogar > Electrodomésticos del hogar > Vaporizadores,False
2763,/679/1416/2763/,Planchas a vapor,3,1416.0,Electrohogar > Electrodomésticos del hogar,Electrohogar > Electrodomésticos del hogar > Planchas a vapor,False
2764,/679/1416/2764/,Lustradoras,3,1416.0,Electrohogar > Electrodomésticos del hogar,Electrohogar > Electrodomésticos del hogar > Lustradoras,False
2765,/679/1416/2765/,Planchas de ropa,3,1416.0,Electrohogar > Electrodomésticos del hogar,Electrohogar > Electrodomésticos del hogar > Planchas de ropa,False
2766,/679/1416/2766/,Accesorios de electrodomésticos del hogar,3,1416.0,Electrohogar > Electrodomésticos del hogar,Electrohogar > Electrodomésticos del hogar > Accesorios de electrodomésticos del hogar,False
77,/77/,Frutas y Verduras,1,,(raiz),Frutas y Verduras,True
817,/77/817/,Frutas,2,77.0,Frutas y Verduras,Frutas y Verduras > Frutas,True
821,/77/817/821/,"Naranja, Mandarina y Otros Cítricos",3,817.0,Frutas y Verduras > Frutas,"Frutas y Verduras > Frutas > Naranja, Mandarina y Otros Cítricos",False
822,/77/817/822/,"Melocotón, Durazno y Mango",3,817.0,Frutas y Verduras > Frutas,"Frutas y Verduras > Frutas > Melocotón, Durazno y Mango",False
823,/77/817/823/,"Chirimoya, Lúcuma, Carambola y Otras",3,817.0,Frutas y Verduras > Frutas,"Frutas y Verduras > Frutas > Chirimoya, Lúcuma, Carambola y Otras",False
824,/77/817/824/,"Manzana, Pera y Membrillo",3,817.0,Frutas y Verduras > Frutas,"Frutas y Verduras > Frutas > Manzana, Pera y Membrillo",False
825,/77/817/825/,Frutas Congeladas,3,817.0,Frutas y Verduras > Frutas,Frutas y Verduras > Frutas > Frutas Congeladas,False
894,/77/817/894/,Frutas Picadas y Preparadas,3,817.0,Frutas y Verduras > Frutas,Frutas y Verduras > Frutas > Frutas Picadas y Preparadas,False
896,/77/817/896/,"Fresa, Arándano, Aguaymanto y Otros Berries",3,817.0,Frutas y Verduras > Frutas,"Frutas y Verduras > Frutas > Fresa, Arándano, Aguaymanto y Otros Berries",False
985,/77/817/985/,"Maracuyá, Granadilla, Tuna y Tumbo",3,817.0,Frutas y Verduras > Frutas,"Frutas y Verduras > Frutas > Maracuyá, Granadilla, Tuna y Tumbo",False
986,/77/817/986/,Paltas,3,817.0,Frutas y Verduras > Frutas,Frutas y Verduras > Frutas > Paltas,False
987,/77/817/987/,Sandía y Melón,3,817.0,Frutas y Verduras > Frutas,Frutas y Verduras > Frutas > Sandía y Melón,False
988,/77/817/988/,Papaya y Piña,3,817.0,Frutas y Verduras > Frutas,Frutas y Verduras > Frutas > Papaya y Piña,False
989,/77/817/989/,Plátano y Uva,3,817.0,Frutas y Verduras > Frutas,Frutas y Verduras > Frutas > Plátano y Uva,False
1617,/77/817/1617/,Ciruelas y Cerezas,3,817.0,Frutas y Verduras > Frutas,Frutas y Verduras > Frutas > Ciruelas y Cerezas,False
1666,/77/817/1666/,Packs de Frutas,3,817.0,Frutas y Verduras > Frutas,Frutas y Verduras > Frutas > Packs de Frutas,False
1764,/77/817/1764/,Jugos Naturales,3,817.0,Frutas y Verduras > Frutas,Frutas y Verduras > Frutas > Jugos Naturales,False
818,/77/818/,Verduras,2,77.0,Frutas y Verduras,Frutas y Verduras > Verduras,True
826,/77/818/826/,"Zapallo, Berenjena y Caigua",3,818.0,Frutas y Verduras > Verduras,"Frutas y Verduras > Verduras > Zapallo, Berenjena y Caigua",False
827,/77/818/827/,"Cebolla, Ajo, Rocoto y Ají",3,818.0,Frutas y Verduras > Verduras,"Frutas y Verduras > Verduras > Cebolla, Ajo, Rocoto y Ají",False
828,/77/818/828/,"Brócoli, Coliflor, Alcachofa y Col",3,818.0,Frutas y Verduras > Verduras,"Frutas y Verduras > Verduras > Brócoli, Coliflor, Alcachofa y Col",False
829,/77/818/829/,"Apio, Espárrago y Otros Tallos",3,818.0,Frutas y Verduras > Verduras,"Frutas y Verduras > Verduras > Apio, Espárrago y Otros Tallos",False
830,/77/818/830/,"Lechuga, Espinaca y Hojas Verdes",3,818.0,Frutas y Verduras > Verduras,"Frutas y Verduras > Verduras > Lechuga, Espinaca y Hojas Verdes",False
831,/77/818/831/,Hierbas e Infusiones,3,818.0,Frutas y Verduras > Verduras,Frutas y Verduras > Verduras > Hierbas e Infusiones,False
833,/77/818/833/,"Arveja, Vainita, Haba y Otras Legumbres",3,818.0,Frutas y Verduras > Verduras,"Frutas y Verduras > Verduras > Arveja, Vainita, Haba y Otras Legumbres",False
834,/77/818/834/,"Tomate, Pepino y Pimiento",3,818.0,Frutas y Verduras > Verduras,"Frutas y Verduras > Verduras > Tomate, Pepino y Pimiento",False
835,/77/818/835/,"Papa, Camote, Yuca y Otros Tubérculos",3,818.0,Frutas y Verduras > Verduras,"Frutas y Verduras > Verduras > Papa, Camote, Yuca y Otros Tubérculos",False
836,/77/818/836/,"Zanahoria, Beterraga, Rabanito y Otras Raíces",3,818.0,Frutas y Verduras > Verduras,"Frutas y Verduras > Verduras > Zanahoria, Beterraga, Rabanito y Otras Raíces",False
895,/77/818/895/,Verduras Congeladas,3,818.0,Frutas y Verduras > Verduras,Frutas y Verduras > Verduras > Verduras Congeladas,False
990,/77/818/990/,"Hongos, Setas y Germinados",3,818.0,Frutas y Verduras > Verduras,"Frutas y Verduras > Verduras > Hongos, Setas y Germinados",False
991,/77/818/991/,Packs de Verduras,3,818.0,Frutas y Verduras > Verduras,Frutas y Verduras > Verduras > Packs de Verduras,False
992,/77/818/992/,Ensaladas y Verduras Picadas,3,818.0,Frutas y Verduras > Verduras,Frutas y Verduras > Verduras > Ensaladas y Verduras Picadas,False
1618,/77/818/1618/,Limón,3,818.0,Frutas y Verduras > Verduras,Frutas y Verduras > Verduras > Limón,False
1619,/77/818/1619/,Choclo,3,818.0,Frutas y Verduras > Verduras,Frutas y Verduras > Verduras > Choclo,False
1667,/77/818/1667/,Verduras Orientales,3,818.0,Frutas y Verduras > Verduras,Frutas y Verduras > Verduras > Verduras Orientales,False
681,/681/,Decohogar,1,,(raiz),Decohogar,True
698,/681/698/,Accesorios para Baño,2,681.0,Decohogar,Decohogar > Accesorios para Baño,True
708,/681/698/708/,Toallas,3,698.0,Decohogar > Accesorios para Baño,Decohogar > Accesorios para Baño > Toallas,False
709,/681/698/709/,Cortinas de Baño,3,698.0,Decohogar > Accesorios para Baño,Decohogar > Accesorios para Baño > Cortinas de Baño,False
710,/681/698/710/,Pisos de Baño,3,698.0,Decohogar > Accesorios para Baño,Decohogar > Accesorios para Baño > Pisos de Baño,False
711,/681/698/711/,Accesorios de Baño,3,698.0,Decohogar > Accesorios para Baño,Decohogar > Accesorios para Baño > Accesorios de Baño,False
699,/681/699/,Menaje de Cocina,2,681.0,Decohogar,Decohogar > Menaje de Cocina,True
730,/681/699/730/,Tapers y Contenedores,3,699.0,Decohogar > Menaje de Cocina,Decohogar > Menaje de Cocina > Tapers y Contenedores,False
735,/681/699/735/,Sartenes y Woks,3,699.0,Decohogar > Menaje de Cocina,Decohogar > Menaje de Cocina > Sartenes y Woks,False
736,/681/699/736/,Juego de ollas,3,699.0,Decohogar > Menaje de Cocina,Decohogar > Menaje de Cocina > Juego de ollas,False
737,/681/699/737/,"Utensilios de Reposteria, Moldes y Bowls",3,699.0,Decohogar > Menaje de Cocina,"Decohogar > Menaje de Cocina > Utensilios de Reposteria, Moldes y Bowls",False
804,/681/699/804/,Utensilios de cocina,3,699.0,Decohogar > Menaje de Cocina,Decohogar > Menaje de Cocina > Utensilios de cocina,False
1494,/681/699/1494/,Teteras,3,699.0,Decohogar > Menaje de Cocina,Decohogar > Menaje de Cocina > Teteras,False
1495,/681/699/1495/,Termos,3,699.0,Decohogar > Menaje de Cocina,Decohogar > Menaje de Cocina > Termos,False
1496,/681/699/1496/,Cuchillos de Cocina,3,699.0,Decohogar > Menaje de Cocina,Decohogar > Menaje de Cocina > Cuchillos de Cocina,False
1729,/681/699/1729/,Ollas,3,699.0,Decohogar > Menaje de Cocina,Decohogar > Menaje de Cocina > Ollas,False
700,/681/700/,Menaje de Comedor,2,681.0,Decohogar,Decohogar > Menaje de Comedor,True
722,/681/700/722/,Vasos,3,700.0,Decohogar > Menaje de Comedor,Decohogar > Menaje de Comedor > Vasos,False
724,/681/700/724/,Tazas y Mugs,3,700.0,Decohogar > Menaje de Comedor,Decohogar > Menaje de Comedor > Tazas y Mugs,False
725,/681/700/725/,Sets de Vajilla,3,700.0,Decohogar > Menaje de Comedor,Decohogar > Menaje de Comedor > Sets de Vajilla,False
726,/681/700/726/,Cubiertos,3,700.0,Decohogar > Menaje de Comedor,Decohogar > Menaje de Comedor > Cubiertos,False
727,/681/700/727/,Bandejas y Azafates,3,700.0,Decohogar > Menaje de Comedor,Decohogar > Menaje de Comedor > Bandejas y Azafates,False
729,/681/700/729/,Jarras,3,700.0,Decohogar > Menaje de Comedor,Decohogar > Menaje de Comedor > Jarras,False
731,/681/700/731/,Tomatodos y Botellas,3,700.0,Decohogar > Menaje de Comedor,Decohogar > Menaje de Comedor > Tomatodos y Botellas,False
732,/681/700/732/,Accesorios de Mesa,3,700.0,Decohogar > Menaje de Comedor,Decohogar > Menaje de Comedor > Accesorios de Mesa,False
738,/681/700/738/,"Manteles, Individuales y Servilletas",3,700.0,Decohogar > Menaje de Comedor,"Decohogar > Menaje de Comedor > Manteles, Individuales y Servilletas",False
1497,/681/700/1497/,Copas,3,700.0,Decohogar > Menaje de Comedor,Decohogar > Menaje de Comedor > Copas,False
701,/681/701/,Decoración,2,681.0,Decohogar,Decohogar > Decoración,True
718,/681/701/718/,Flores y Floreros,3,701.0,Decohogar > Decoración,Decohogar > Decoración > Flores y Floreros,False
719,/681/701/719/,Velas y Portavelas,3,701.0,Decohogar > Decoración,Decohogar > Decoración > Velas y Portavelas,False
721,/681/701/721/,Marco de Fotos,3,701.0,Decohogar > Decoración,Decohogar > Decoración > Marco de Fotos,False
805,/681/701/805/,Adornos y Accesorios de Decoración,3,701.0,Decohogar > Decoración,Decohogar > Decoración > Adornos y Accesorios de Decoración,False
1211,/681/701/1211/,Cojines,3,701.0,Decohogar > Decoración,Decohogar > Decoración > Cojines,False
1212,/681/701/1212/,Espejos,3,701.0,Decohogar > Decoración,Decohogar > Decoración > Espejos,False
1274,/681/701/1274/,Persianas y Cortinas,3,701.0,Decohogar > Decoración,Decohogar > Decoración > Persianas y Cortinas,False
1504,/681/701/1504/,Alfombras y Tapetes,3,701.0,Decohogar > Decoración,Decohogar > Decoración > Alfombras y Tapetes,False
1505,/681/701/1505/,Decoración de Pared,3,701.0,Decohogar > Decoración,Decohogar > Decoración > Decoración de Pared,False
702,/681/702/,Organización del Hogar,2,681.0,Decohogar,Decohogar > Organización del Hogar,True
734,/681/702/734/,Accesorios para Planchar,3,702.0,Decohogar > Organización del Hogar,Decohogar > Organización del Hogar > Accesorios para Planchar,False
924,/681/702/924/,Cajas Organizadoras,3,702.0,Decohogar > Organización del Hogar,Decohogar > Organización del Hogar > Cajas Organizadoras,False
1498,/681/702/1498/,Organizadores de Cocina,3,702.0,Decohogar > Organización del Hogar,Decohogar > Organización del Hogar > Organizadores de Cocina,False
1499,/681/702/1499/,Organizadores de Ropa y Calzado,3,702.0,Decohogar > Organización del Hogar,Decohogar > Organización del Hogar > Organizadores de Ropa y Calzado,False
1500,/681/702/1500/,Organizadores de Escritorio y Oficina,3,702.0,Decohogar > Organización del Hogar,Decohogar > Organización del Hogar > Organizadores de Escritorio y Oficina,False
1501,/681/702/1501/,Organizadores de Lavandería,3,702.0,Decohogar > Organización del Hogar,Decohogar > Organización del Hogar > Organizadores de Lavandería,False
1502,/681/702/1502/,Organizadores para baño,3,702.0,Decohogar > Organización del Hogar,Decohogar > Organización del Hogar > Organizadores para baño,False
1074,/681/1074/,Navidad,2,681.0,Decohogar,Decohogar > Navidad,True
1075,/681/1074/1075/,Árboles de Navidad,3,1074.0,Decohogar > Navidad,Decohogar > Navidad > Árboles de Navidad,False
1076,/681/1074/1076/,Luces de Navidad,3,1074.0,Decohogar > Navidad,Decohogar > Navidad > Luces de Navidad,False
1077,/681/1074/1077/,Vajillas Navideñas,3,1074.0,Decohogar > Navidad,Decohogar > Navidad > Vajillas Navideñas,False
1078,/681/1074/1078/,Cojines Navideños,3,1074.0,Decohogar > Navidad,Decohogar > Navidad > Cojines Navideños,False
1079,/681/1074/1079/,Adornos Navideños,3,1074.0,Decohogar > Navidad,Decohogar > Navidad > Adornos Navideños,False
1814,/681/1074/1814/,Bolas de Navidad,3,1074.0,Decohogar > Navidad,Decohogar > Navidad > Bolas de Navidad,False
1815,/681/1074/1815/,Botas Navideñas,3,1074.0,Decohogar > Navidad,Decohogar > Navidad > Botas Navideñas,False
1816,/681/1074/1816/,Coronas Navideñas,3,1074.0,Decohogar > Navidad,Decohogar > Navidad > Coronas Navideñas,False
1817,/681/1074/1817/,Esferas Navideñas,3,1074.0,Decohogar > Navidad,Decohogar > Navidad > Esferas Navideñas,False
1818,/681/1074/1818/,Estrellas de Navidad,3,1074.0,Decohogar > Navidad,Decohogar > Navidad > Estrellas de Navidad,False
1819,/681/1074/1819/,Guirnaldas Navideñas,3,1074.0,Decohogar > Navidad,Decohogar > Navidad > Guirnaldas Navideñas,False
1820,/681/1074/1820/,Individuales Navideños,3,1074.0,Decohogar > Navidad,Decohogar > Navidad > Individuales Navideños,False
1821,/681/1074/1821/,Lazos Navideños,3,1074.0,Decohogar > Navidad,Decohogar > Navidad > Lazos Navideños,False
1822,/681/1074/1822/,Muñecos de Navidad,3,1074.0,Decohogar > Navidad,Decohogar > Navidad > Muñecos de Navidad,False
1823,/681/1074/1823/,Nacimiento Navideño,3,1074.0,Decohogar > Navidad,Decohogar > Navidad > Nacimiento Navideño,False
1824,/681/1074/1824/,Tazas Navideñas,3,1074.0,Decohogar > Navidad,Decohogar > Navidad > Tazas Navideñas,False
1825,/681/1074/1825/,Velas Navideñas,3,1074.0,Decohogar > Navidad,Decohogar > Navidad > Velas Navideñas,False
1422,/681/1422/,Parrillas (NO USAR),2,681.0,Decohogar,Decohogar > Parrillas (NO USAR),True
945,/681/1422/945/,Parrillas a gas (NO USAR),3,1422.0,Decohogar > Parrillas (NO USAR),Decohogar > Parrillas (NO USAR) > Parrillas a gas (NO USAR),False
1506,/681/1422/1506/,Cajas Chinas (NO USAR),3,1422.0,Decohogar > Parrillas (NO USAR),Decohogar > Parrillas (NO USAR) > Cajas Chinas (NO USAR),False
1507,/681/1422/1507/,Cilindros Parrilleros (NO USAR),3,1422.0,Decohogar > Parrillas (NO USAR),Decohogar > Parrillas (NO USAR) > Cilindros Parrilleros (NO USAR),False
1508,/681/1422/1508/,Accesorios y Utensilios para Parrilla (NO USAR),3,1422.0,Decohogar > Parrillas (NO USAR),Decohogar > Parrillas (NO USAR) > Accesorios y Utensilios para Parrilla (NO USAR),False
898,/898/,Mejoramiento del Hogar,1,,(raiz),Mejoramiento del Hogar,True
976,/898/976/,Ferretería,2,898.0,Mejoramiento del Hogar,Mejoramiento del Hogar > Ferretería,True
899,/898/976/899/,Pilas y Baterías,3,976.0,Mejoramiento del Hogar > Ferretería,Mejoramiento del Hogar > Ferretería > Pilas y Baterías,False
978,/898/976/978/,Pegamentos y Autoadhesivo,3,976.0,Mejoramiento del Hogar > Ferretería,Mejoramiento del Hogar > Ferretería > Pegamentos y Autoadhesivo,False
980,/898/976/980/,Accesorios de Ferretería,3,976.0,Mejoramiento del Hogar > Ferretería,Mejoramiento del Hogar > Ferretería > Accesorios de Ferretería,False
1136,/898/976/1136/,Herramientas de mano,3,976.0,Mejoramiento del Hogar > Ferretería,Mejoramiento del Hogar > Ferretería > Herramientas de mano,False
1137,/898/976/1137/,Amarres y Mallas,3,976.0,Mejoramiento del Hogar > Ferretería,Mejoramiento del Hogar > Ferretería > Amarres y Mallas,False
1193,/898/976/1193/,Productos de Fijación,3,976.0,Mejoramiento del Hogar > Ferretería,Mejoramiento del Hogar > Ferretería > Productos de Fijación,False
1194,/898/976/1194/,Accesorios y Seguridad para Puertas,3,976.0,Mejoramiento del Hogar > Ferretería,Mejoramiento del Hogar > Ferretería > Accesorios y Seguridad para Puertas,False
1195,/898/976/1195/,Artículos para el Mueblista,3,976.0,Mejoramiento del Hogar > Ferretería,Mejoramiento del Hogar > Ferretería > Artículos para el Mueblista,False
1196,/898/976/1196/,Chapas y Cerrajería,3,976.0,Mejoramiento del Hogar > Ferretería,Mejoramiento del Hogar > Ferretería > Chapas y Cerrajería,False
1209,/898/976/1209/,Embalaje,3,976.0,Mejoramiento del Hogar > Ferretería,Mejoramiento del Hogar > Ferretería > Embalaje,False
1215,/898/976/1215/,Accesorios para Herramientas Eléctricas,3,976.0,Mejoramiento del Hogar > Ferretería,Mejoramiento del Hogar > Ferretería > Accesorios para Herramientas Eléctricas,False
1705,/898/976/1705/,Puertas,3,976.0,Mejoramiento del Hogar > Ferretería,Mejoramiento del Hogar > Ferretería > Puertas,False
1129,/898/1129/,Jardinería,2,898.0,Mejoramiento del Hogar,Mejoramiento del Hogar > Jardinería,True
1130,/898/1129/1130/,Accesorios de Riego,3,1129.0,Mejoramiento del Hogar > Jardinería,Mejoramiento del Hogar > Jardinería > Accesorios de Riego,False
1131,/898/1129/1131/,Herramientas para Jardín,3,1129.0,Mejoramiento del Hogar > Jardinería,Mejoramiento del Hogar > Jardinería > Herramientas para Jardín,False
1132,/898/1129/1132/,Grass y plantas Artificiales,3,1129.0,Mejoramiento del Hogar > Jardinería,Mejoramiento del Hogar > Jardinería > Grass y plantas Artificiales,False
1133,/898/1129/1133/,Macetas y Adornos,3,1129.0,Mejoramiento del Hogar > Jardinería,Mejoramiento del Hogar > Jardinería > Macetas y Adornos,False
1134,/898/1129/1134/,"Tierra, Fertilizantes e Insecticidas",3,1129.0,Mejoramiento del Hogar > Jardinería,"Mejoramiento del Hogar > Jardinería > Tierra, Fertilizantes e Insecticidas",False
1135,/898/1129/1135/,Máquinas para Jardinería,3,1129.0,Mejoramiento del Hogar > Jardinería,Mejoramiento del Hogar > Jardinería > Máquinas para Jardinería,False
1183,/898/1183/,Construcción,2,898.0,Mejoramiento del Hogar,Mejoramiento del Hogar > Construcción,True
1187,/898/1183/1187/,Herramientas de Construcción,3,1183.0,Mejoramiento del Hogar > Construcción,Mejoramiento del Hogar > Construcción > Herramientas de Construcción,False
1694,/898/1183/1694/,Aislantes,3,1183.0,Mejoramiento del Hogar > Construcción,Mejoramiento del Hogar > Construcción > Aislantes,False
1695,/898/1183/1695/,Agregado,3,1183.0,Mejoramiento del Hogar > Construcción,Mejoramiento del Hogar > Construcción > Agregado,False
1696,/898/1183/1696/,Ladrillos y Bloques,3,1183.0,Mejoramiento del Hogar > Construcción,Mejoramiento del Hogar > Construcción > Ladrillos y Bloques,False
1697,/898/1183/1697/,Drywall y Madera,3,1183.0,Mejoramiento del Hogar > Construcción,Mejoramiento del Hogar > Construcción > Drywall y Madera,False
1698,/898/1183/1698/,Tableros Aglomerados y Estructurales,3,1183.0,Mejoramiento del Hogar > Construcción,Mejoramiento del Hogar > Construcción > Tableros Aglomerados y Estructurales,False
1699,/898/1183/1699/,Techos planos y ondulados,3,1183.0,Mejoramiento del Hogar > Construcción,Mejoramiento del Hogar > Construcción > Techos planos y ondulados,False
1700,/898/1183/1700/,Maquinaria de Construcción,3,1183.0,Mejoramiento del Hogar > Construcción,Mejoramiento del Hogar > Construcción > Maquinaria de Construcción,False
1184,/898/1184/,Electricidad,2,898.0,Mejoramiento del Hogar,Mejoramiento del Hogar > Electricidad,True
1188,/898/1184/1188/,Cables y alambres eléctricos,3,1184.0,Mejoramiento del Hogar > Electricidad,Mejoramiento del Hogar > Electricidad > Cables y alambres eléctricos,False
1189,/898/1184/1189/,Interruptores y Tomacorrientes,3,1184.0,Mejoramiento del Hogar > Electricidad,Mejoramiento del Hogar > Electricidad > Interruptores y Tomacorrientes,False
1190,/898/1184/1190/,Alarmas y Cámaras de Seguridad,3,1184.0,Mejoramiento del Hogar > Electricidad,Mejoramiento del Hogar > Electricidad > Alarmas y Cámaras de Seguridad,False
1191,/898/1184/1191/,Extensiones,3,1184.0,Mejoramiento del Hogar > Electricidad,Mejoramiento del Hogar > Electricidad > Extensiones,False
1192,/898/1184/1192/,Transformadores y Estabilizadores,3,1184.0,Mejoramiento del Hogar > Electricidad,Mejoramiento del Hogar > Electricidad > Transformadores y Estabilizadores,False
1701,/898/1184/1701/,Canalización,3,1184.0,Mejoramiento del Hogar > Electricidad,Mejoramiento del Hogar > Electricidad > Canalización,False
1702,/898/1184/1702/,Puesta a tierra,3,1184.0,Mejoramiento del Hogar > Electricidad,Mejoramiento del Hogar > Electricidad > Puesta a tierra,False
1703,/898/1184/1703/,Tableros y llaves eléctricas,3,1184.0,Mejoramiento del Hogar > Electricidad,Mejoramiento del Hogar > Electricidad > Tableros y llaves eléctricas,False
1704,/898/1184/1704/,Tubos eléctricos,3,1184.0,Mejoramiento del Hogar > Electricidad,Mejoramiento del Hogar > Electricidad > Tubos eléctricos,False
1185,/898/1185/,Gasfitería,2,898.0,Mejoramiento del Hogar,Mejoramiento del Hogar > Gasfitería,True
1197,/898/1185/1197/,Accesorios Sanitarios y de Gasfitería,3,1185.0,Mejoramiento del Hogar > Gasfitería,Mejoramiento del Hogar > Gasfitería > Accesorios Sanitarios y de Gasfitería,False
1199,/898/1185/1199/,Tanques de Agua,3,1185.0,Mejoramiento del Hogar > Gasfitería,Mejoramiento del Hogar > Gasfitería > Tanques de Agua,False
1200,/898/1185/1200/,Tubos y Conexiones,3,1185.0,Mejoramiento del Hogar > Gasfitería,Mejoramiento del Hogar > Gasfitería > Tubos y Conexiones,False
1201,/898/1185/1201/,"Selladores, Cintas y Pegamentos",3,1185.0,Mejoramiento del Hogar > Gasfitería,"Mejoramiento del Hogar > Gasfitería > Selladores, Cintas y Pegamentos",False
1208,/898/1185/1208/,Bombas de Agua,3,1185.0,Mejoramiento del Hogar > Gasfitería,Mejoramiento del Hogar > Gasfitería > Bombas de Agua,False
1707,/898/1185/1707/,Lavaderos y grifería para cocina,3,1185.0,Mejoramiento del Hogar > Gasfitería,Mejoramiento del Hogar > Gasfitería > Lavaderos y grifería para cocina,False
1708,/898/1185/1708/,Lavatorios,3,1185.0,Mejoramiento del Hogar > Gasfitería,Mejoramiento del Hogar > Gasfitería > Lavatorios,False
1709,/898/1185/1709/,Inodoros y asientos,3,1185.0,Mejoramiento del Hogar > Gasfitería,Mejoramiento del Hogar > Gasfitería > Inodoros y asientos,False
1710,/898/1185/1710/,Grifería para ducha,3,1185.0,Mejoramiento del Hogar > Gasfitería,Mejoramiento del Hogar > Gasfitería > Grifería para ducha,False
1711,/898/1185/1711/,Tinas e Hidromasajes,3,1185.0,Mejoramiento del Hogar > Gasfitería,Mejoramiento del Hogar > Gasfitería > Tinas e Hidromasajes,False
1712,/898/1185/1712/,Cabinas de Ducha,3,1185.0,Mejoramiento del Hogar > Gasfitería,Mejoramiento del Hogar > Gasfitería > Cabinas de Ducha,False
1186,/898/1186/,Pinturas y Acabados,2,898.0,Mejoramiento del Hogar,Mejoramiento del Hogar > Pinturas y Acabados,True
1202,/898/1186/1202/,Acabados Especiales para Pared,3,1186.0,Mejoramiento del Hogar > Pinturas y Acabados,Mejoramiento del Hogar > Pinturas y Acabados > Acabados Especiales para Pared,False
1203,/898/1186/1203/,Accesorios para Pintar,3,1186.0,Mejoramiento del Hogar > Pinturas y Acabados,Mejoramiento del Hogar > Pinturas y Acabados > Accesorios para Pintar,False
1204,/898/1186/1204/,Escaleras,3,1186.0,Mejoramiento del Hogar > Pinturas y Acabados,Mejoramiento del Hogar > Pinturas y Acabados > Escaleras,False
1205,/898/1186/1205/,"Esmaltes, Barnices y Solventes",3,1186.0,Mejoramiento del Hogar > Pinturas y Acabados,"Mejoramiento del Hogar > Pinturas y Acabados > Esmaltes, Barnices y Solventes",False
1206,/898/1186/1206/,Pinturas al Latex,3,1186.0,Mejoramiento del Hogar > Pinturas y Acabados,Mejoramiento del Hogar > Pinturas y Acabados > Pinturas al Latex,False
1207,/898/1186/1207/,Productos para Resanar,3,1186.0,Mejoramiento del Hogar > Pinturas y Acabados,Mejoramiento del Hogar > Pinturas y Acabados > Productos para Resanar,False
1266,/898/1266/,Vestimenta de Seguridad Industrial,2,898.0,Mejoramiento del Hogar,Mejoramiento del Hogar > Vestimenta de Seguridad Industrial,True
1267,/898/1266/1267/,Calzado de Seguridad,3,1266.0,Mejoramiento del Hogar > Vestimenta de Seguridad Industrial,Mejoramiento del Hogar > Vestimenta de Seguridad Industrial > Calzado de Seguridad,False
1268,/898/1266/1268/,Ropa de Seguridad Industrial,3,1266.0,Mejoramiento del Hogar > Vestimenta de Seguridad Industrial,Mejoramiento del Hogar > Vestimenta de Seguridad Industrial > Ropa de Seguridad Industrial,False
1269,/898/1266/1269/,Fajas y Arneses,3,1266.0,Mejoramiento del Hogar > Vestimenta de Seguridad Industrial,Mejoramiento del Hogar > Vestimenta de Seguridad Industrial > Fajas y Arneses,False
1270,/898/1266/1270/,Cascos de Seguridad,3,1266.0,Mejoramiento del Hogar > Vestimenta de Seguridad Industrial,Mejoramiento del Hogar > Vestimenta de Seguridad Industrial > Cascos de Seguridad,False
1271,/898/1266/1271/,Protectores Visuales y Auditivos,3,1266.0,Mejoramiento del Hogar > Vestimenta de Seguridad Industrial,Mejoramiento del Hogar > Vestimenta de Seguridad Industrial > Protectores Visuales y Auditivos,False
1272,/898/1266/1272/,Guantes de Seguridad,3,1266.0,Mejoramiento del Hogar > Vestimenta de Seguridad Industrial,Mejoramiento del Hogar > Vestimenta de Seguridad Industrial > Guantes de Seguridad,False
1713,/898/1266/1713/,Extintores,3,1266.0,Mejoramiento del Hogar > Vestimenta de Seguridad Industrial,Mejoramiento del Hogar > Vestimenta de Seguridad Industrial > Extintores,False
1714,/898/1266/1714/,Señales de seguridad industrial,3,1266.0,Mejoramiento del Hogar > Vestimenta de Seguridad Industrial,Mejoramiento del Hogar > Vestimenta de Seguridad Industrial > Señales de seguridad industrial,False
1434,/898/1434/,Iluminación,2,898.0,Mejoramiento del Hogar,Mejoramiento del Hogar > Iluminación,True
720,/898/1434/720/,Lámparas y Colgantes,3,1434.0,Mejoramiento del Hogar > Iluminación,Mejoramiento del Hogar > Iluminación > Lámparas y Colgantes,False
1611,/898/1434/1611/,Focos y Luces LED,3,1434.0,Mejoramiento del Hogar > Iluminación,Mejoramiento del Hogar > Iluminación > Focos y Luces LED,False
1612,/898/1434/1612/,Iluminación Exterior,3,1434.0,Mejoramiento del Hogar > Iluminación,Mejoramiento del Hogar > Iluminación > Iluminación Exterior,False
1613,/898/1434/1613/,Iluminación Interior,3,1434.0,Mejoramiento del Hogar > Iluminación,Mejoramiento del Hogar > Iluminación > Iluminación Interior,False
1685,/898/1685/,Cerámicos y Pisos,2,898.0,Mejoramiento del Hogar,Mejoramiento del Hogar > Cerámicos y Pisos,True
1686,/898/1685/1686/,Cortadores y Accesorios,3,1685.0,Mejoramiento del Hogar > Cerámicos y Pisos,Mejoramiento del Hogar > Cerámicos y Pisos > Cortadores y Accesorios,False
1687,/898/1685/1687/,"Mosaicos, pepelmas y listelos",3,1685.0,Mejoramiento del Hogar > Cerámicos y Pisos,"Mejoramiento del Hogar > Cerámicos y Pisos > Mosaicos, pepelmas y listelos",False
1688,/898/1685/1688/,Paredes,3,1685.0,Mejoramiento del Hogar > Cerámicos y Pisos,Mejoramiento del Hogar > Cerámicos y Pisos > Paredes,False
1689,/898/1685/1689/,Pegamentos y Fraguas,3,1685.0,Mejoramiento del Hogar > Cerámicos y Pisos,Mejoramiento del Hogar > Cerámicos y Pisos > Pegamentos y Fraguas,False
1690,/898/1685/1690/,Pisos laminados,3,1685.0,Mejoramiento del Hogar > Cerámicos y Pisos,Mejoramiento del Hogar > Cerámicos y Pisos > Pisos laminados,False
1691,/898/1685/1691/,Pisos vinílicos,3,1685.0,Mejoramiento del Hogar > Cerámicos y Pisos,Mejoramiento del Hogar > Cerámicos y Pisos > Pisos vinílicos,False
1692,/898/1685/1692/,Porcelanatos,3,1685.0,Mejoramiento del Hogar > Cerámicos y Pisos,Mejoramiento del Hogar > Cerámicos y Pisos > Porcelanatos,False
1693,/898/1685/1693/,Pisos cerámicos,3,1685.0,Mejoramiento del Hogar > Cerámicos y Pisos,Mejoramiento del Hogar > Cerámicos y Pisos > Pisos cerámicos,False
4275,/898/1685/4275/,Pisos Gress,3,1685.0,Mejoramiento del Hogar > Cerámicos y Pisos,Mejoramiento del Hogar > Cerámicos y Pisos > Pisos Gress,False
210,/210/,Congelados,1,,(raiz),Congelados,True
856,/210/856/,Helados y Postres,2,210.0,Congelados,Congelados > Helados y Postres,True
1051,/210/856/1051/,Helados,3,856.0,Congelados > Helados y Postres,Congelados > Helados y Postres > Helados,False
1052,/210/856/1052/,Postres Congelados,3,856.0,Congelados > Helados y Postres,Congelados > Helados y Postres > Postres Congelados,False
994,/210/994/,"Panes, Pastas, Bocaditos y Salsas",2,210.0,Congelados,"Congelados > Panes, Pastas, Bocaditos y Salsas",True
1047,/210/994/1047/,Panes Congelados,3,994.0,"Congelados > Panes, Pastas, Bocaditos y Salsas","Congelados > Panes, Pastas, Bocaditos y Salsas > Panes Congelados",False
1048,/210/994/1048/,Pastas Congeladas,3,994.0,"Congelados > Panes, Pastas, Bocaditos y Salsas","Congelados > Panes, Pastas, Bocaditos y Salsas > Pastas Congeladas",False
1049,/210/994/1049/,Bocaditos Congelados,3,994.0,"Congelados > Panes, Pastas, Bocaditos y Salsas","Congelados > Panes, Pastas, Bocaditos y Salsas > Bocaditos Congelados",False
1050,/210/994/1050/,Salsas Congeladas,3,994.0,"Congelados > Panes, Pastas, Bocaditos y Salsas","Congelados > Panes, Pastas, Bocaditos y Salsas > Salsas Congeladas",False
996,/210/996/,"Hamburguesas, Nuggets y Apanados",2,210.0,Congelados,"Congelados > Hamburguesas, Nuggets y Apanados",True
998,/210/996/998/,"Hamburguesas, Nuggets y Apanados de Res",3,996.0,"Congelados > Hamburguesas, Nuggets y Apanados","Congelados > Hamburguesas, Nuggets y Apanados > Hamburguesas, Nuggets y Apanados de Res",False
999,/210/996/999/,"Hamburguesas, Nuggets y Apanados de Pollo",3,996.0,"Congelados > Hamburguesas, Nuggets y Apanados","Congelados > Hamburguesas, Nuggets y Apanados > Hamburguesas, Nuggets y Apanados de Pollo",False
1000,/210/996/1000/,"Hamburguesas, Nuggets y Apanados de Cerdo",3,996.0,"Congelados > Hamburguesas, Nuggets y Apanados","Congelados > Hamburguesas, Nuggets y Apanados > Hamburguesas, Nuggets y Apanados de Cerdo",False
1001,/210/996/1001/,"Hamburguesas, Nuggets y Apanados de Pescado",3,996.0,"Congelados > Hamburguesas, Nuggets y Apanados","Congelados > Hamburguesas, Nuggets y Apanados > Hamburguesas, Nuggets y Apanados de Pescado",False
1002,/210/996/1002/,"Hamburguesas, Nuggets y Apanados Vegetarianos",3,996.0,"Congelados > Hamburguesas, Nuggets y Apanados","Congelados > Hamburguesas, Nuggets y Apanados > Hamburguesas, Nuggets y Apanados Vegetarianos",False
997,/210/997/,Enrollados,2,210.0,Congelados,Congelados > Enrollados,True
1376,/210/997/1376/,Enrollado de Pollo,3,997.0,Congelados > Enrollados,Congelados > Enrollados > Enrollado de Pollo,False
1377,/210/997/1377/,Enrollado de Cerdo,3,997.0,Congelados > Enrollados,Congelados > Enrollados > Enrollado de Cerdo,False
1622,/210/997/1622/,Enrollado de Pavita,3,997.0,Congelados > Enrollados,Congelados > Enrollados > Enrollado de Pavita,False
621,/621/,Quesos y Fiambres,1,,(raiz),Quesos y Fiambres,True
847,/621/847/,Quesos Blandos,2,621.0,Quesos y Fiambres,Quesos y Fiambres > Quesos Blandos,True
62,/621/847/62/,Queso Fresco,3,847.0,Quesos y Fiambres > Quesos Blandos,Quesos y Fiambres > Quesos Blandos > Queso Fresco,False
70,/621/847/70/,Queso Ricotta,3,847.0,Quesos y Fiambres > Quesos Blandos,Quesos y Fiambres > Quesos Blandos > Queso Ricotta,False
71,/621/847/71/,Queso Azul,3,847.0,Quesos y Fiambres > Quesos Blandos,Quesos y Fiambres > Quesos Blandos > Queso Azul,False
862,/621/847/862/,Otros Quesos Blandos,3,847.0,Quesos y Fiambres > Quesos Blandos,Quesos y Fiambres > Quesos Blandos > Otros Quesos Blandos,False
873,/621/847/873/,Queso Brie,3,847.0,Quesos y Fiambres > Quesos Blandos,Quesos y Fiambres > Quesos Blandos > Queso Brie,False
874,/621/847/874/,Quesos Blandos de Cabra y Oveja,3,847.0,Quesos y Fiambres > Quesos Blandos,Quesos y Fiambres > Quesos Blandos > Quesos Blandos de Cabra y Oveja,False
876,/621/847/876/,Queso Camembert,3,847.0,Quesos y Fiambres > Quesos Blandos,Quesos y Fiambres > Quesos Blandos > Queso Camembert,False
848,/621/848/,Quesos Duros,2,621.0,Quesos y Fiambres,Quesos y Fiambres > Quesos Duros,True
65,/621/848/65/,Queso Grana Padano,3,848.0,Quesos y Fiambres > Quesos Duros,Quesos y Fiambres > Quesos Duros > Queso Grana Padano,False
868,/621/848/868/,Queso Manchego,3,848.0,Quesos y Fiambres > Quesos Duros,Quesos y Fiambres > Quesos Duros > Queso Manchego,False
869,/621/848/869/,Queso Parmesano,3,848.0,Quesos y Fiambres > Quesos Duros,Quesos y Fiambres > Quesos Duros > Queso Parmesano,False
878,/621/848/878/,Otros Quesos Duros,3,848.0,Quesos y Fiambres > Quesos Duros,Quesos y Fiambres > Quesos Duros > Otros Quesos Duros,False
850,/621/850/,Quesos Procesados,2,621.0,Quesos y Fiambres,Quesos y Fiambres > Quesos Procesados,True
66,/621/850/66/,Queso Crema,3,850.0,Quesos y Fiambres > Quesos Procesados,Quesos y Fiambres > Quesos Procesados > Queso Crema,False
69,/621/850/69/,Queso Fondue,3,850.0,Quesos y Fiambres > Quesos Procesados,Quesos y Fiambres > Quesos Procesados > Queso Fondue,False
867,/621/850/867/,Queso Fundido,3,850.0,Quesos y Fiambres > Quesos Procesados,Quesos y Fiambres > Quesos Procesados > Queso Fundido,False
851,/621/851/,Otros Fiambres,2,621.0,Quesos y Fiambres,Quesos y Fiambres > Otros Fiambres,True
881,/621/851/881/,Lomo,3,851.0,Quesos y Fiambres > Otros Fiambres,Quesos y Fiambres > Otros Fiambres > Lomo,False
883,/621/851/883/,Tocino,3,851.0,Quesos y Fiambres > Otros Fiambres,Quesos y Fiambres > Otros Fiambres > Tocino,False
880,/621/880/,Jamones Madurados,2,621.0,Quesos y Fiambres,Quesos y Fiambres > Jamones Madurados,True
1242,/621/880/1242/,Prosciutto,3,880.0,Quesos y Fiambres > Jamones Madurados,Quesos y Fiambres > Jamones Madurados > Prosciutto,False
1243,/621/880/1243/,Jamón Ibérico,3,880.0,Quesos y Fiambres > Jamones Madurados,Quesos y Fiambres > Jamones Madurados > Jamón Ibérico,False
1244,/621/880/1244/,Jamón Serrano,3,880.0,Quesos y Fiambres > Jamones Madurados,Quesos y Fiambres > Jamones Madurados > Jamón Serrano,False
882,/621/882/,Salames y Salchichones,2,621.0,Quesos y Fiambres,Quesos y Fiambres > Salames y Salchichones,True
1238,/621/882/1238/,Cabanossi,3,882.0,Quesos y Fiambres > Salames y Salchichones,Quesos y Fiambres > Salames y Salchichones > Cabanossi,False
1239,/621/882/1239/,Salame,3,882.0,Quesos y Fiambres > Salames y Salchichones,Quesos y Fiambres > Salames y Salchichones > Salame,False
1240,/621/882/1240/,Fuet,3,882.0,Quesos y Fiambres > Salames y Salchichones,Quesos y Fiambres > Salames y Salchichones > Fuet,False
1241,/621/882/1241/,Salchichón,3,882.0,Quesos y Fiambres > Salames y Salchichones,Quesos y Fiambres > Salames y Salchichones > Salchichón,False
1014,/621/1014/,Quesos Semiduros,2,621.0,Quesos y Fiambres,Quesos y Fiambres > Quesos Semiduros,True
72,/621/1014/72/,Quesos Semiduros de Cabra y Oveja,3,1014.0,Quesos y Fiambres > Quesos Semiduros,Quesos y Fiambres > Quesos Semiduros > Quesos Semiduros de Cabra y Oveja,False
107,/621/1014/107/,Queso Provolone,3,1014.0,Quesos y Fiambres > Quesos Semiduros,Quesos y Fiambres > Quesos Semiduros > Queso Provolone,False
861,/621/1014/861/,Queso Mozzarella,3,1014.0,Quesos y Fiambres > Quesos Semiduros,Quesos y Fiambres > Quesos Semiduros > Queso Mozzarella,False
863,/621/1014/863/,Queso Danbo,3,1014.0,Quesos y Fiambres > Quesos Semiduros,Quesos y Fiambres > Quesos Semiduros > Queso Danbo,False
864,/621/1014/864/,Queso Edam,3,1014.0,Quesos y Fiambres > Quesos Semiduros,Quesos y Fiambres > Quesos Semiduros > Queso Edam,False
865,/621/1014/865/,Queso Emmental,3,1014.0,Quesos y Fiambres > Quesos Semiduros,Quesos y Fiambres > Quesos Semiduros > Queso Emmental,False
866,/621/1014/866/,Queso Gouda,3,1014.0,Quesos y Fiambres > Quesos Semiduros,Quesos y Fiambres > Quesos Semiduros > Queso Gouda,False
870,/621/1014/870/,Otros Quesos Semiduros,3,1014.0,Quesos y Fiambres > Quesos Semiduros,Quesos y Fiambres > Quesos Semiduros > Otros Quesos Semiduros,False
871,/621/1014/871/,Queso Andino,3,1014.0,Quesos y Fiambres > Quesos Semiduros,Quesos y Fiambres > Quesos Semiduros > Queso Andino,False
872,/621/1014/872/,Queso Cheddar,3,1014.0,Quesos y Fiambres > Quesos Semiduros,Quesos y Fiambres > Quesos Semiduros > Queso Cheddar,False
877,/621/1014/877/,Queso Paria,3,1014.0,Quesos y Fiambres > Quesos Semiduros,Quesos y Fiambres > Quesos Semiduros > Queso Paria,False
1015,/621/1015/,Embutidos,2,621.0,Quesos y Fiambres,Quesos y Fiambres > Embutidos,True
1016,/621/1015/1016/,Salchichas,3,1015.0,Quesos y Fiambres > Embutidos,Quesos y Fiambres > Embutidos > Salchichas,False
1227,/621/1015/1227/,Chorizos,3,1015.0,Quesos y Fiambres > Embutidos,Quesos y Fiambres > Embutidos > Chorizos,False
1229,/621/1015/1229/,Morcillas,3,1015.0,Quesos y Fiambres > Embutidos,Quesos y Fiambres > Embutidos > Morcillas,False
1230,/621/1015/1230/,Hot Dogs,3,1015.0,Quesos y Fiambres > Embutidos,Quesos y Fiambres > Embutidos > Hot Dogs,False
1231,/621/1015/1231/,Salchichas Frankfurter,3,1015.0,Quesos y Fiambres > Embutidos,Quesos y Fiambres > Embutidos > Salchichas Frankfurter,False
1017,/621/1017/,Jamonadas y Jamones Cocidos,2,621.0,Quesos y Fiambres,Quesos y Fiambres > Jamonadas y Jamones Cocidos,True
1232,/621/1017/1232/,Jamonada,3,1017.0,Quesos y Fiambres > Jamonadas y Jamones Cocidos,Quesos y Fiambres > Jamonadas y Jamones Cocidos > Jamonada,False
1233,/621/1017/1233/,Jamón,3,1017.0,Quesos y Fiambres > Jamonadas y Jamones Cocidos,Quesos y Fiambres > Jamonadas y Jamones Cocidos > Jamón,False
1234,/621/1017/1234/,Chicharrón,3,1017.0,Quesos y Fiambres > Jamonadas y Jamones Cocidos,Quesos y Fiambres > Jamonadas y Jamones Cocidos > Chicharrón,False
1235,/621/1017/1235/,Pastel,3,1017.0,Quesos y Fiambres > Jamonadas y Jamones Cocidos,Quesos y Fiambres > Jamonadas y Jamones Cocidos > Pastel,False
1236,/621/1017/1236/,Mortadela,3,1017.0,Quesos y Fiambres > Jamonadas y Jamones Cocidos,Quesos y Fiambres > Jamonadas y Jamones Cocidos > Mortadela,False
1237,/621/1017/1237/,Bondiola,3,1017.0,Quesos y Fiambres > Jamonadas y Jamones Cocidos,Quesos y Fiambres > Jamonadas y Jamones Cocidos > Bondiola,False
1122,/621/1122/,Tablas y Piqueos,2,621.0,Quesos y Fiambres,Quesos y Fiambres > Tablas y Piqueos,True
1018,/621/1122/1018/,Patés y Mousses,3,1122.0,Quesos y Fiambres > Tablas y Piqueos,Quesos y Fiambres > Tablas y Piqueos > Patés y Mousses,False
1096,/621/1122/1096/,Encurtidos,3,1122.0,Quesos y Fiambres > Tablas y Piqueos,Quesos y Fiambres > Tablas y Piqueos > Encurtidos,False
1226,/621/1122/1226/,Tablas de Quesos y Fiambres,3,1122.0,Quesos y Fiambres > Tablas y Piqueos,Quesos y Fiambres > Tablas y Piqueos > Tablas de Quesos y Fiambres,False
1228,/621/1122/1228/,Aceitunas,3,1122.0,Quesos y Fiambres > Tablas y Piqueos,Quesos y Fiambres > Tablas y Piqueos > Aceitunas,False
1138,/1138/,Belleza,1,,(raiz),Belleza,True
1142,/1138/1142/,Maquillaje y Cosméticos,2,1138.0,Belleza,Belleza > Maquillaje y Cosméticos,True
1160,/1138/1142/1160/,Maquillaje de Ojos,3,1142.0,Belleza > Maquillaje y Cosméticos,Belleza > Maquillaje y Cosméticos > Maquillaje de Ojos,False
1161,/1138/1142/1161/,Labial,3,1142.0,Belleza > Maquillaje y Cosméticos,Belleza > Maquillaje y Cosméticos > Labial,False
1162,/1138/1142/1162/,Maquillaje Facial,3,1142.0,Belleza > Maquillaje y Cosméticos,Belleza > Maquillaje y Cosméticos > Maquillaje Facial,False
1163,/1138/1142/1163/,Maquillaje de Uñas,3,1142.0,Belleza > Maquillaje y Cosméticos,Belleza > Maquillaje y Cosméticos > Maquillaje de Uñas,False
1164,/1138/1142/1164/,Accesorios,3,1142.0,Belleza > Maquillaje y Cosméticos,Belleza > Maquillaje y Cosméticos > Accesorios,False
1165,/1138/1142/1165/,Sets de Maquillaje,3,1142.0,Belleza > Maquillaje y Cosméticos,Belleza > Maquillaje y Cosméticos > Sets de Maquillaje,False
3016,/1138/1142/3016/,Maquillaje de Cejas,3,1142.0,Belleza > Maquillaje y Cosméticos,Belleza > Maquillaje y Cosméticos > Maquillaje de Cejas,False
3017,/1138/1142/3017/,Pestañas,3,1142.0,Belleza > Maquillaje y Cosméticos,Belleza > Maquillaje y Cosméticos > Pestañas,False
1144,/1138/1144/,Perfumes y Fragancias,2,1138.0,Belleza,Belleza > Perfumes y Fragancias,True
1166,/1138/1144/1166/,Perfumes para Hombre,3,1144.0,Belleza > Perfumes y Fragancias,Belleza > Perfumes y Fragancias > Perfumes para Hombre,False
1167,/1138/1144/1167/,Perfumes para Mujer,3,1144.0,Belleza > Perfumes y Fragancias,Belleza > Perfumes y Fragancias > Perfumes para Mujer,False
1168,/1138/1144/1168/,Sets de Perfumes,3,1144.0,Belleza > Perfumes y Fragancias,Belleza > Perfumes y Fragancias > Sets de Perfumes,False
2854,/1138/2854/,Cuidado de la Piel Corporal,2,1138.0,Belleza,Belleza > Cuidado de la Piel Corporal,True
2855,/1138/2854/2855/,Autobronceador Corporal,3,2854.0,Belleza > Cuidado de la Piel Corporal,Belleza > Cuidado de la Piel Corporal > Autobronceador Corporal,False
2856,/1138/2854/2856/,Crema Corporal,3,2854.0,Belleza > Cuidado de la Piel Corporal,Belleza > Cuidado de la Piel Corporal > Crema Corporal,False
2857,/1138/2854/2857/,Crema para Las Estrías,3,2854.0,Belleza > Cuidado de la Piel Corporal,Belleza > Cuidado de la Piel Corporal > Crema para Las Estrías,False
2858,/1138/2854/2858/,Crema para Las Piernas,3,2854.0,Belleza > Cuidado de la Piel Corporal,Belleza > Cuidado de la Piel Corporal > Crema para Las Piernas,False
2859,/1138/2854/2859/,Crema para Manos,3,2854.0,Belleza > Cuidado de la Piel Corporal,Belleza > Cuidado de la Piel Corporal > Crema para Manos,False
2860,/1138/2854/2860/,Crema para pies,3,2854.0,Belleza > Cuidado de la Piel Corporal,Belleza > Cuidado de la Piel Corporal > Crema para pies,False
2861,/1138/2854/2861/,Crema para Regenerar la Piel,3,2854.0,Belleza > Cuidado de la Piel Corporal,Belleza > Cuidado de la Piel Corporal > Crema para Regenerar la Piel,False
2862,/1138/2854/2862/,Cremas Hidratantes para el Cuerpo,3,2854.0,Belleza > Cuidado de la Piel Corporal,Belleza > Cuidado de la Piel Corporal > Cremas Hidratantes para el Cuerpo,False
2863,/1138/2854/2863/,Sets de cuidado corporal,3,2854.0,Belleza > Cuidado de la Piel Corporal,Belleza > Cuidado de la Piel Corporal > Sets de cuidado corporal,False
2864,/1138/2864/,Cuidado Facial,2,1138.0,Belleza,Belleza > Cuidado Facial,True
2865,/1138/2864/2865/,Agua Micelar,3,2864.0,Belleza > Cuidado Facial,Belleza > Cuidado Facial > Agua Micelar,False
2866,/1138/2864/2866/,Contorno de Ojos,3,2864.0,Belleza > Cuidado Facial,Belleza > Cuidado Facial > Contorno de Ojos,False
2867,/1138/2864/2867/,Crema Facial,3,2864.0,Belleza > Cuidado Facial,Belleza > Cuidado Facial > Crema Facial,False
2868,/1138/2864/2868/,Desmaquillantes,3,2864.0,Belleza > Cuidado Facial,Belleza > Cuidado Facial > Desmaquillantes,False
2869,/1138/2864/2869/,Discos de algodón,3,2864.0,Belleza > Cuidado Facial,Belleza > Cuidado Facial > Discos de algodón,False
2870,/1138/2864/2870/,Exfoliante Facial,3,2864.0,Belleza > Cuidado Facial,Belleza > Cuidado Facial > Exfoliante Facial,False
2871,/1138/2864/2871/,Limpieza Facial,3,2864.0,Belleza > Cuidado Facial,Belleza > Cuidado Facial > Limpieza Facial,False
2872,/1138/2864/2872/,Mascarillas Faciales,3,2864.0,Belleza > Cuidado Facial,Belleza > Cuidado Facial > Mascarillas Faciales,False
2873,/1138/2864/2873/,Pañuelo Facial,3,2864.0,Belleza > Cuidado Facial,Belleza > Cuidado Facial > Pañuelo Facial,False
2874,/1138/2864/2874/,Sérum para el Rostro,3,2864.0,Belleza > Cuidado Facial,Belleza > Cuidado Facial > Sérum para el Rostro,False
2875,/1138/2864/2875/,Sets de cuidado facial,3,2864.0,Belleza > Cuidado Facial,Belleza > Cuidado Facial > Sets de cuidado facial,False
2876,/1138/2876/,Protección Solar,2,1138.0,Belleza,Belleza > Protección Solar,True
2877,/1138/2876/2877/,After Sun,3,2876.0,Belleza > Protección Solar,Belleza > Protección Solar > After Sun,False
2878,/1138/2876/2878/,Bloqueador Corporal,3,2876.0,Belleza > Protección Solar,Belleza > Protección Solar > Bloqueador Corporal,False
2879,/1138/2876/2879/,Bronceadores,3,2876.0,Belleza > Protección Solar,Belleza > Protección Solar > Bronceadores,False
2880,/1138/2876/2880/,Protector de Labios,3,2876.0,Belleza > Protección Solar,Belleza > Protección Solar > Protector de Labios,False
2881,/1138/2876/2881/,Protector Solar Facial,3,2876.0,Belleza > Protección Solar,Belleza > Protección Solar > Protector Solar Facial,False
493,/493/,Panadería y Pastelería,1,,(raiz),Panadería y Pastelería,True
346,/493/346/,Repostería,2,493.0,Panadería y Pastelería,Panadería y Pastelería > Repostería,True
349,/493/346/349/,"Harinas, Féculas y Polvo para Hornear",3,346.0,Panadería y Pastelería > Repostería,"Panadería y Pastelería > Repostería > Harinas, Féculas y Polvo para Hornear",False
351,/493/346/351/,Leche condensada y Crema chantilly,3,346.0,Panadería y Pastelería > Repostería,Panadería y Pastelería > Repostería > Leche condensada y Crema chantilly,False
983,/493/346/983/,"Especias, Esencias y Decoración",3,346.0,Panadería y Pastelería > Repostería,"Panadería y Pastelería > Repostería > Especias, Esencias y Decoración",False
1651,/493/346/1651/,Chocolate Bitter,3,346.0,Panadería y Pastelería > Repostería,Panadería y Pastelería > Repostería > Chocolate Bitter,False
1677,/493/346/1677/,Manjar Blanco y Dulce de Leche,3,346.0,Panadería y Pastelería > Repostería,Panadería y Pastelería > Repostería > Manjar Blanco y Dulce de Leche,False
1678,/493/346/1678/,Fudge y Crema de Avellanas,3,346.0,Panadería y Pastelería > Repostería,Panadería y Pastelería > Repostería > Fudge y Crema de Avellanas,False
1679,/493/346/1679/,Mantequilla de Maní y Almendras,3,346.0,Panadería y Pastelería > Repostería,Panadería y Pastelería > Repostería > Mantequilla de Maní y Almendras,False
531,/493/531/,Pan de la Casa,2,493.0,Panadería y Pastelería,Panadería y Pastelería > Pan de la Casa,True
538,/493/531/538/,Pan a Granel,3,531.0,Panadería y Pastelería > Pan de la Casa,Panadería y Pastelería > Pan de la Casa > Pan a Granel,False
540,/493/531/540/,Pan Especial y Bollería Fina,3,531.0,Panadería y Pastelería > Pan de la Casa,Panadería y Pastelería > Pan de la Casa > Pan Especial y Bollería Fina,False
1646,/493/531/1646/,Baguettes y Hogazas,3,531.0,Panadería y Pastelería > Pan de la Casa,Panadería y Pastelería > Pan de la Casa > Baguettes y Hogazas,False
532,/493/532/,Pan Envasado,2,493.0,Panadería y Pastelería,Panadería y Pastelería > Pan Envasado,True
542,/493/532/542/,Pan de Molde,3,532.0,Panadería y Pastelería > Pan Envasado,Panadería y Pastelería > Pan Envasado > Pan de Molde,False
543,/493/532/543/,Pan Pita y Árabe,3,532.0,Panadería y Pastelería > Pan Envasado,Panadería y Pastelería > Pan Envasado > Pan Pita y Árabe,False
545,/493/532/545/,Pan Especial,3,532.0,Panadería y Pastelería > Pan Envasado,Panadería y Pastelería > Pan Envasado > Pan Especial,False
548,/493/532/548/,"Tostadas, Crissinos y Galletas para Piqueo",3,532.0,Panadería y Pastelería > Pan Envasado,"Panadería y Pastelería > Pan Envasado > Tostadas, Crissinos y Galletas para Piqueo",False
533,/493/533/,Tortillas y Masas,2,493.0,Panadería y Pastelería,Panadería y Pastelería > Tortillas y Masas,True
549,/493/533/549/,Tortillas,3,533.0,Panadería y Pastelería > Tortillas y Masas,Panadería y Pastelería > Tortillas y Masas > Tortillas,False
550,/493/533/550/,Pre Pizza,3,533.0,Panadería y Pastelería > Tortillas y Masas,Panadería y Pastelería > Tortillas y Masas > Pre Pizza,False
551,/493/533/551/,Hojaldre,3,533.0,Panadería y Pastelería > Tortillas y Masas,Panadería y Pastelería > Tortillas y Masas > Hojaldre,False
536,/493/536/,Postres,2,493.0,Panadería y Pastelería,Panadería y Pastelería > Postres,True
347,/493/536/347/,"Gelatina, Mazamorra y Pre mezclas",3,536.0,Panadería y Pastelería > Postres,"Panadería y Pastelería > Postres > Gelatina, Mazamorra y Pre mezclas",False
1060,/493/536/1060/,Postres de la Casa,3,536.0,Panadería y Pastelería > Postres,Panadería y Pastelería > Postres > Postres de la Casa,False
1061,/493/536/1061/,Postres Listos,3,536.0,Panadería y Pastelería > Postres,Panadería y Pastelería > Postres > Postres Listos,False
638,/493/638/,Panetones,2,493.0,Panadería y Pastelería,Panadería y Pastelería > Panetones,False
1440,/493/1440/,Pastelería,2,493.0,Panadería y Pastelería,Panadería y Pastelería > Pastelería,True
534,/493/1440/534/,Kekes,3,1440.0,Panadería y Pastelería > Pastelería,Panadería y Pastelería > Pastelería > Kekes,False
535,/493/1440/535/,Tortas,3,1440.0,Panadería y Pastelería > Pastelería,Panadería y Pastelería > Pastelería > Tortas,False
1647,/493/1440/1647/,Chifones,3,1440.0,Panadería y Pastelería > Pastelería,Panadería y Pastelería > Pastelería > Chifones,False
1648,/493/1440/1648/,"Alfajores, Turrones y King Kong",3,1440.0,Panadería y Pastelería > Pastelería,"Panadería y Pastelería > Pastelería > Alfajores, Turrones y King Kong",False
1649,/493/1440/1649/,Cupcakes,3,1440.0,Panadería y Pastelería > Pastelería,Panadería y Pastelería > Pastelería > Cupcakes,False
1650,/493/1440/1650/,Bocaditos,3,1440.0,Panadería y Pastelería > Pastelería,Panadería y Pastelería > Pastelería > Bocaditos,False
666,/666/,Librería y Oficina,1,,(raiz),Librería y Oficina,True
900,/666/900/,"Mochilas, Loncheras y Cartucheras",2,666.0,Librería y Oficina,"Librería y Oficina > Mochilas, Loncheras y Cartucheras",True
580,/666/900/580/,Cartucheras,3,900.0,"Librería y Oficina > Mochilas, Loncheras y Cartucheras","Librería y Oficina > Mochilas, Loncheras y Cartucheras > Cartucheras",False
1414,/666/900/1414/,Mochilas,3,900.0,"Librería y Oficina > Mochilas, Loncheras y Cartucheras","Librería y Oficina > Mochilas, Loncheras y Cartucheras > Mochilas",False
1592,/666/900/1592/,Loncheras,3,900.0,"Librería y Oficina > Mochilas, Loncheras y Cartucheras","Librería y Oficina > Mochilas, Loncheras y Cartucheras > Loncheras",False
906,/666/906/,Útiles Escolares y de Oficina,2,666.0,Librería y Oficina,Librería y Oficina > Útiles Escolares y de Oficina,True
903,/666/906/903/,Papelería,3,906.0,Librería y Oficina > Útiles Escolares y de Oficina,Librería y Oficina > Útiles Escolares y de Oficina > Papelería,False
904,/666/906/904/,"Cuadernos, Libretas y Blocks",3,906.0,Librería y Oficina > Útiles Escolares y de Oficina,"Librería y Oficina > Útiles Escolares y de Oficina > Cuadernos, Libretas y Blocks",False
1213,/666/906/1213/,Lápices y Lapiceros,3,906.0,Librería y Oficina > Útiles Escolares y de Oficina,Librería y Oficina > Útiles Escolares y de Oficina > Lápices y Lapiceros,False
1585,/666/906/1585/,Resaltadores y Rotuladores,3,906.0,Librería y Oficina > Útiles Escolares y de Oficina,Librería y Oficina > Útiles Escolares y de Oficina > Resaltadores y Rotuladores,False
1586,/666/906/1586/,Otros Artículos de Oficina,3,906.0,Librería y Oficina > Útiles Escolares y de Oficina,Librería y Oficina > Útiles Escolares y de Oficina > Otros Artículos de Oficina,False
1587,/666/906/1587/,"Pegamentos, Notas y Cintas Adhesivas",3,906.0,Librería y Oficina > Útiles Escolares y de Oficina,"Librería y Oficina > Útiles Escolares y de Oficina > Pegamentos, Notas y Cintas Adhesivas",False
1588,/666/906/1588/,Folders y Archivadores,3,906.0,Librería y Oficina > Útiles Escolares y de Oficina,Librería y Oficina > Útiles Escolares y de Oficina > Folders y Archivadores,False
1589,/666/906/1589/,Packs Escolares,3,906.0,Librería y Oficina > Útiles Escolares y de Oficina,Librería y Oficina > Útiles Escolares y de Oficina > Packs Escolares,False
1590,/666/906/1590/,"Reglas, Tijeras y Tajadores",3,906.0,Librería y Oficina > Útiles Escolares y de Oficina,"Librería y Oficina > Útiles Escolares y de Oficina > Reglas, Tijeras y Tajadores",False
1591,/666/906/1591/,Borradores y Correctores,3,906.0,Librería y Oficina > Útiles Escolares y de Oficina,Librería y Oficina > Útiles Escolares y de Oficina > Borradores y Correctores,False
1436,/666/1436/,Arte y Diseño,2,666.0,Librería y Oficina,Librería y Oficina > Arte y Diseño,True
901,/666/1436/901/,Set y Juegos Creativos,3,1436.0,Librería y Oficina > Arte y Diseño,Librería y Oficina > Arte y Diseño > Set y Juegos Creativos,False
1091,/666/1436/1091/,Plastilinas y Masas Moldeables,3,1436.0,Librería y Oficina > Arte y Diseño,Librería y Oficina > Arte y Diseño > Plastilinas y Masas Moldeables,False
1594,/666/1436/1594/,"Témperas, Pinturas y Acuarelas",3,1436.0,Librería y Oficina > Arte y Diseño,"Librería y Oficina > Arte y Diseño > Témperas, Pinturas y Acuarelas",False
1595,/666/1436/1595/,Otros Artículos de Dibujo,3,1436.0,Librería y Oficina > Arte y Diseño,Librería y Oficina > Arte y Diseño > Otros Artículos de Dibujo,False
1596,/666/1436/1596/,"Colores, Crayones y Plumones",3,1436.0,Librería y Oficina > Arte y Diseño,"Librería y Oficina > Arte y Diseño > Colores, Crayones y Plumones",False
1437,/666/1437/,Libros y Agendas,2,666.0,Librería y Oficina,Librería y Oficina > Libros y Agendas,True
1412,/666/1437/1412/,Poesía,3,1437.0,Librería y Oficina > Libros y Agendas,Librería y Oficina > Libros y Agendas > Poesía,False
1548,/666/1437/1548/,Novelas,3,1437.0,Librería y Oficina > Libros y Agendas,Librería y Oficina > Libros y Agendas > Novelas,False
1549,/666/1437/1549/,Infantil,3,1437.0,Librería y Oficina > Libros y Agendas,Librería y Oficina > Libros y Agendas > Infantil,False
1550,/666/1437/1550/,Autoayuda,3,1437.0,Librería y Oficina > Libros y Agendas,Librería y Oficina > Libros y Agendas > Autoayuda,False
1551,/666/1437/1551/,Actualidad,3,1437.0,Librería y Oficina > Libros y Agendas,Librería y Oficina > Libros y Agendas > Actualidad,False
1552,/666/1437/1552/,Ciencias,3,1437.0,Librería y Oficina > Libros y Agendas,Librería y Oficina > Libros y Agendas > Ciencias,False
1553,/666/1437/1553/,Liderazgo y Management,3,1437.0,Librería y Oficina > Libros y Agendas,Librería y Oficina > Libros y Agendas > Liderazgo y Management,False
1554,/666/1437/1554/,Juvenil,3,1437.0,Librería y Oficina > Libros y Agendas,Librería y Oficina > Libros y Agendas > Juvenil,False
1555,/666/1437/1555/,Miscelanea,3,1437.0,Librería y Oficina > Libros y Agendas,Librería y Oficina > Libros y Agendas > Miscelanea,False
1556,/666/1437/1556/,Cocina,3,1437.0,Librería y Oficina > Libros y Agendas,Librería y Oficina > Libros y Agendas > Cocina,False
1557,/666/1437/1557/,Cómic y manga,3,1437.0,Librería y Oficina > Libros y Agendas,Librería y Oficina > Libros y Agendas > Cómic y manga,False
1559,/666/1437/1559/,Diccionarios y referencia,3,1437.0,Librería y Oficina > Libros y Agendas,Librería y Oficina > Libros y Agendas > Diccionarios y referencia,False
1561,/666/1437/1561/,Textos Escolares,3,1437.0,Librería y Oficina > Libros y Agendas,Librería y Oficina > Libros y Agendas > Textos Escolares,False
1597,/666/1437/1597/,Revistas,3,1437.0,Librería y Oficina > Libros y Agendas,Librería y Oficina > Libros y Agendas > Revistas,False
1598,/666/1437/1598/,Libros para Colorear,3,1437.0,Librería y Oficina > Libros y Agendas,Librería y Oficina > Libros y Agendas > Libros para Colorear,False
1599,/666/1437/1599/,Agendas y Planners,3,1437.0,Librería y Oficina > Libros y Agendas,Librería y Oficina > Libros y Agendas > Agendas y Planners,False
1438,/666/1438/,Regalos y Decoración para Fiestas,2,666.0,Librería y Oficina,Librería y Oficina > Regalos y Decoración para Fiestas,True
1600,/666/1438/1600/,Arreglos Florales,3,1438.0,Librería y Oficina > Regalos y Decoración para Fiestas,Librería y Oficina > Regalos y Decoración para Fiestas > Arreglos Florales,False
1601,/666/1438/1601/,Velas para Cumpleaños,3,1438.0,Librería y Oficina > Regalos y Decoración para Fiestas,Librería y Oficina > Regalos y Decoración para Fiestas > Velas para Cumpleaños,False
1602,/666/1438/1602/,Globos de Fiesta,3,1438.0,Librería y Oficina > Regalos y Decoración para Fiestas,Librería y Oficina > Regalos y Decoración para Fiestas > Globos de Fiesta,False
1603,/666/1438/1603/,Tarjetas de Cumpleaños,3,1438.0,Librería y Oficina > Regalos y Decoración para Fiestas,Librería y Oficina > Regalos y Decoración para Fiestas > Tarjetas de Cumpleaños,False
1604,/666/1438/1604/,Bolsas y Papeles de Regalo,3,1438.0,Librería y Oficina > Regalos y Decoración para Fiestas,Librería y Oficina > Regalos y Decoración para Fiestas > Bolsas y Papeles de Regalo,False
1605,/666/1438/1605/,Cotillón para Fiesta,3,1438.0,Librería y Oficina > Regalos y Decoración para Fiestas,Librería y Oficina > Regalos y Decoración para Fiestas > Cotillón para Fiesta,False
1884,/666/1438/1884/,Halloween,3,1438.0,Librería y Oficina > Regalos y Decoración para Fiestas,Librería y Oficina > Regalos y Decoración para Fiestas > Halloween,False
814,/814/,"Carnes, Aves y Pescados",1,,(raiz),"Carnes, Aves y Pescados",True
815,/814/815/,Pollo,2,814.0,"Carnes, Aves y Pescados","Carnes, Aves y Pescados > Pollo",True
837,/814/815/837/,Elaborados de Pollo,3,815.0,"Carnes, Aves y Pescados > Pollo","Carnes, Aves y Pescados > Pollo > Elaborados de Pollo",False
838,/814/815/838/,Menudencias de Pollo,3,815.0,"Carnes, Aves y Pescados > Pollo","Carnes, Aves y Pescados > Pollo > Menudencias de Pollo",False
841,/814/815/841/,Pollo Entero,3,815.0,"Carnes, Aves y Pescados > Pollo","Carnes, Aves y Pescados > Pollo > Pollo Entero",False
1043,/814/815/1043/,Cortes y Filetes de Pollo,3,815.0,"Carnes, Aves y Pescados > Pollo","Carnes, Aves y Pescados > Pollo > Cortes y Filetes de Pollo",False
816,/814/816/,Cerdo,2,814.0,"Carnes, Aves y Pescados","Carnes, Aves y Pescados > Cerdo",True
879,/814/816/879/,Elaborados de Cerdo,3,816.0,"Carnes, Aves y Pescados > Cerdo","Carnes, Aves y Pescados > Cerdo > Elaborados de Cerdo",False
1041,/814/816/1041/,Cortes Caseros de Cerdo,3,816.0,"Carnes, Aves y Pescados > Cerdo","Carnes, Aves y Pescados > Cerdo > Cortes Caseros de Cerdo",False
1042,/814/816/1042/,Cortes Parrilleros de Cerdo,3,816.0,"Carnes, Aves y Pescados > Cerdo","Carnes, Aves y Pescados > Cerdo > Cortes Parrilleros de Cerdo",False
820,/814/820/,Res,2,814.0,"Carnes, Aves y Pescados","Carnes, Aves y Pescados > Res",True
890,/814/820/890/,Cortes Parrilleros de Res,3,820.0,"Carnes, Aves y Pescados > Res","Carnes, Aves y Pescados > Res > Cortes Parrilleros de Res",False
891,/814/820/891/,Elaborados de Res,3,820.0,"Carnes, Aves y Pescados > Res","Carnes, Aves y Pescados > Res > Elaborados de Res",False
892,/814/820/892/,Menudencias de Res,3,820.0,"Carnes, Aves y Pescados > Res","Carnes, Aves y Pescados > Res > Menudencias de Res",False
1040,/814/820/1040/,Carne Molida de Res,3,820.0,"Carnes, Aves y Pescados > Res","Carnes, Aves y Pescados > Res > Carne Molida de Res",False
1684,/814/820/1684/,Cortes Caseros de Res,3,820.0,"Carnes, Aves y Pescados > Res","Carnes, Aves y Pescados > Res > Cortes Caseros de Res",False
840,/814/840/,"Pavo, Pavita y Otras Aves",2,814.0,"Carnes, Aves y Pescados","Carnes, Aves y Pescados > Pavo, Pavita y Otras Aves",True
843,/814/840/843/,Pavo Entero,3,840.0,"Carnes, Aves y Pescados > Pavo, Pavita y Otras Aves","Carnes, Aves y Pescados > Pavo, Pavita y Otras Aves > Pavo Entero",False
1003,/814/840/1003/,Cortes de Pavita,3,840.0,"Carnes, Aves y Pescados > Pavo, Pavita y Otras Aves","Carnes, Aves y Pescados > Pavo, Pavita y Otras Aves > Cortes de Pavita",False
1004,/814/840/1004/,Elaborados de Pavo y Pavita,3,840.0,"Carnes, Aves y Pescados > Pavo, Pavita y Otras Aves","Carnes, Aves y Pescados > Pavo, Pavita y Otras Aves > Elaborados de Pavo y Pavita",False
1593,/814/840/1593/,Gallina,3,840.0,"Carnes, Aves y Pescados > Pavo, Pavita y Otras Aves","Carnes, Aves y Pescados > Pavo, Pavita y Otras Aves > Gallina",False
887,/814/887/,Pescados y Mariscos,2,814.0,"Carnes, Aves y Pescados","Carnes, Aves y Pescados > Pescados y Mariscos",True
886,/814/887/886/,Mariscos Frescos,3,887.0,"Carnes, Aves y Pescados > Pescados y Mariscos","Carnes, Aves y Pescados > Pescados y Mariscos > Mariscos Frescos",False
1614,/814/887/1614/,Pescados Frescos,3,887.0,"Carnes, Aves y Pescados > Pescados y Mariscos","Carnes, Aves y Pescados > Pescados y Mariscos > Pescados Frescos",False
1615,/814/887/1615/,Pescados Congelados,3,887.0,"Carnes, Aves y Pescados > Pescados y Mariscos","Carnes, Aves y Pescados > Pescados y Mariscos > Pescados Congelados",False
1616,/814/887/1616/,Mariscos Congelados,3,887.0,"Carnes, Aves y Pescados > Pescados y Mariscos","Carnes, Aves y Pescados > Pescados y Mariscos > Mariscos Congelados",False
845,/845/,Lácteos y Huevos,1,,(raiz),Lácteos y Huevos,True
839,/845/839/,Huevos,2,845.0,Lácteos y Huevos,Lácteos y Huevos > Huevos,False
846,/845/846/,Leche,2,845.0,Lácteos y Huevos,Lácteos y Huevos > Leche,True
852,/845/846/852/,Leche en Polvo,3,846.0,Lácteos y Huevos > Leche,Lácteos y Huevos > Leche > Leche en Polvo,False
853,/845/846/853/,Leche Evaporada y Mezclas Lácteas,3,846.0,Lácteos y Huevos > Leche,Lácteos y Huevos > Leche > Leche Evaporada y Mezclas Lácteas,False
854,/845/846/854/,Leche Fresca y UHT Larga Vida,3,846.0,Lácteos y Huevos > Leche,Lácteos y Huevos > Leche > Leche Fresca y UHT Larga Vida,False
859,/845/846/859/,Leche de Soya y Otras Bebidas Vegetales,3,846.0,Lácteos y Huevos > Leche,Lácteos y Huevos > Leche > Leche de Soya y Otras Bebidas Vegetales,False
1264,/845/846/1264/,Crema de Leche,3,846.0,Lácteos y Huevos > Leche,Lácteos y Huevos > Leche > Crema de Leche,False
1623,/845/846/1623/,Leche Chocolatada,3,846.0,Lácteos y Huevos > Leche,Lácteos y Huevos > Leche > Leche Chocolatada,False
857,/845/857/,Mantequilla y Margarina,2,845.0,Lácteos y Huevos,Lácteos y Huevos > Mantequilla y Margarina,True
1007,/845/857/1007/,Mantequilla,3,857.0,Lácteos y Huevos > Mantequilla y Margarina,Lácteos y Huevos > Mantequilla y Margarina > Mantequilla,False
1008,/845/857/1008/,Margarina,3,857.0,Lácteos y Huevos > Mantequilla y Margarina,Lácteos y Huevos > Mantequilla y Margarina > Margarina,False
858,/845/858/,Yogurt,2,845.0,Lácteos y Huevos,Lácteos y Huevos > Yogurt,True
1009,/845/858/1009/,Yogurt Bebible,3,858.0,Lácteos y Huevos > Yogurt,Lácteos y Huevos > Yogurt > Yogurt Bebible,False
1011,/845/858/1011/,Yogurt Frutado,3,858.0,Lácteos y Huevos > Yogurt,Lácteos y Huevos > Yogurt > Yogurt Frutado,False
1012,/845/858/1012/,Yogurt Especial y Funcional,3,858.0,Lácteos y Huevos > Yogurt,Lácteos y Huevos > Yogurt > Yogurt Especial y Funcional,False
1013,/845/858/1013/,Yogurt con Cereal,3,858.0,Lácteos y Huevos > Yogurt,Lácteos y Huevos > Yogurt > Yogurt con Cereal,False
1770,/845/858/1770/,Yogurt Griego,3,858.0,Lácteos y Huevos > Yogurt,Lácteos y Huevos > Yogurt > Yogurt Griego,False
922,/922/,Juguetes y Juegos,1,,(raiz),Juguetes y Juegos,True
923,/922/923/,Juguetería,2,922.0,Juguetes y Juegos,Juguetes y Juegos > Juguetería,True
927,/922/923/927/,Muñecas,3,923.0,Juguetes y Juegos > Juguetería,Juguetes y Juegos > Juguetería > Muñecas,False
928,/922/923/928/,Peluches,3,923.0,Juguetes y Juegos > Juguetería,Juguetes y Juegos > Juguetería > Peluches,False
929,/922/923/929/,Figuras de Colección,3,923.0,Juguetes y Juegos > Juguetería,Juguetes y Juegos > Juguetería > Figuras de Colección,False
931,/922/923/931/,Figuras de Acción,3,923.0,Juguetes y Juegos > Juguetería,Juguetes y Juegos > Juguetería > Figuras de Acción,False
932,/922/923/932/,Autos y Pistas de Carrera,3,923.0,Juguetes y Juegos > Juguetería,Juguetes y Juegos > Juguetería > Autos y Pistas de Carrera,False
934,/922/923/934/,Juguetes Armables,3,923.0,Juguetes y Juegos > Juguetería,Juguetes y Juegos > Juguetería > Juguetes Armables,False
935,/922/923/935/,Pistolas y Lanzadores de Juguete,3,923.0,Juguetes y Juegos > Juguetería,Juguetes y Juegos > Juguetería > Pistolas y Lanzadores de Juguete,False
936,/922/923/936/,Otros Juguetes y Accesorios,3,923.0,Juguetes y Juegos > Juguetería,Juguetes y Juegos > Juguetería > Otros Juguetes y Accesorios,False
941,/922/923/941/,Artes y Manualidades,3,923.0,Juguetes y Juegos > Juguetería,Juguetes y Juegos > Juguetería > Artes y Manualidades,False
1218,/922/923/1218/,Funkos,3,923.0,Juguetes y Juegos > Juguetería,Juguetes y Juegos > Juguetería > Funkos,False
1584,/922/923/1584/,Juguetes a Batería,3,923.0,Juguetes y Juegos > Juguetería,Juguetes y Juegos > Juguetería > Juguetes a Batería,False
4334,/922/923/4334/,Juegos de mesa,3,923.0,Juguetes y Juegos > Juguetería,Juguetes y Juegos > Juguetería > Juegos de mesa,False
4335,/922/923/4335/,Rompecabezas,3,923.0,Juguetes y Juegos > Juguetería,Juguetes y Juegos > Juguetería > Rompecabezas,False
4175,/922/4175/,Juegos Recreativos,2,922.0,Juguetes y Juegos,Juguetes y Juegos > Juegos Recreativos,True
4176,/922/4175/4176/,Mesas de juego,3,4175.0,Juguetes y Juegos > Juegos Recreativos,Juguetes y Juegos > Juegos Recreativos > Mesas de juego,False
4177,/922/4175/4177/,Otros juegos de exterior,3,4175.0,Juguetes y Juegos > Juegos Recreativos,Juguetes y Juegos > Juegos Recreativos > Otros juegos de exterior,False
4178,/922/4175/4178/,Trampolines,3,4175.0,Juguetes y Juegos > Juegos Recreativos,Juguetes y Juegos > Juegos Recreativos > Trampolines,False
4179,/922/4175/4179/,Columpios y Toboganes,3,4175.0,Juguetes y Juegos > Juegos Recreativos,Juguetes y Juegos > Juegos Recreativos > Columpios y Toboganes,False
4243,/922/4175/4243/,Casas y carpas para niños,3,4175.0,Juguetes y Juegos > Juegos Recreativos,Juguetes y Juegos > Juegos Recreativos > Casas y carpas para niños,False
4244,/922/4175/4244/,Autos a batería,3,4175.0,Juguetes y Juegos > Juegos Recreativos,Juguetes y Juegos > Juegos Recreativos > Autos a batería,False
4245,/922/4175/4245/,Triciclos y correpasillos,3,4175.0,Juguetes y Juegos > Juegos Recreativos,Juguetes y Juegos > Juegos Recreativos > Triciclos y correpasillos,False
1098,/1098/,Muebles,1,,(raiz),Muebles,True
1030,/1098/1030/,Muebles de Sala,2,1098.0,Muebles,Muebles > Muebles de Sala,True
704,/1098/1030/704/,Centros de entretenimiento,3,1030.0,Muebles > Muebles de Sala,Muebles > Muebles de Sala > Centros de entretenimiento,False
705,/1098/1030/705/,Mesas de Centro y Auxiliares,3,1030.0,Muebles > Muebles de Sala,Muebles > Muebles de Sala > Mesas de Centro y Auxiliares,False
1120,/1098/1030/1120/,Juegos de sala,3,1030.0,Muebles > Muebles de Sala,Muebles > Muebles de Sala > Juegos de sala,False
2553,/1098/1030/2553/,Mesa para TV,3,1030.0,Muebles > Muebles de Sala,Muebles > Muebles de Sala > Mesa para TV,False
2554,/1098/1030/2554/,Paneles de TV,3,1030.0,Muebles > Muebles de Sala,Muebles > Muebles de Sala > Paneles de TV,False
2780,/1098/1030/2780/,Combos de Muebles de Sala,3,1030.0,Muebles > Muebles de Sala,Muebles > Muebles de Sala > Combos de Muebles de Sala,False
1084,/1098/1084/,Muebles de Comedor,2,1098.0,Muebles,Muebles > Muebles de Comedor,True
1085,/1098/1084/1085/,Mesas de comedor,3,1084.0,Muebles > Muebles de Comedor,Muebles > Muebles de Comedor > Mesas de comedor,False
1086,/1098/1084/1086/,Sillas de Comedor,3,1084.0,Muebles > Muebles de Comedor,Muebles > Muebles de Comedor > Sillas de Comedor,False
1114,/1098/1084/1114/,Juegos de Comedor,3,1084.0,Muebles > Muebles de Comedor,Muebles > Muebles de Comedor > Juegos de Comedor,False
2678,/1098/1084/2678/,Vitrinas y Aparadores,3,1084.0,Muebles > Muebles de Comedor,Muebles > Muebles de Comedor > Vitrinas y Aparadores,False
1111,/1098/1111/,Terrazas (NO USAR),2,1098.0,Muebles,Muebles > Terrazas (NO USAR),True
1029,/1098/1111/1029/,Mesas de Terraza (NO USAR),3,1111.0,Muebles > Terrazas (NO USAR),Muebles > Terrazas (NO USAR) > Mesas de Terraza (NO USAR),False
1112,/1098/1111/1112/,Juego de Terrazas (NO USAR),3,1111.0,Muebles > Terrazas (NO USAR),Muebles > Terrazas (NO USAR) > Juego de Terrazas (NO USAR),False
1116,/1098/1116/,Muebles de Cocina,2,1098.0,Muebles,Muebles > Muebles de Cocina,True
1476,/1098/1116/1476/,Alacena de Cocina,3,1116.0,Muebles > Muebles de Cocina,Muebles > Muebles de Cocina > Alacena de Cocina,False
1477,/1098/1116/1477/,Reposteros,3,1116.0,Muebles > Muebles de Cocina,Muebles > Muebles de Cocina > Reposteros,False
1478,/1098/1116/1478/,Muebles Modulares,3,1116.0,Muebles > Muebles de Cocina,Muebles > Muebles de Cocina > Muebles Modulares,False
2767,/1098/1116/2767/,Combos de Muebles de Cocina,3,1116.0,Muebles > Muebles de Cocina,Muebles > Muebles de Cocina > Combos de Muebles de Cocina,False
2768,/1098/1116/2768/,Lavaderos de Cocina,3,1116.0,Muebles > Muebles de Cocina,Muebles > Muebles de Cocina > Lavaderos de Cocina,False
2769,/1098/1116/2769/,Muebles para microondas,3,1116.0,Muebles > Muebles de Cocina,Muebles > Muebles de Cocina > Muebles para microondas,False
2770,/1098/1116/2770/,Tableros y Tapacantos para Cocina,3,1116.0,Muebles > Muebles de Cocina,Muebles > Muebles de Cocina > Tableros y Tapacantos para Cocina,False
1417,/1098/1417/,Muebles de Dormitorio,2,1098.0,Muebles,Muebles > Muebles de Dormitorio,True
1113,/1098/1417/1113/,Roperos,3,1417.0,Muebles > Muebles de Dormitorio,Muebles > Muebles de Dormitorio > Roperos,False
1216,/1098/1417/1216/,Cómodas,3,1417.0,Muebles > Muebles de Dormitorio,Muebles > Muebles de Dormitorio > Cómodas,False
1467,/1098/1417/1467/,Veladores y Mesas de Noche,3,1417.0,Muebles > Muebles de Dormitorio,Muebles > Muebles de Dormitorio > Veladores y Mesas de Noche,False
1468,/1098/1417/1468/,Zapateras,3,1417.0,Muebles > Muebles de Dormitorio,Muebles > Muebles de Dormitorio > Zapateras,False
2549,/1098/1417/2549/,Cabeceras de Cama,3,1417.0,Muebles > Muebles de Dormitorio,Muebles > Muebles de Dormitorio > Cabeceras de Cama,False
2677,/1098/1417/2677/,Tocadores,3,1417.0,Muebles > Muebles de Dormitorio,Muebles > Muebles de Dormitorio > Tocadores,False
2772,/1098/1417/2772/,Combos de Muebles de Dormitorio,3,1417.0,Muebles > Muebles de Dormitorio,Muebles > Muebles de Dormitorio > Combos de Muebles de Dormitorio,False
2773,/1098/1417/2773/,Espejos para cuartos,3,1417.0,Muebles > Muebles de Dormitorio,Muebles > Muebles de Dormitorio > Espejos para cuartos,False
2774,/1098/1417/2774/,Muebles bebé e infantil,3,1417.0,Muebles > Muebles de Dormitorio,Muebles > Muebles de Dormitorio > Muebles bebé e infantil,False
2775,/1098/1417/2775/,Percheros,3,1417.0,Muebles > Muebles de Dormitorio,Muebles > Muebles de Dormitorio > Percheros,False
1418,/1098/1418/,Muebles de Oficina,2,1098.0,Muebles,Muebles > Muebles de Oficina,True
1119,/1098/1418/1119/,Escritorios,3,1418.0,Muebles > Muebles de Oficina,Muebles > Muebles de Oficina > Escritorios,False
1470,/1098/1418/1470/,Libreros y Estantes,3,1418.0,Muebles > Muebles de Oficina,Muebles > Muebles de Oficina > Libreros y Estantes,False
1471,/1098/1418/1471/,Repisas y Estantería,3,1418.0,Muebles > Muebles de Oficina,Muebles > Muebles de Oficina > Repisas y Estantería,False
1472,/1098/1418/1472/,Sillas de Escritorio,3,1418.0,Muebles > Muebles de Oficina,Muebles > Muebles de Oficina > Sillas de Escritorio,False
2776,/1098/1418/2776/,Archivadores,3,1418.0,Muebles > Muebles de Oficina,Muebles > Muebles de Oficina > Archivadores,False
2777,/1098/1418/2777/,Combos de Muebles de Oficina,3,1418.0,Muebles > Muebles de Oficina,Muebles > Muebles de Oficina > Combos de Muebles de Oficina,False
1420,/1098/1420/,Muebles para Baño,2,1098.0,Muebles,Muebles > Muebles para Baño,True
1115,/1098/1420/1115/,Gabinetes para Baño,3,1420.0,Muebles > Muebles para Baño,Muebles > Muebles para Baño > Gabinetes para Baño,False
1474,/1098/1420/1474/,Lavatorios y Vanitorios,3,1420.0,Muebles > Muebles para Baño,Muebles > Muebles para Baño > Lavatorios y Vanitorios,False
1475,/1098/1420/1475/,Mueble Botiquín,3,1420.0,Muebles > Muebles para Baño,Muebles > Muebles para Baño > Mueble Botiquín,False
2778,/1098/1420/2778/,Combos de muebles para baño,3,1420.0,Muebles > Muebles para Baño,Muebles > Muebles para Baño > Combos de muebles para baño,False
2779,/1098/1420/2779/,Muebles Auxiliares de Baño,3,1420.0,Muebles > Muebles para Baño,Muebles > Muebles para Baño > Muebles Auxiliares de Baño,False
2781,/1098/2781/,Muebles de Bar,2,1098.0,Muebles,Muebles > Muebles de Bar,True
2782,/1098/2781/2782/,Combos de muebles de bar,3,2781.0,Muebles > Muebles de Bar,Muebles > Muebles de Bar > Combos de muebles de bar,False
2783,/1098/2781/2783/,Mesas de Bar,3,2781.0,Muebles > Muebles de Bar,Muebles > Muebles de Bar > Mesas de Bar,False
2784,/1098/2781/2784/,Otros Muebles de Bar,3,2781.0,Muebles > Muebles de Bar,Muebles > Muebles de Bar > Otros Muebles de Bar,False
2785,/1098/2781/2785/,Sillas y Bancos de Bar,3,2781.0,Muebles > Muebles de Bar,Muebles > Muebles de Bar > Sillas y Bancos de Bar,False
2786,/1098/2786/,Muebles Auxiliares,2,1098.0,Muebles,Muebles > Muebles Auxiliares,True
2787,/1098/2786/2787/,Mesas Plegables,3,2786.0,Muebles > Muebles Auxiliares,Muebles > Muebles Auxiliares > Mesas Plegables,False
2788,/1098/2786/2788/,Sillas Plegables,3,2786.0,Muebles > Muebles Auxiliares,Muebles > Muebles Auxiliares > Sillas Plegables,False
2789,/1098/2789/,Muebles de lavandería,2,1098.0,Muebles,Muebles > Muebles de lavandería,False
2790,/1098/2790/,Muebles de Plástico,2,1098.0,Muebles,Muebles > Muebles de Plástico,True
2791,/1098/2790/2791/,Armarios y Roperos de Plástico,3,2790.0,Muebles > Muebles de Plástico,Muebles > Muebles de Plástico > Armarios y Roperos de Plástico,False
2792,/1098/2790/2792/,Cómodas de Plástico,3,2790.0,Muebles > Muebles de Plástico,Muebles > Muebles de Plástico > Cómodas de Plástico,False
2793,/1098/2790/2793/,Mesas de Plástico,3,2790.0,Muebles > Muebles de Plástico,Muebles > Muebles de Plástico > Mesas de Plástico,False
2794,/1098/2790/2794/,Mesas y Sillas Infantiles,3,2790.0,Muebles > Muebles de Plástico,Muebles > Muebles de Plástico > Mesas y Sillas Infantiles,False
2795,/1098/2790/2795/,Sillas de Plástico,3,2790.0,Muebles > Muebles de Plástico,Muebles > Muebles de Plástico > Sillas de Plástico,False
2797,/1098/2797/,Sofás y Sillones,2,1098.0,Muebles,Muebles > Sofás y Sillones,True
2798,/1098/2797/2798/,Banquetas,3,2797.0,Muebles > Sofás y Sillones,Muebles > Sofás y Sillones > Banquetas,False
2799,/1098/2797/2799/,Butacas,3,2797.0,Muebles > Sofás y Sillones,Muebles > Sofás y Sillones > Butacas,False
2800,/1098/2797/2800/,Puffs,3,2797.0,Muebles > Sofás y Sillones,Muebles > Sofás y Sillones > Puffs,False
2801,/1098/2797/2801/,Seccionales,3,2797.0,Muebles > Sofás y Sillones,Muebles > Sofás y Sillones > Seccionales,False
2802,/1098/2797/2802/,Sillones,3,2797.0,Muebles > Sofás y Sillones,Muebles > Sofás y Sillones > Sillones,False
2803,/1098/2797/2803/,Sillones Reclinables,3,2797.0,Muebles > Sofás y Sillones,Muebles > Sofás y Sillones > Sillones Reclinables,False
2804,/1098/2797/2804/,Sofá Cama y Futones,3,2797.0,Muebles > Sofás y Sillones,Muebles > Sofás y Sillones > Sofá Cama y Futones,False
2805,/1098/2797/2805/,Sofás,3,2797.0,Muebles > Sofás y Sillones,Muebles > Sofás y Sillones > Sofás,False
1105,/1105/,Deportes,1,,(raiz),Deportes,True
1423,/1105/1423/,Entrenamiento y Fitness,2,1105.0,Deportes,Deportes > Entrenamiento y Fitness,True
1039,/1105/1423/1039/,Máquinas de Spinning,3,1423.0,Deportes > Entrenamiento y Fitness,Deportes > Entrenamiento y Fitness > Máquinas de Spinning,False
1509,/1105/1423/1509/,Trotadoras,3,1423.0,Deportes > Entrenamiento y Fitness,Deportes > Entrenamiento y Fitness > Trotadoras,False
1510,/1105/1423/1510/,Elipticas,3,1423.0,Deportes > Entrenamiento y Fitness,Deportes > Entrenamiento y Fitness > Elipticas,False
1511,/1105/1423/1511/,Mini Gimnasios,3,1423.0,Deportes > Entrenamiento y Fitness,Deportes > Entrenamiento y Fitness > Mini Gimnasios,False
1512,/1105/1423/1512/,Máquinas de Abdominales,3,1423.0,Deportes > Entrenamiento y Fitness,Deportes > Entrenamiento y Fitness > Máquinas de Abdominales,False
1513,/1105/1423/1513/,Yoga y Pilates,3,1423.0,Deportes > Entrenamiento y Fitness,Deportes > Entrenamiento y Fitness > Yoga y Pilates,False
1514,/1105/1423/1514/,Crossfit,3,1423.0,Deportes > Entrenamiento y Fitness,Deportes > Entrenamiento y Fitness > Crossfit,False
1424,/1105/1424/,Scooters y Skates,2,1105.0,Deportes,Deportes > Scooters y Skates,True
1224,/1105/1424/1224/,Scooters,3,1424.0,Deportes > Scooters y Skates,Deportes > Scooters y Skates > Scooters,False
1521,/1105/1424/1521/,Accesorios para Scooter y Skates,3,1424.0,Deportes > Scooters y Skates,Deportes > Scooters y Skates > Accesorios para Scooter y Skates,False
1522,/1105/1424/1522/,Skates,3,1424.0,Deportes > Scooters y Skates,Deportes > Scooters y Skates > Skates,False
1523,/1105/1424/1523/,Scooters Eléctricos,3,1424.0,Deportes > Scooters y Skates,Deportes > Scooters y Skates > Scooters Eléctricos,False
1425,/1105/1425/,Deportes Individuales y de Contacto,2,1105.0,Deportes,Deportes > Deportes Individuales y de Contacto,True
1530,/1105/1425/1530/,Tenis,3,1425.0,Deportes > Deportes Individuales y de Contacto,Deportes > Deportes Individuales y de Contacto > Tenis,False
1531,/1105/1425/1531/,Box,3,1425.0,Deportes > Deportes Individuales y de Contacto,Deportes > Deportes Individuales y de Contacto > Box,False
1532,/1105/1425/1532/,Golf,3,1425.0,Deportes > Deportes Individuales y de Contacto,Deportes > Deportes Individuales y de Contacto > Golf,False
1533,/1105/1425/1533/,Artes Marciales,3,1425.0,Deportes > Deportes Individuales y de Contacto,Deportes > Deportes Individuales y de Contacto > Artes Marciales,False
1534,/1105/1425/1534/,Patines,3,1425.0,Deportes > Deportes Individuales y de Contacto,Deportes > Deportes Individuales y de Contacto > Patines,False
1535,/1105/1425/1535/,Trekking,3,1425.0,Deportes > Deportes Individuales y de Contacto,Deportes > Deportes Individuales y de Contacto > Trekking,False
1426,/1105/1426/,Deportes en Equipo,2,1105.0,Deportes,Deportes > Deportes en Equipo,True
1536,/1105/1426/1536/,Fútbol,3,1426.0,Deportes > Deportes en Equipo,Deportes > Deportes en Equipo > Fútbol,False
1537,/1105/1426/1537/,Basket,3,1426.0,Deportes > Deportes en Equipo,Deportes > Deportes en Equipo > Basket,False
1538,/1105/1426/1538/,Volley,3,1426.0,Deportes > Deportes en Equipo,Deportes > Deportes en Equipo > Volley,False
1427,/1105/1427/,Deportes Acuáticos,2,1105.0,Deportes,Deportes > Deportes Acuáticos,True
948,/1105/1427/948/,Piscinas inflables,3,1427.0,Deportes > Deportes Acuáticos,Deportes > Deportes Acuáticos > Piscinas inflables,False
1539,/1105/1427/1539/,Natación,3,1427.0,Deportes > Deportes Acuáticos,Deportes > Deportes Acuáticos > Natación,False
1540,/1105/1427/1540/,Kayac y Canotaje,3,1427.0,Deportes > Deportes Acuáticos,Deportes > Deportes Acuáticos > Kayac y Canotaje,False
1541,/1105/1427/1541/,Accesorios Deportes Acuáticos,3,1427.0,Deportes > Deportes Acuáticos,Deportes > Deportes Acuáticos > Accesorios Deportes Acuáticos,False
1542,/1105/1427/1542/,Ropas de Baño Deportivas,3,1427.0,Deportes > Deportes Acuáticos,Deportes > Deportes Acuáticos > Ropas de Baño Deportivas,False
1543,/1105/1427/1543/,Surf,3,1427.0,Deportes > Deportes Acuáticos,Deportes > Deportes Acuáticos > Surf,False
4241,/1105/1427/4241/,Piscinas estructurales,3,1427.0,Deportes > Deportes Acuáticos,Deportes > Deportes Acuáticos > Piscinas estructurales,False
4242,/1105/1427/4242/,Flotadores y accesorios,3,1427.0,Deportes > Deportes Acuáticos,Deportes > Deportes Acuáticos > Flotadores y accesorios,False
1429,/1105/1429/,Juegos Recreativos-no usar,2,1105.0,Deportes,Deportes > Juegos Recreativos-no usar,True
1110,/1105/1429/1110/,Otros juegos de exterior-no usar,3,1429.0,Deportes > Juegos Recreativos-no usar,Deportes > Juegos Recreativos-no usar > Otros juegos de exterior-no usar,False
1403,/1105/1429/1403/,Mesas de juego-no usar,3,1429.0,Deportes > Juegos Recreativos-no usar,Deportes > Juegos Recreativos-no usar > Mesas de juego-no usar,False
1404,/1105/1429/1404/,Trampolines-no usar,3,1429.0,Deportes > Juegos Recreativos-no usar,Deportes > Juegos Recreativos-no usar > Trampolines-no usar,False
1443,/1105/1443/,Accesorios deportivos,2,1105.0,Deportes,Deportes > Accesorios deportivos,True
798,/1105/1443/798/,Accesorios Deportivos,3,1443.0,Deportes > Accesorios deportivos,Deportes > Accesorios deportivos > Accesorios Deportivos,False
1106,/1105/1443/1106/,Mochilas y Maletines Deportivos,3,1443.0,Deportes > Accesorios deportivos,Deportes > Accesorios deportivos > Mochilas y Maletines Deportivos,False
1446,/1105/1446/,Bicicletas,2,1105.0,Deportes,Deportes > Bicicletas,True
1515,/1105/1446/1515/,Bicicletas Montañeras,3,1446.0,Deportes > Bicicletas,Deportes > Bicicletas > Bicicletas Montañeras,False
1516,/1105/1446/1516/,Bicicletas Urbanas,3,1446.0,Deportes > Bicicletas,Deportes > Bicicletas > Bicicletas Urbanas,False
1517,/1105/1446/1517/,Bicicletas Freestyle,3,1446.0,Deportes > Bicicletas,Deportes > Bicicletas > Bicicletas Freestyle,False
1518,/1105/1446/1518/,Bicicletas Infantiles,3,1446.0,Deportes > Bicicletas,Deportes > Bicicletas > Bicicletas Infantiles,False
1519,/1105/1446/1519/,Accesorios para Bicicletas,3,1446.0,Deportes > Bicicletas,Deportes > Bicicletas > Accesorios para Bicicletas,False
1520,/1105/1446/1520/,Bicicletas Eléctricas,3,1446.0,Deportes > Bicicletas,Deportes > Bicicletas > Bicicletas Eléctricas,False
478,/478/,Desayunos,1,,(raiz),Desayunos,True
479,/478/479/,Cereales,2,478.0,Desayunos,Desayunos > Cereales,True
1639,/478/479/1639/,Avenas,3,479.0,Desayunos > Cereales,Desayunos > Cereales > Avenas,False
1640,/478/479/1640/,Cereales en Hojuelas,3,479.0,Desayunos > Cereales,Desayunos > Cereales > Cereales en Hojuelas,False
1641,/478/479/1641/,Granolas y Salvado de Trigo,3,479.0,Desayunos > Cereales,Desayunos > Cereales > Granolas y Salvado de Trigo,False
1642,/478/479/1642/,Otros Cereales,3,479.0,Desayunos > Cereales,Desayunos > Cereales > Otros Cereales,False
4276,/478/479/4276/,Barras Energéticas,3,479.0,Desayunos > Cereales,Desayunos > Cereales > Barras Energéticas,False
480,/478/480/,Café e Infusiones,2,478.0,Desayunos,Desayunos > Café e Infusiones,True
484,/478/480/484/,Infusiones en Hojas,3,480.0,Desayunos > Café e Infusiones,Desayunos > Café e Infusiones > Infusiones en Hojas,False
1636,/478/480/1636/,Café Instantáneo,3,480.0,Desayunos > Café e Infusiones,Desayunos > Café e Infusiones > Café Instantáneo,False
1637,/478/480/1637/,Café Molido,3,480.0,Desayunos > Café e Infusiones,Desayunos > Café e Infusiones > Café Molido,False
1638,/478/480/1638/,Infusiones en Filtrantes,3,480.0,Desayunos > Café e Infusiones,Desayunos > Café e Infusiones > Infusiones en Filtrantes,False
4212,/478/480/4212/,Café en cápsulas,3,480.0,Desayunos > Café e Infusiones,Desayunos > Café e Infusiones > Café en cápsulas,False
4279,/478/480/4279/,Café en Granos,3,480.0,Desayunos > Café e Infusiones,Desayunos > Café e Infusiones > Café en Granos,False
481,/478/481/,Modificadores de Leche,2,478.0,Desayunos,Desayunos > Modificadores de Leche,True
482,/478/481/482/,Chocolate para Taza,3,481.0,Desayunos > Modificadores de Leche,Desayunos > Modificadores de Leche > Chocolate para Taza,False
1643,/478/481/1643/,Instantáneos y Cocoa,3,481.0,Desayunos > Modificadores de Leche,Desayunos > Modificadores de Leche > Instantáneos y Cocoa,False
487,/478/487/,"Mermeladas, Mieles y Dulces",2,478.0,Desayunos,"Desayunos > Mermeladas, Mieles y Dulces",True
350,/478/487/350/,Jarabes y Siropes,3,487.0,"Desayunos > Mermeladas, Mieles y Dulces","Desayunos > Mermeladas, Mieles y Dulces > Jarabes y Siropes",False
1644,/478/487/1644/,Mermeladas,3,487.0,"Desayunos > Mermeladas, Mieles y Dulces","Desayunos > Mermeladas, Mieles y Dulces > Mermeladas",False
1645,/478/487/1645/,Miel y Algarrobina,3,487.0,"Desayunos > Mermeladas, Mieles y Dulces","Desayunos > Mermeladas, Mieles y Dulces > Miel y Algarrobina",False
1046,/1046/,Packs,1,,(raiz),Packs,True
1715,/1046/1715/,Packs Bebidas,2,1046.0,Packs,Packs > Packs Bebidas,False
1716,/1046/1716/,Packs Bebé e Infantil,2,1046.0,Packs,Packs > Packs Bebé e Infantil,False
1717,/1046/1717/,Packs Limpieza,2,1046.0,Packs,Packs > Packs Limpieza,False
1718,/1046/1718/,Packs Cuidado Personal y Salud,2,1046.0,Packs,Packs > Packs Cuidado Personal y Salud,False
1719,/1046/1719/,Packs Panadería y Pastelería,2,1046.0,Packs,Packs > Packs Panadería y Pastelería,False
1720,/1046/1720/,Packs Mascotas,2,1046.0,Packs,Packs > Packs Mascotas,False
1721,/1046/1721/,Packs Congelados,2,1046.0,Packs,Packs > Packs Congelados,False
1722,/1046/1722/,Packs Frutas y Verduras,2,1046.0,Packs,Packs > Packs Frutas y Verduras,False
1723,/1046/1723/,Packs Abarrotes,2,1046.0,Packs,Packs > Packs Abarrotes,False
1724,/1046/1724/,"Packs Carnes, Aves y Pescados",2,1046.0,Packs,"Packs > Packs Carnes, Aves y Pescados",False
1725,/1046/1725/,Packs Lácteos y Huevos,2,1046.0,Packs,Packs > Packs Lácteos y Huevos,False
1726,/1046/1726/,Packs Quesos y Fiambres,2,1046.0,Packs,Packs > Packs Quesos y Fiambres,False
1727,/1046/1727/,Packs Desayunos,2,1046.0,Packs,Packs > Packs Desayunos,False
1728,/1046/1728/,Packs Pollo rostizado y Comidas preparadas,2,1046.0,Packs,Packs > Packs Pollo rostizado y Comidas preparadas,False
4211,/1046/4211/,"Packs Vinos, Licores y Cervezas",2,1046.0,Packs,"Packs > Packs Vinos, Licores y Cervezas",False
4270,/1046/4270/,Packs Muebles,2,1046.0,Packs,Packs > Packs Muebles,False
4271,/1046/4271/,Packs Electrohogar,2,1046.0,Packs,Packs > Packs Electrohogar,False
4272,/1046/4272/,Packs Dormitorio,2,1046.0,Packs,Packs > Packs Dormitorio,False
4273,/1046/4273/,Packs Librería y Oficina,2,1046.0,Packs,Packs > Packs Librería y Oficina,False
4274,/1046/4274/,Packs Tecnología,2,1046.0,Packs,Packs > Packs Tecnología,False
1073,/1073/,Pollo Rostizado y Comidas Preparadas,1,,(raiz),Pollo Rostizado y Comidas Preparadas,True
624,/1073/624/,Tamales y Humitas,2,1073.0,Pollo Rostizado y Comidas Preparadas,Pollo Rostizado y Comidas Preparadas > Tamales y Humitas,False
626,/1073/626/,Pizzas y Pastas Frescas,2,1073.0,Pollo Rostizado y Comidas Preparadas,Pollo Rostizado y Comidas Preparadas > Pizzas y Pastas Frescas,False
1082,/1073/1082/,Cenas Navideñas,2,1073.0,Pollo Rostizado y Comidas Preparadas,Pollo Rostizado y Comidas Preparadas > Cenas Navideñas,True
1671,/1073/1082/1671/,Cenas,3,1082.0,Pollo Rostizado y Comidas Preparadas > Cenas Navideñas,Pollo Rostizado y Comidas Preparadas > Cenas Navideñas > Cenas,False
1672,/1073/1082/1672/,"Carnes, Arroces, Ensaladas y Purés",3,1082.0,Pollo Rostizado y Comidas Preparadas > Cenas Navideñas,"Pollo Rostizado y Comidas Preparadas > Cenas Navideñas > Carnes, Arroces, Ensaladas y Purés",False
1095,/1073/1095/,"Cremas, Salsas y Condimentos a Granel",2,1073.0,Pollo Rostizado y Comidas Preparadas,"Pollo Rostizado y Comidas Preparadas > Cremas, Salsas y Condimentos a Granel",True
1681,/1073/1095/1681/,Salsas y Cremas,3,1095.0,"Pollo Rostizado y Comidas Preparadas > Cremas, Salsas y Condimentos a Granel","Pollo Rostizado y Comidas Preparadas > Cremas, Salsas y Condimentos a Granel > Salsas y Cremas",False
1682,/1073/1095/1682/,Ajíes y Condimentos,3,1095.0,"Pollo Rostizado y Comidas Preparadas > Cremas, Salsas y Condimentos a Granel","Pollo Rostizado y Comidas Preparadas > Cremas, Salsas y Condimentos a Granel > Ajíes y Condimentos",False
1620,/1073/1620/,Pollo Rostizado,2,1073.0,Pollo Rostizado y Comidas Preparadas,Pollo Rostizado y Comidas Preparadas > Pollo Rostizado,False
1621,/1073/1621/,Comidas Preparadas,2,1073.0,Pollo Rostizado y Comidas Preparadas,Pollo Rostizado y Comidas Preparadas > Comidas Preparadas,True
4170,/1073/1621/4170/,Pollo broaster y piqueos,3,1621.0,Pollo Rostizado y Comidas Preparadas > Comidas Preparadas,Pollo Rostizado y Comidas Preparadas > Comidas Preparadas > Pollo broaster y piqueos,False
4171,/1073/1621/4171/,Lunch,3,1621.0,Pollo Rostizado y Comidas Preparadas > Comidas Preparadas,Pollo Rostizado y Comidas Preparadas > Comidas Preparadas > Lunch,False
4172,/1073/1621/4172/,Listos para servir,3,1621.0,Pollo Rostizado y Comidas Preparadas > Comidas Preparadas,Pollo Rostizado y Comidas Preparadas > Comidas Preparadas > Listos para servir,False
4173,/1073/1621/4173/,Ensaladas listas,3,1621.0,Pollo Rostizado y Comidas Preparadas > Comidas Preparadas,Pollo Rostizado y Comidas Preparadas > Comidas Preparadas > Ensaladas listas,False
4174,/1073/1621/4174/,Sandwiches y enrollados,3,1621.0,Pollo Rostizado y Comidas Preparadas > Comidas Preparadas,Pollo Rostizado y Comidas Preparadas > Comidas Preparadas > Sandwiches y enrollados,False
1383,/1383/,Mercado Saludable,1,,(raiz),Mercado Saludable,True
1384,/1383/1384/,Cosmética Natural,2,1383.0,Mercado Saludable,Mercado Saludable > Cosmética Natural,True
1387,/1383/1384/1387/,Cremas y Mascarillas Faciales Orgánicas,3,1384.0,Mercado Saludable > Cosmética Natural,Mercado Saludable > Cosmética Natural > Cremas y Mascarillas Faciales Orgánicas,False
1388,/1383/1384/1388/,Cremas Corporales Orgánicas,3,1384.0,Mercado Saludable > Cosmética Natural,Mercado Saludable > Cosmética Natural > Cremas Corporales Orgánicas,False
1389,/1383/1384/1389/,Aceites y Lociones Orgánicas,3,1384.0,Mercado Saludable > Cosmética Natural,Mercado Saludable > Cosmética Natural > Aceites y Lociones Orgánicas,False
1385,/1383/1385/,Snacks Orgánicos,2,1383.0,Mercado Saludable,Mercado Saludable > Snacks Orgánicos,True
1393,/1383/1385/1393/,Barras Energéticas Orgánicas,3,1385.0,Mercado Saludable > Snacks Orgánicos,Mercado Saludable > Snacks Orgánicos > Barras Energéticas Orgánicas,False
1395,/1383/1385/1395/,Chocolates Orgánicos,3,1385.0,Mercado Saludable > Snacks Orgánicos,Mercado Saludable > Snacks Orgánicos > Chocolates Orgánicos,False
1730,/1383/1385/1730/,Frutas Deshidratadas,3,1385.0,Mercado Saludable > Snacks Orgánicos,Mercado Saludable > Snacks Orgánicos > Frutas Deshidratadas,False
1731,/1383/1385/1731/,Snacks Orgánicos Salados,3,1385.0,Mercado Saludable > Snacks Orgánicos,Mercado Saludable > Snacks Orgánicos > Snacks Orgánicos Salados,False
1732,/1383/1385/1732/,Snacks Orgánicos Dulces,3,1385.0,Mercado Saludable > Snacks Orgánicos,Mercado Saludable > Snacks Orgánicos > Snacks Orgánicos Dulces,False
1386,/1383/1386/,Vitaminas y Suplementos Orgánicos,2,1383.0,Mercado Saludable,Mercado Saludable > Vitaminas y Suplementos Orgánicos,True
1390,/1383/1386/1390/,Suplementos Orgánicos,3,1386.0,Mercado Saludable > Vitaminas y Suplementos Orgánicos,Mercado Saludable > Vitaminas y Suplementos Orgánicos > Suplementos Orgánicos,False
1391,/1383/1386/1391/,Vitaminas Orgánicas,3,1386.0,Mercado Saludable > Vitaminas y Suplementos Orgánicos,Mercado Saludable > Vitaminas y Suplementos Orgánicos > Vitaminas Orgánicas,False
1733,/1383/1733/,Desayunos Orgánicos,2,1383.0,Mercado Saludable,Mercado Saludable > Desayunos Orgánicos,True
1392,/1383/1733/1392/,Cereales y Granos Orgánicos,3,1733.0,Mercado Saludable > Desayunos Orgánicos,Mercado Saludable > Desayunos Orgánicos > Cereales y Granos Orgánicos,False
1394,/1383/1733/1394/,Cafés Orgánicos,3,1733.0,Mercado Saludable > Desayunos Orgánicos,Mercado Saludable > Desayunos Orgánicos > Cafés Orgánicos,False
1398,/1383/1733/1398/,Mermeladas y Mieles Orgánicas,3,1733.0,Mercado Saludable > Desayunos Orgánicos,Mercado Saludable > Desayunos Orgánicos > Mermeladas y Mieles Orgánicas,False
1400,/1383/1733/1400/,Infusiones Orgánicas,3,1733.0,Mercado Saludable > Desayunos Orgánicos,Mercado Saludable > Desayunos Orgánicos > Infusiones Orgánicas,False
1736,/1383/1733/1736/,Mantequillas Orgánicas,3,1733.0,Mercado Saludable > Desayunos Orgánicos,Mercado Saludable > Desayunos Orgánicos > Mantequillas Orgánicas,False
1737,/1383/1733/1737/,Modificadores de Leche Orgánicos,3,1733.0,Mercado Saludable > Desayunos Orgánicos,Mercado Saludable > Desayunos Orgánicos > Modificadores de Leche Orgánicos,False
1734,/1383/1734/,Alimentos Orgánicos,2,1383.0,Mercado Saludable,Mercado Saludable > Alimentos Orgánicos,True
1396,/1383/1734/1396/,Endulzantes Orgánicos,3,1734.0,Mercado Saludable > Alimentos Orgánicos,Mercado Saludable > Alimentos Orgánicos > Endulzantes Orgánicos,False
1397,/1383/1734/1397/,Quesos Veganos,3,1734.0,Mercado Saludable > Alimentos Orgánicos,Mercado Saludable > Alimentos Orgánicos > Quesos Veganos,False
1399,/1383/1734/1399/,Salsas y Dips Orgánicos,3,1734.0,Mercado Saludable > Alimentos Orgánicos,Mercado Saludable > Alimentos Orgánicos > Salsas y Dips Orgánicos,False
1738,/1383/1734/1738/,Aceites Orgánicos,3,1734.0,Mercado Saludable > Alimentos Orgánicos,Mercado Saludable > Alimentos Orgánicos > Aceites Orgánicos,False
1739,/1383/1734/1739/,Bebidas Orgánicas,3,1734.0,Mercado Saludable > Alimentos Orgánicos,Mercado Saludable > Alimentos Orgánicos > Bebidas Orgánicas,False
1740,/1383/1734/1740/,Harinas Orgánicas,3,1734.0,Mercado Saludable > Alimentos Orgánicos,Mercado Saludable > Alimentos Orgánicos > Harinas Orgánicas,False
1741,/1383/1734/1741/,Pastas Integrales,3,1734.0,Mercado Saludable > Alimentos Orgánicos,Mercado Saludable > Alimentos Orgánicos > Pastas Integrales,False
1735,/1383/1735/,Cuidado Personal Sostenible,2,1383.0,Mercado Saludable,Mercado Saludable > Cuidado Personal Sostenible,True
1742,/1383/1735/1742/,Shampoos y Acondicionadores Orgánicos,3,1735.0,Mercado Saludable > Cuidado Personal Sostenible,Mercado Saludable > Cuidado Personal Sostenible > Shampoos y Acondicionadores Orgánicos,False
1743,/1383/1735/1743/,Cuidado Bucal Sostenible,3,1735.0,Mercado Saludable > Cuidado Personal Sostenible,Mercado Saludable > Cuidado Personal Sostenible > Cuidado Bucal Sostenible,False
1744,/1383/1735/1744/,Cuidado Femenino Sostenible,3,1735.0,Mercado Saludable > Cuidado Personal Sostenible,Mercado Saludable > Cuidado Personal Sostenible > Cuidado Femenino Sostenible,False
1745,/1383/1735/1745/,Afeitado y depilación sostenible,3,1735.0,Mercado Saludable > Cuidado Personal Sostenible,Mercado Saludable > Cuidado Personal Sostenible > Afeitado y depilación sostenible,False
1746,/1383/1735/1746/,Jabones Orgánicos,3,1735.0,Mercado Saludable > Cuidado Personal Sostenible,Mercado Saludable > Cuidado Personal Sostenible > Jabones Orgánicos,False
1503,/1503/,Bebé e Infantil,1,,(raiz),Bebé e Infantil,True
23,/1503/23/,Cuidado y Aseo del Bebé,2,1503.0,Bebé e Infantil,Bebé e Infantil > Cuidado y Aseo del Bebé,True
30,/1503/23/30/,Cuidado del Cabello para Bebé,3,23.0,Bebé e Infantil > Cuidado y Aseo del Bebé,Bebé e Infantil > Cuidado y Aseo del Bebé > Cuidado del Cabello para Bebé,False
31,/1503/23/31/,Jabones y Colonias para Bebé,3,23.0,Bebé e Infantil > Cuidado y Aseo del Bebé,Bebé e Infantil > Cuidado y Aseo del Bebé > Jabones y Colonias para Bebé,False
32,/1503/23/32/,Estuches para Bebé,3,23.0,Bebé e Infantil > Cuidado y Aseo del Bebé,Bebé e Infantil > Cuidado y Aseo del Bebé > Estuches para Bebé,False
33,/1503/23/33/,Talco para Bebé,3,23.0,Bebé e Infantil > Cuidado y Aseo del Bebé,Bebé e Infantil > Cuidado y Aseo del Bebé > Talco para Bebé,False
34,/1503/23/34/,Aceites y Cremas para Bebé,3,23.0,Bebé e Infantil > Cuidado y Aseo del Bebé,Bebé e Infantil > Cuidado y Aseo del Bebé > Aceites y Cremas para Bebé,False
649,/1503/23/649/,Hisopos para Bebé,3,23.0,Bebé e Infantil > Cuidado y Aseo del Bebé,Bebé e Infantil > Cuidado y Aseo del Bebé > Hisopos para Bebé,False
653,/1503/23/653/,Bañeras y Bacines,3,23.0,Bebé e Infantil > Cuidado y Aseo del Bebé,Bebé e Infantil > Cuidado y Aseo del Bebé > Bañeras y Bacines,False
1180,/1503/23/1180/,Batas y Toallas para Bebé,3,23.0,Bebé e Infantil > Cuidado y Aseo del Bebé,Bebé e Infantil > Cuidado y Aseo del Bebé > Batas y Toallas para Bebé,False
1568,/1503/23/1568/,Accesorios Aseo del Bebé,3,23.0,Bebé e Infantil > Cuidado y Aseo del Bebé,Bebé e Infantil > Cuidado y Aseo del Bebé > Accesorios Aseo del Bebé,False
24,/1503/24/,Alimentación del Bebé,2,1503.0,Bebé e Infantil,Bebé e Infantil > Alimentación del Bebé,True
25,/1503/24/25/,Fórmulas Infantiles,3,24.0,Bebé e Infantil > Alimentación del Bebé,Bebé e Infantil > Alimentación del Bebé > Fórmulas Infantiles,False
26,/1503/24/26/,Cereales y Galletas para Bebé,3,24.0,Bebé e Infantil > Alimentación del Bebé,Bebé e Infantil > Alimentación del Bebé > Cereales y Galletas para Bebé,False
36,/1503/24/36/,Compotas y Colados,3,24.0,Bebé e Infantil > Alimentación del Bebé,Bebé e Infantil > Alimentación del Bebé > Compotas y Colados,False
652,/1503/24/652/,Menaje para Bebé,3,24.0,Bebé e Infantil > Alimentación del Bebé,Bebé e Infantil > Alimentación del Bebé > Menaje para Bebé,False
660,/1503/24/660/,Biberones y Tetinas,3,24.0,Bebé e Infantil > Alimentación del Bebé,Bebé e Infantil > Alimentación del Bebé > Biberones y Tetinas,False
663,/1503/24/663/,Baberos y Babitas,3,24.0,Bebé e Infantil > Alimentación del Bebé,Bebé e Infantil > Alimentación del Bebé > Baberos y Babitas,False
1182,/1503/24/1182/,Lactancia,3,24.0,Bebé e Infantil > Alimentación del Bebé,Bebé e Infantil > Alimentación del Bebé > Lactancia,False
648,/1503/648/,Pañales y Toallitas para Bebé,2,1503.0,Bebé e Infantil,Bebé e Infantil > Pañales y Toallitas para Bebé,True
28,/1503/648/28/,Pañales para Bebé,3,648.0,Bebé e Infantil > Pañales y Toallitas para Bebé,Bebé e Infantil > Pañales y Toallitas para Bebé > Pañales para Bebé,False
29,/1503/648/29/,Toallitas Húmedas para Bebé,3,648.0,Bebé e Infantil > Pañales y Toallitas para Bebé,Bebé e Infantil > Pañales y Toallitas para Bebé > Toallitas Húmedas para Bebé,False
1572,/1503/648/1572/,Pañaleras,3,648.0,Bebé e Infantil > Pañales y Toallitas para Bebé,Bebé e Infantil > Pañales y Toallitas para Bebé > Pañaleras,False
1573,/1503/648/1573/,Cambiadores,3,648.0,Bebé e Infantil > Pañales y Toallitas para Bebé,Bebé e Infantil > Pañales y Toallitas para Bebé > Cambiadores,False
981,/1503/981/,Juguetes y Estimulación Temprana,2,1503.0,Bebé e Infantil,Bebé e Infantil > Juguetes y Estimulación Temprana,True
650,/1503/981/650/,Chupones y Mordedores,3,981.0,Bebé e Infantil > Juguetes y Estimulación Temprana,Bebé e Infantil > Juguetes y Estimulación Temprana > Chupones y Mordedores,False
651,/1503/981/651/,Sonajas y Juguetes,3,981.0,Bebé e Infantil > Juguetes y Estimulación Temprana,Bebé e Infantil > Juguetes y Estimulación Temprana > Sonajas y Juguetes,False
658,/1503/981/658/,Andadores y Arneses,3,981.0,Bebé e Infantil > Juguetes y Estimulación Temprana,Bebé e Infantil > Juguetes y Estimulación Temprana > Andadores y Arneses,False
930,/1503/981/930/,Otros Juguetes Infantiles,3,981.0,Bebé e Infantil > Juguetes y Estimulación Temprana,Bebé e Infantil > Juguetes y Estimulación Temprana > Otros Juguetes Infantiles,False
933,/1503/981/933/,Juguetes Didácticos,3,981.0,Bebé e Infantil > Juguetes y Estimulación Temprana,Bebé e Infantil > Juguetes y Estimulación Temprana > Juguetes Didácticos,False
1665,/1503/981/1665/,Centro de Actividades y Gimnasios,3,981.0,Bebé e Infantil > Juguetes y Estimulación Temprana,Bebé e Infantil > Juguetes y Estimulación Temprana > Centro de Actividades y Gimnasios,False
1432,/1503/1432/,Coches y Sillas para bebé,2,1503.0,Bebé e Infantil,Bebé e Infantil > Coches y Sillas para bebé,True
1566,/1503/1432/1566/,Coches para Bebé,3,1432.0,Bebé e Infantil > Coches y Sillas para bebé,Bebé e Infantil > Coches y Sillas para bebé > Coches para Bebé,False
1567,/1503/1432/1567/,Sillas de Comer,3,1432.0,Bebé e Infantil > Coches y Sillas para bebé,Bebé e Infantil > Coches y Sillas para bebé > Sillas de Comer,False
4252,/1503/1432/4252/,Sillas de auto,3,1432.0,Bebé e Infantil > Coches y Sillas para bebé,Bebé e Infantil > Coches y Sillas para bebé > Sillas de auto,False
4253,/1503/1432/4253/,Sillas mecedoras,3,1432.0,Bebé e Infantil > Coches y Sillas para bebé,Bebé e Infantil > Coches y Sillas para bebé > Sillas mecedoras,False
4254,/1503/1432/4254/,NOUSAR,3,1432.0,Bebé e Infantil > Coches y Sillas para bebé,Bebé e Infantil > Coches y Sillas para bebé > NOUSAR,False
1433,/1503/1433/,Seguridad del Bebé e Infantil,2,1503.0,Bebé e Infantil,Bebé e Infantil > Seguridad del Bebé e Infantil,True
1179,/1503/1433/1179/,Portabebes,3,1433.0,Bebé e Infantil > Seguridad del Bebé e Infantil,Bebé e Infantil > Seguridad del Bebé e Infantil > Portabebes,False
1181,/1503/1433/1181/,Accesorios Seguridad del Bebé,3,1433.0,Bebé e Infantil > Seguridad del Bebé e Infantil,Bebé e Infantil > Seguridad del Bebé e Infantil > Accesorios Seguridad del Bebé,False
1569,/1503/1433/1569/,Monitores para Bebé,3,1433.0,Bebé e Infantil > Seguridad del Bebé e Infantil,Bebé e Infantil > Seguridad del Bebé e Infantil > Monitores para Bebé,False
1570,/1503/1433/1570/,Sillas para Bebé y Boosters de Auto - NO USAR,3,1433.0,Bebé e Infantil > Seguridad del Bebé e Infantil,Bebé e Infantil > Seguridad del Bebé e Infantil > Sillas para Bebé y Boosters de Auto - NO USAR,False
1571,/1503/1433/1571/,Barandas de Seguridad,3,1433.0,Bebé e Infantil > Seguridad del Bebé e Infantil,Bebé e Infantil > Seguridad del Bebé e Infantil > Barandas de Seguridad,False
1435,/1503/1435/,Dormitorio Bebé e Infantil,2,1503.0,Bebé e Infantil,Bebé e Infantil > Dormitorio Bebé e Infantil,True
657,/1503/1435/657/,Cunas y Corrales,3,1435.0,Bebé e Infantil > Dormitorio Bebé e Infantil,Bebé e Infantil > Dormitorio Bebé e Infantil > Cunas y Corrales,False
1574,/1503/1435/1574/,Colchones para Cuna,3,1435.0,Bebé e Infantil > Dormitorio Bebé e Infantil,Bebé e Infantil > Dormitorio Bebé e Infantil > Colchones para Cuna,False
1575,/1503/1435/1575/,Camas Infantiles,3,1435.0,Bebé e Infantil > Dormitorio Bebé e Infantil,Bebé e Infantil > Dormitorio Bebé e Infantil > Camas Infantiles,False
1576,/1503/1435/1576/,Ropa de Cama Bebé e Infantil,3,1435.0,Bebé e Infantil > Dormitorio Bebé e Infantil,Bebé e Infantil > Dormitorio Bebé e Infantil > Ropa de Cama Bebé e Infantil,False
678,/678/,Tecnología,1,,(raiz),Tecnología,True
682,/678/682/,Audio,2,678.0,Tecnología,Tecnología > Audio,True
761,/678/682/761/,Audífonos,3,682.0,Tecnología > Audio,Tecnología > Audio > Audífonos,False
762,/678/682/762/,Soundbar y Home Theater,3,682.0,Tecnología > Audio,Tecnología > Audio > Soundbar y Home Theater,False
763,/678/682/763/,Equipos de Sonido,3,682.0,Tecnología > Audio,Tecnología > Audio > Equipos de Sonido,False
764,/678/682/764/,Parlantes,3,682.0,Tecnología > Audio,Tecnología > Audio > Parlantes,False
1378,/678/682/1378/,Instrumentos Musicales,3,682.0,Tecnología > Audio,Tecnología > Audio > Instrumentos Musicales,False
4281,/678/682/4281/,Accesorios de audio,3,682.0,Tecnología > Audio,Tecnología > Audio > Accesorios de audio,False
683,/678/683/,Computo,2,678.0,Tecnología,Tecnología > Computo,True
758,/678/683/758/,Teclados,3,683.0,Tecnología > Computo,Tecnología > Computo > Teclados,False
759,/678/683/759/,Mouses,3,683.0,Tecnología > Computo,Tecnología > Computo > Mouses,False
760,/678/683/760/,Tarjetas de Memoria,3,683.0,Tecnología > Computo,Tecnología > Computo > Tarjetas de Memoria,False
765,/678/683/765/,All in One,3,683.0,Tecnología > Computo,Tecnología > Computo > All in One,False
766,/678/683/766/,Laptops,3,683.0,Tecnología > Computo,Tecnología > Computo > Laptops,False
767,/678/683/767/,Impresoras y Multifuncionales,3,683.0,Tecnología > Computo,Tecnología > Computo > Impresoras y Multifuncionales,False
797,/678/683/797/,Proyectores,3,683.0,Tecnología > Computo,Tecnología > Computo > Proyectores,False
799,/678/683/799/,Tintas para Impresora y Toners,3,683.0,Tecnología > Computo,Tecnología > Computo > Tintas para Impresora y Toners,False
801,/678/683/801/,Accesorios de Computo,3,683.0,Tecnología > Computo,Tecnología > Computo > Accesorios de Computo,False
940,/678/683/940/,Tablets,3,683.0,Tecnología > Computo,Tecnología > Computo > Tablets,False
1028,/678/683/1028/,Memorias USB y Discos Duros,3,683.0,Tecnología > Computo,Tecnología > Computo > Memorias USB y Discos Duros,False
1090,/678/683/1090/,Laptops Gamers,3,683.0,Tecnología > Computo,Tecnología > Computo > Laptops Gamers,False
1444,/678/683/1444/,Monitores,3,683.0,Tecnología > Computo,Tecnología > Computo > Monitores,False
1445,/678/683/1445/,Fundas para Laptop y Estuches,3,683.0,Tecnología > Computo,Tecnología > Computo > Fundas para Laptop y Estuches,False
1669,/678/683/1669/,Software,3,683.0,Tecnología > Computo,Tecnología > Computo > Software,False
685,/678/685/,Fotografía,2,678.0,Tecnología,Tecnología > Fotografía,True
769,/678/685/769/,Accesorios de Fotografía,3,685.0,Tecnología > Fotografía,Tecnología > Fotografía > Accesorios de Fotografía,False
770,/678/685/770/,Cámaras,3,685.0,Tecnología > Fotografía,Tecnología > Fotografía > Cámaras,False
771,/678/685/771/,Filmadoras,3,685.0,Tecnología > Fotografía,Tecnología > Fotografía > Filmadoras,False
4213,/678/685/4213/,Drones,3,685.0,Tecnología > Fotografía,Tecnología > Fotografía > Drones,False
686,/678/686/,Telefonía,2,678.0,Tecnología,Tecnología > Telefonía,True
917,/678/686/917/,Celulares y Smartphones,3,686.0,Tecnología > Telefonía,Tecnología > Telefonía > Celulares y Smartphones,False
1038,/678/686/1038/,Cargadores y Cables,3,686.0,Tecnología > Telefonía,Tecnología > Telefonía > Cargadores y Cables,False
1067,/678/686/1067/,Accesorios para Celulares,3,686.0,Tecnología > Telefonía,Tecnología > Telefonía > Accesorios para Celulares,False
1447,/678/686/1447/,Smartwatch,3,686.0,Tecnología > Telefonía,Tecnología > Telefonía > Smartwatch,False
1448,/678/686/1448/,Cases y Micas,3,686.0,Tecnología > Telefonía,Tecnología > Telefonía > Cases y Micas,False
687,/678/687/,Televisores,2,678.0,Tecnología,Tecnología > Televisores,True
776,/678/687/776/,TV LED,3,687.0,Tecnología > Televisores,Tecnología > Televisores > TV LED,False
777,/678/687/777/,TV OLED,3,687.0,Tecnología > Televisores,Tecnología > Televisores > TV OLED,False
778,/678/687/778/,TV NanoCell,3,687.0,Tecnología > Televisores,Tecnología > Televisores > TV NanoCell,False
1083,/678/687/1083/,TV QLED,3,687.0,Tecnología > Televisores,Tecnología > Televisores > TV QLED,False
1265,/678/687/1265/,TV CRYSTAL UHD,3,687.0,Tecnología > Televisores,Tecnología > Televisores > TV CRYSTAL UHD,False
1747,/678/687/1747/,TV QNED,3,687.0,Tecnología > Televisores,Tecnología > Televisores > TV QNED,False
1762,/678/687/1762/,TV Neo QLED,3,687.0,Tecnología > Televisores,Tecnología > Televisores > TV Neo QLED,False
689,/678/689/,Videojuegos,2,678.0,Tecnología,Tecnología > Videojuegos,True
781,/678/689/781/,Accesorios Gamer,3,689.0,Tecnología > Videojuegos,Tecnología > Videojuegos > Accesorios Gamer,False
1451,/678/689/1451/,Sillas Gamer,3,689.0,Tecnología > Videojuegos,Tecnología > Videojuegos > Sillas Gamer,False
1748,/678/689/1748/,Otras consolas y juegos,3,689.0,Tecnología > Videojuegos,Tecnología > Videojuegos > Otras consolas y juegos,False
1749,/678/689/1749/,Ps5,3,689.0,Tecnología > Videojuegos,Tecnología > Videojuegos > Ps5,False
1750,/678/689/1750/,Juegos ps5,3,689.0,Tecnología > Videojuegos,Tecnología > Videojuegos > Juegos ps5,False
1751,/678/689/1751/,Ps4,3,689.0,Tecnología > Videojuegos,Tecnología > Videojuegos > Ps4,False
1752,/678/689/1752/,Juegos PS4,3,689.0,Tecnología > Videojuegos,Tecnología > Videojuegos > Juegos PS4,False
1753,/678/689/1753/,Consola Nintendo Switch,3,689.0,Tecnología > Videojuegos,Tecnología > Videojuegos > Consola Nintendo Switch,False
1754,/678/689/1754/,Juegos Nintendo Switch,3,689.0,Tecnología > Videojuegos,Tecnología > Videojuegos > Juegos Nintendo Switch,False
1755,/678/689/1755/,Consola Xbox,3,689.0,Tecnología > Videojuegos,Tecnología > Videojuegos > Consola Xbox,False
1756,/678/689/1756/,Juegos Xbox,3,689.0,Tecnología > Videojuegos,Tecnología > Videojuegos > Juegos Xbox,False
1757,/678/689/1757/,Mando ps4,3,689.0,Tecnología > Videojuegos,Tecnología > Videojuegos > Mando ps4,False
1758,/678/689/1758/,Mando PS5,3,689.0,Tecnología > Videojuegos,Tecnología > Videojuegos > Mando PS5,False
1759,/678/689/1759/,Mando Xbox,3,689.0,Tecnología > Videojuegos,Tecnología > Videojuegos > Mando Xbox,False
1379,/678/1379/,Cigarros Electrónicos,2,678.0,Tecnología,Tecnología > Cigarros Electrónicos,True
1380,/678/1379/1380/,Cigarros Electrónicos,3,1379.0,Tecnología > Cigarros Electrónicos,Tecnología > Cigarros Electrónicos > Cigarros Electrónicos,False
1683,/678/1683/,Cine en Casa,2,678.0,Tecnología,Tecnología > Cine en Casa,True
772,/678/1683/772/,Blu Ray y DVD,3,1683.0,Tecnología > Cine en Casa,Tecnología > Cine en Casa > Blu Ray y DVD,False
775,/678/1683/775/,Accesorios para Televisores,3,1683.0,Tecnología > Cine en Casa,Tecnología > Cine en Casa > Accesorios para Televisores,False
1409,/1409/,Dormitorio,1,,(raiz),Dormitorio,True
697,/1409/697/,Ropa de Cama,2,1409.0,Dormitorio,Dormitorio > Ropa de Cama,True
712,/1409/697/712/,Sábanas,3,697.0,Dormitorio > Ropa de Cama,Dormitorio > Ropa de Cama > Sábanas,False
713,/1409/697/713/,Accesorios para Cama,3,697.0,Dormitorio > Ropa de Cama,Dormitorio > Ropa de Cama > Accesorios para Cama,False
714,/1409/697/714/,Edredones,3,697.0,Dormitorio > Ropa de Cama,Dormitorio > Ropa de Cama > Edredones,False
715,/1409/697/715/,Juegos de Cama,3,697.0,Dormitorio > Ropa de Cama,Dormitorio > Ropa de Cama > Juegos de Cama,False
716,/1409/697/716/,Frazadas y Mantas,3,697.0,Dormitorio > Ropa de Cama,Dormitorio > Ropa de Cama > Frazadas y Mantas,False
717,/1409/697/717/,Almohadas y Protectores de Colchón,3,697.0,Dormitorio > Ropa de Cama,Dormitorio > Ropa de Cama > Almohadas y Protectores de Colchón,False
1670,/1409/697/1670/,Quilts,3,697.0,Dormitorio > Ropa de Cama,Dormitorio > Ropa de Cama > Quilts,False
802,/1409/802/,Colchones,2,1409.0,Dormitorio,Dormitorio > Colchones,True
1480,/1409/802/1480/,Colchón King,3,802.0,Dormitorio > Colchones,Dormitorio > Colchones > Colchón King,False
1481,/1409/802/1481/,Colchón Queen,3,802.0,Dormitorio > Colchones,Dormitorio > Colchones > Colchón Queen,False
1482,/1409/802/1482/,Colchón 2 Plazas,3,802.0,Dormitorio > Colchones,Dormitorio > Colchones > Colchón 2 Plazas,False
1483,/1409/802/1483/,Colchón 1.5 Plazas,3,802.0,Dormitorio > Colchones,Dormitorio > Colchones > Colchón 1.5 Plazas,False
1484,/1409/802/1484/,Colchón 1 Plaza,3,802.0,Dormitorio > Colchones,Dormitorio > Colchones > Colchón 1 Plaza,False
1411,/1409/1411/,Camas,2,1409.0,Dormitorio,Dormitorio > Camas,True
1485,/1409/1411/1485/,Camas King,3,1411.0,Dormitorio > Camas,Dormitorio > Camas > Camas King,False
1486,/1409/1411/1486/,Camas Queen,3,1411.0,Dormitorio > Camas,Dormitorio > Camas > Camas Queen,False
1487,/1409/1411/1487/,Camas 2 Plazas,3,1411.0,Dormitorio > Camas,Dormitorio > Camas > Camas 2 Plazas,False
1488,/1409/1411/1488/,Camas 1.5 Plazas,3,1411.0,Dormitorio > Camas,Dormitorio > Camas > Camas 1.5 Plazas,False
1489,/1409/1411/1489/,Cama 1 Plaza,3,1411.0,Dormitorio > Camas,Dormitorio > Camas > Cama 1 Plaza,False
1421,/1409/1421/,Juego de Dormitorio,2,1409.0,Dormitorio,Dormitorio > Juego de Dormitorio,True
1490,/1409/1421/1490/,Juego de Dormitorio King,3,1421.0,Dormitorio > Juego de Dormitorio,Dormitorio > Juego de Dormitorio > Juego de Dormitorio King,False
1491,/1409/1421/1491/,Juego de Dormitorio Queen,3,1421.0,Dormitorio > Juego de Dormitorio,Dormitorio > Juego de Dormitorio > Juego de Dormitorio Queen,False
1492,/1409/1421/1492/,Juego de Dormitorio 2 Plazas,3,1421.0,Dormitorio > Juego de Dormitorio,Dormitorio > Juego de Dormitorio > Juego de Dormitorio 2 Plazas,False
1493,/1409/1421/1493/,Juego de Dormitorio 1.5 Plazas,3,1421.0,Dormitorio > Juego de Dormitorio,Dormitorio > Juego de Dormitorio > Juego de Dormitorio 1.5 Plazas,False
1663,/1409/1421/1663/,Juego de Dormitorio 1 Plaza,3,1421.0,Dormitorio > Juego de Dormitorio,Dormitorio > Juego de Dormitorio > Juego de Dormitorio 1 Plaza,False
3547,/1409/3547/,Camas Funcionales,2,1409.0,Dormitorio,Dormitorio > Camas Funcionales,True
3548,/1409/3547/3548/,Boxet,3,3547.0,Dormitorio > Camas Funcionales,Dormitorio > Camas Funcionales > Boxet,False
3549,/1409/3547/3549/,Camarotes,3,3547.0,Dormitorio > Camas Funcionales,Dormitorio > Camas Funcionales > Camarotes,False
3550,/1409/3547/3550/,Camas Con Cajones,3,3547.0,Dormitorio > Camas Funcionales,Dormitorio > Camas Funcionales > Camas Con Cajones,False
3551,/1409/3547/3551/,Diván,3,3547.0,Dormitorio > Camas Funcionales,Dormitorio > Camas Funcionales > Diván,False
3552,/1409/3547/3552/,Tarimas,3,3547.0,Dormitorio > Camas Funcionales,Dormitorio > Camas Funcionales > Tarimas,False
1765,/1765/,O,1,,(raiz),O,True
1766,/1765/1766/,album mundial qatar 2022,2,1765.0,O,O > album mundial qatar 2022,False
1769,/1765/1769/,directv,2,1765.0,O,O > directv,False
1834,/1765/1834/,iPad,2,1765.0,O,O > iPad,False
1835,/1765/1835/,disfraces de Halloween,2,1765.0,O,O > disfraces de Halloween,False
1836,/1765/1836/,disfraz del Juego del Calamar,2,1765.0,O,O > disfraz del Juego del Calamar,False
1837,/1765/1837/,disfraces de halloween para niñas,2,1765.0,O,O > disfraces de halloween para niñas,False
1838,/1765/1838/,disfraz de dinosaurio,2,1765.0,O,O > disfraz de dinosaurio,False
1839,/1765/1839/,Homepod Mini,2,1765.0,O,O > Homepod Mini,False
1840,/1765/1840/,mascara de la peste negra,2,1765.0,O,O > mascara de la peste negra,False
1841,/1765/1841/,disfraces de halloween para niños,2,1765.0,O,O > disfraces de halloween para niños,False
1842,/1765/1842/,mascaras de la purga,2,1765.0,O,O > mascaras de la purga,False
1843,/1765/1843/,Airpods,2,1765.0,O,O > Airpods,False
1844,/1765/1844/,iPhone 10,2,1765.0,O,O > iPhone 10,False
1845,/1765/1845/,iPhone SE,2,1765.0,O,O > iPhone SE,False
1846,/1765/1846/,iPhone 14,2,1765.0,O,O > iPhone 14,False
1847,/1765/1847/,iPhone 14 Pro,2,1765.0,O,O > iPhone 14 Pro,False
1848,/1765/1848/,iPhone 14 Pro Max,2,1765.0,O,O > iPhone 14 Pro Max,False
1849,/1765/1849/,disfraces de halloween para perros,2,1765.0,O,O > disfraces de halloween para perros,False
1850,/1765/1850/,iPhone 14 Plus,2,1765.0,O,O > iPhone 14 Plus,False
1851,/1765/1851/,iPhone SE 2020,2,1765.0,O,O > iPhone SE 2020,False
1852,/1765/1852/,iPhone SE 2022,2,1765.0,O,O > iPhone SE 2022,False
1853,/1765/1853/,Apple Watch,2,1765.0,O,O > Apple Watch,False
1854,/1765/1854/,Apple TV,2,1765.0,O,O > Apple TV,False
1855,/1765/1855/,Macbook Pro,2,1765.0,O,O > Macbook Pro,False
1856,/1765/1856/,Macbook Air,2,1765.0,O,O > Macbook Air,False
1857,/1765/1857/,iMac,2,1765.0,O,O > iMac,False
1858,/1765/1858/,Macbook,2,1765.0,O,O > Macbook,False
1859,/1765/1859/,Apple airtag,2,1765.0,O,O > Apple airtag,False
1860,/1765/1860/,Apple Pencil,2,1765.0,O,O > Apple Pencil,False
1861,/1765/1861/,Earpods,2,1765.0,O,O > Earpods,False
1862,/1765/1862/,Homepod,2,1765.0,O,O > Homepod,False
1863,/1765/1863/,chromecast,2,1765.0,O,O > chromecast,False
1864,/1765/1864/,notebooks,2,1765.0,O,O > notebooks,False
1865,/1765/1865/,kindle,2,1765.0,O,O > kindle,False
1866,/1765/1866/,impresoras epson l3110,2,1765.0,O,O > impresoras epson l3110,False
1867,/1765/1867/,impresoras 3d,2,1765.0,O,O > impresoras 3d,False
1868,/1765/1868/,tarjeta grafica de video,2,1765.0,O,O > tarjeta grafica de video,False
1869,/1765/1869/,smart tv,2,1765.0,O,O > smart tv,False
1870,/1765/1870/,tabletas grafica,2,1765.0,O,O > tabletas grafica,False
1872,/1765/1872/,tv box convertidor smart tv,2,1765.0,O,O > tv box convertidor smart tv,False
1874,/1765/1874/,iPhone 11,2,1765.0,O,O > iPhone 11,False
1875,/1765/1875/,iPhone 12,2,1765.0,O,O > iPhone 12,False
1876,/1765/1876/,iPhone X,2,1765.0,O,O > iPhone X,False
1877,/1765/1877/,iPhone 8,2,1765.0,O,O > iPhone 8,False
1878,/1765/1878/,iPhone 13,2,1765.0,O,O > iPhone 13,False
1879,/1765/1879/,iPhone 7,2,1765.0,O,O > iPhone 7,False
1880,/1765/1880/,cables hdmi,2,1765.0,O,O > cables hdmi,False
1881,/1765/1881/,chromebook,2,1765.0,O,O > chromebook,False
1882,/1765/1882/,cooler para laptop,2,1765.0,O,O > cooler para laptop,False
1883,/1765/1883/,decodificador,2,1765.0,O,O > decodificador,False
2036,/1765/2036/,four loko,2,1765.0,O,O > four loko,False
2037,/1765/2037/,iphone 13 pro max,2,1765.0,O,O > iphone 13 pro max,False
2038,/1765/2038/,iPhone Xr,2,1765.0,O,O > iPhone Xr,False
2039,/1765/2039/,iPhone 12 Pro Max,2,1765.0,O,O > iPhone 12 Pro Max,False
2040,/1765/2040/,iPhone 11 Pro Max,2,1765.0,O,O > iPhone 11 Pro Max,False
2041,/1765/2041/,iPhone 11 Pro,2,1765.0,O,O > iPhone 11 Pro,False
2042,/1765/2042/,iPhone 12 Mini,2,1765.0,O,O > iPhone 12 Mini,False
2043,/1765/2043/,iPhone 12 Pro,2,1765.0,O,O > iPhone 12 Pro,False
2044,/1765/2044/,iPhone Xs,2,1765.0,O,O > iPhone Xs,False
2045,/1765/2045/,iPhone Xs Max,2,1765.0,O,O > iPhone Xs Max,False
2046,/1765/2046/,iphone 13 pro,2,1765.0,O,O > iphone 13 pro,False
2047,/1765/2047/,airpods pro,2,1765.0,O,O > airpods pro,False
2048,/1765/2048/,camaras web,2,1765.0,O,O > camaras web,False
2049,/1765/2049/,audifonos gamer,2,1765.0,O,O > audifonos gamer,False
2050,/1765/2050/,mouse gamer,2,1765.0,O,O > mouse gamer,False
2051,/1765/2051/,creatina,2,1765.0,O,O > creatina,False
2052,/1765/2052/,luces led,2,1765.0,O,O > luces led,False
2053,/1765/2053/,baby yoda,2,1765.0,O,O > baby yoda,False
2054,/1765/2054/,baby doll,2,1765.0,O,O > baby doll,False
2055,/1765/2055/,afiladores de cuchillo,2,1765.0,O,O > afiladores de cuchillo,False
2056,/1765/2056/,airpods max,2,1765.0,O,O > airpods max,False
2057,/1765/2057/,apple watch se,2,1765.0,O,O > apple watch se,False
2058,/1765/2058/,mouse pad gamer,2,1765.0,O,O > mouse pad gamer,False
2059,/1765/2059/,monitores gamer,2,1765.0,O,O > monitores gamer,False
2060,/1765/2060/,iPad pro 11,2,1765.0,O,O > iPad pro 11,False
2061,/1765/2061/,ventiladores de techo,2,1765.0,O,O > ventiladores de techo,False
2062,/1765/2062/,iPhone 13 Mini,2,1765.0,O,O > iPhone 13 Mini,False
2063,/1765/2063/,apple watch series 6,2,1765.0,O,O > apple watch series 6,False
2064,/1765/2064/,johnnie walker etiqueta azul,2,1765.0,O,O > johnnie walker etiqueta azul,False
2065,/1765/2065/,johnnie walker etiqueta negra,2,1765.0,O,O > johnnie walker etiqueta negra,False
2066,/1765/2066/,ventilador industrial,2,1765.0,O,O > ventilador industrial,False
2067,/1765/2067/,refrigerador no frost,2,1765.0,O,O > refrigerador no frost,False
2068,/1765/2068/,airpods 3,2,1765.0,O,O > airpods 3,False
2069,/1765/2069/,iPad air 4,2,1765.0,O,O > iPad air 4,False
2070,/1765/2070/,macbook air m1,2,1765.0,O,O > macbook air m1,False
2071,/1765/2071/,cargador de iPhone,2,1765.0,O,O > cargador de iPhone,False
2072,/1765/2072/,microfonos gamer,2,1765.0,O,O > microfonos gamer,False
2073,/1765/2073/,parrillas portatiles,2,1765.0,O,O > parrillas portatiles,False
2074,/1765/2074/,ablandador de carne,2,1765.0,O,O > ablandador de carne,False
2075,/1765/2075/,ventilador de pared,2,1765.0,O,O > ventilador de pared,False
2076,/1765/2076/,setup gamer,2,1765.0,O,O > setup gamer,False
2077,/1765/2077/,Controles remotos para tv,2,1765.0,O,O > Controles remotos para tv,False
2079,/1765/2079/,laptops core i5,2,1765.0,O,O > laptops core i5,False
2080,/1765/2080/,refrigerador 2 puertas,2,1765.0,O,O > refrigerador 2 puertas,False
2081,/1765/2081/,celulares gama alta,2,1765.0,O,O > celulares gama alta,False
2082,/1765/2082/,tripodes para celular,2,1765.0,O,O > tripodes para celular,False
2083,/1765/2083/,gaming,2,1765.0,O,O > gaming,False
2084,/1765/2084/,mesas para laptop,2,1765.0,O,O > mesas para laptop,False
2085,/1765/2085/,aire acondicionado portatil,2,1765.0,O,O > aire acondicionado portatil,False
2086,/1765/2086/,mecheros para carbon,2,1765.0,O,O > mecheros para carbon,False
2087,/1765/2087/,parrillas electricas,2,1765.0,O,O > parrillas electricas,False
2088,/1765/2088/,parrillas de acero,2,1765.0,O,O > parrillas de acero,False
2089,/1765/2089/,casa para gatos,2,1765.0,O,O > casa para gatos,False
2090,/1765/2090/,visicooler,2,1765.0,O,O > visicooler,False
2091,/1765/2091/,iPad pro,2,1765.0,O,O > iPad pro,False
2092,/1765/2092/,jacuzzi,2,1765.0,O,O > jacuzzi,False
2093,/1765/2093/,shampoo sin sal,2,1765.0,O,O > shampoo sin sal,False
2094,/1765/2094/,cocina electrica,2,1765.0,O,O > cocina electrica,False
2095,/1765/2095/,teclados gamer,2,1765.0,O,O > teclados gamer,False
2096,/1765/2096/,guitarra electrica,2,1765.0,O,O > guitarra electrica,False
2097,/1765/2097/,silla ergonomica,2,1765.0,O,O > silla ergonomica,False
2098,/1765/2098/,cooler gamer,2,1765.0,O,O > cooler gamer,False
2099,/1765/2099/,iPad air,2,1765.0,O,O > iPad air,False
2100,/1765/2100/,luces RGB,2,1765.0,O,O > luces RGB,False
2101,/1765/2101/,mesas de madera,2,1765.0,O,O > mesas de madera,False
2102,/1765/2102/,mesitas de noche,2,1765.0,O,O > mesitas de noche,False
2103,/1765/2103/,carbon vegetal parrilla,2,1765.0,O,O > carbon vegetal parrilla,False
2104,/1765/2104/,pizarra digital,2,1765.0,O,O > pizarra digital,False
2105,/1765/2105/,iPad mini,2,1765.0,O,O > iPad mini,False
2106,/1765/2106/,cargador tipo c,2,1765.0,O,O > cargador tipo c,False
2107,/1765/2107/,gtx 1050 ti,2,1765.0,O,O > gtx 1050 ti,False
2108,/1765/2108/,racks para televisores,2,1765.0,O,O > racks para televisores,False
2109,/1765/2109/,caja fosforos,2,1765.0,O,O > caja fosforos,False
2110,/1765/2110/,briquetas carbon,2,1765.0,O,O > briquetas carbon,False
2111,/1765/2111/,set parrillero,2,1765.0,O,O > set parrillero,False
2112,/1765/2112/,encendedor de carbon,2,1765.0,O,O > encendedor de carbon,False
2113,/1765/2113/,mini parrilla,2,1765.0,O,O > mini parrilla,False
2114,/1765/2114/,parrilla con tapa,2,1765.0,O,O > parrilla con tapa,False
2115,/1765/2115/,parrilla para mesa,2,1765.0,O,O > parrilla para mesa,False
2116,/1765/2116/,parrilla de metal,2,1765.0,O,O > parrilla de metal,False
2117,/1765/2117/,bolsa carbon,2,1765.0,O,O > bolsa carbon,False
2118,/1765/2118/,parrilla plegable,2,1765.0,O,O > parrilla plegable,False
2119,/1765/2119/,aire acondicionado split,2,1765.0,O,O > aire acondicionado split,False
2120,/1765/2120/,ventilador de torre,2,1765.0,O,O > ventilador de torre,False
2121,/1765/2121/,termoventilador,2,1765.0,O,O > termoventilador,False
2122,/1765/2122/,ventilador de pie,2,1765.0,O,O > ventilador de pie,False
2123,/1765/2123/,ventilador portatil,2,1765.0,O,O > ventilador portatil,False
2124,/1765/2124/,ventilador de mesa y escritorio,2,1765.0,O,O > ventilador de mesa y escritorio,False
2125,/1765/2125/,refrigerador negro,2,1765.0,O,O > refrigerador negro,False
2126,/1765/2126/,aire acondicionado inverter,2,1765.0,O,O > aire acondicionado inverter,False
2127,/1765/2127/,mini ventilador,2,1765.0,O,O > mini ventilador,False
2128,/1765/2128/,ventilador con control remoto,2,1765.0,O,O > ventilador con control remoto,False
2131,/1765/2131/,ventilador smart inteligente,2,1765.0,O,O > ventilador smart inteligente,False
2132,/1765/2132/,refrigerador top freezer,2,1765.0,O,O > refrigerador top freezer,False
2133,/1765/2133/,refrigerador de 3 puertas,2,1765.0,O,O > refrigerador de 3 puertas,False
2134,/1765/2134/,refrigerador con dispensador de agua y hielo,2,1765.0,O,O > refrigerador con dispensador de agua y hielo,False
2135,/1765/2135/,enfriador de aire evaporativo,2,1765.0,O,O > enfriador de aire evaporativo,False
2136,/1765/2136/,refrigerador puerta de vidrio,2,1765.0,O,O > refrigerador puerta de vidrio,False
2137,/1765/2137/,samsung galaxy s22,2,1765.0,O,O > samsung galaxy s22,False
2138,/1765/2138/,samsung galaxy z flip,2,1765.0,O,O > samsung galaxy z flip,False
2139,/1765/2139/,samsung galaxy z flip,2,1765.0,O,O > samsung galaxy z flip,False
2140,/1765/2140/,samsung galaxy z fold 2,2,1765.0,O,O > samsung galaxy z fold 2,False
2141,/1765/2141/,samsung galaxy z flip 4,2,1765.0,O,O > samsung galaxy z flip 4,False
2142,/1765/2142/,samsung galaxy z fold 4,2,1765.0,O,O > samsung galaxy z fold 4,False
2143,/1765/2143/,aire acondicionado pared,2,1765.0,O,O > aire acondicionado pared,False
2144,/1765/2144/,refrigerador blanco,2,1765.0,O,O > refrigerador blanco,False
2145,/1765/2145/,refrigerador de una sola puerta,2,1765.0,O,O > refrigerador de una sola puerta,False
2146,/1765/2146/,refrigerador side by side,2,1765.0,O,O > refrigerador side by side,False
2147,/1765/2147/,ventilador de suelo,2,1765.0,O,O > ventilador de suelo,False
2148,/1765/2148/,refrigerador gris,2,1765.0,O,O > refrigerador gris,False
2149,/1765/2149/,pantalla verde,2,1765.0,O,O > pantalla verde,False
2150,/1765/2150/,ventilador para auto,2,1765.0,O,O > ventilador para auto,False
2151,/1765/2151/,tabla parrillera,2,1765.0,O,O > tabla parrillera,False
2152,/1765/2152/,ventilador 3 en 1,2,1765.0,O,O > ventilador 3 en 1,False
2153,/1765/2153/,refrigerador bottom freezer,2,1765.0,O,O > refrigerador bottom freezer,False
2154,/1765/2154/,refrigerador french door,2,1765.0,O,O > refrigerador french door,False
2155,/1765/2155/,samsung galaxy s22 ultra,2,1765.0,O,O > samsung galaxy s22 ultra,False
2156,/1765/2156/,cocina empotrada a gas,2,1765.0,O,O > cocina empotrada a gas,False
2157,/1765/2157/,horno empotrable a gas,2,1765.0,O,O > horno empotrable a gas,False
2158,/1765/2158/,horno electrico empotrable,2,1765.0,O,O > horno electrico empotrable,False
2159,/1765/2159/,cocina electrica empotrable,2,1765.0,O,O > cocina electrica empotrable,False
2160,/1765/2160/,samsung galaxy s23 ultra,2,1765.0,O,O > samsung galaxy s23 ultra,False
2161,/1765/2161/,samsung galaxy s23 plus,2,1765.0,O,O > samsung galaxy s23 plus,False
2162,/1765/2162/,aqua shoes,2,1765.0,O,O > aqua shoes,False
2163,/1765/2163/,samsung galaxy s23,2,1765.0,O,O > samsung galaxy s23,False
2164,/1765/2164/,furminator para perros,2,1765.0,O,O > furminator para perros,False
2165,/1765/2165/,maquina para cortar pelo de perro,2,1765.0,O,O > maquina para cortar pelo de perro,False
2166,/1765/2166/,casas para perros de madera,2,1765.0,O,O > casas para perros de madera,False
2167,/1765/2167/,carnaza para perro,2,1765.0,O,O > carnaza para perro,False
2168,/1765/2168/,desparasitante para perros,2,1765.0,O,O > desparasitante para perros,False
2169,/1765/2169/,antipulgas para perros,2,1765.0,O,O > antipulgas para perros,False
2170,/1765/2170/,pipeta para perros,2,1765.0,O,O > pipeta para perros,False
2171,/1765/2171/,vitaminas para perros,2,1765.0,O,O > vitaminas para perros,False
2172,/1765/2172/,accesorios para perros,2,1765.0,O,O > accesorios para perros,False
2173,/1765/2173/,platos para perros,2,1765.0,O,O > platos para perros,False
2174,/1765/2174/,camas para perros grandes,2,1765.0,O,O > camas para perros grandes,False
2175,/1765/2175/,galletas para perros,2,1765.0,O,O > galletas para perros,False
2176,/1765/2176/,ropa para perros machos,2,1765.0,O,O > ropa para perros machos,False
2177,/1765/2177/,collar de perro,2,1765.0,O,O > collar de perro,False
2178,/1765/2178/,antiparasitario para perros,2,1765.0,O,O > antiparasitario para perros,False
2179,/1765/2179/,ropa de navidad para perros,2,1765.0,O,O > ropa de navidad para perros,False
2180,/1765/2180/,shampoo medicado para perros,2,1765.0,O,O > shampoo medicado para perros,False
2181,/1765/2181/,camas para perros,2,1765.0,O,O > camas para perros,False
2182,/1765/2182/,simparica para perros,2,1765.0,O,O > simparica para perros,False
2183,/1765/2183/,collares y correas para perros,2,1765.0,O,O > collares y correas para perros,False
2184,/1765/2184/,casas para perros,2,1765.0,O,O > casas para perros,False
2185,/1765/2185/,pañales para perros,2,1765.0,O,O > pañales para perros,False
2186,/1765/2186/,juguetes para perros,2,1765.0,O,O > juguetes para perros,False
2187,/1765/2187/,apoquel para perros,2,1765.0,O,O > apoquel para perros,False
2188,/1765/2188/,baño para perros,2,1765.0,O,O > baño para perros,False
2189,/1765/2189/,pecheras para perros,2,1765.0,O,O > pecheras para perros,False
2190,/1765/2190/,bravecto para perros,2,1765.0,O,O > bravecto para perros,False
2191,/1765/2191/,simparica trio,2,1765.0,O,O > simparica trio,False
2192,/1765/2192/,arnes para perros,2,1765.0,O,O > arnes para perros,False
2193,/1765/2193/,furminator para perros,2,1765.0,O,O > furminator para perros,False
2194,/1765/2194/,cortauñas para perros,2,1765.0,O,O > cortauñas para perros,False
2195,/1765/2195/,canil para perros,2,1765.0,O,O > canil para perros,False
2196,/1765/2196/,casas para perros grandes,2,1765.0,O,O > casas para perros grandes,False
2197,/1765/2197/,colchones para perros,2,1765.0,O,O > colchones para perros,False
2198,/1765/2198/,collar isabelino perro,2,1765.0,O,O > collar isabelino perro,False
2199,/1765/2199/,pasta dental para perros,2,1765.0,O,O > pasta dental para perros,False
2200,/1765/2200/,placas para perros,2,1765.0,O,O > placas para perros,False
2201,/1765/2201/,bozal para perro pitbull,2,1765.0,O,O > bozal para perro pitbull,False
2202,/1765/2202/,pollo de juguete,2,1765.0,O,O > pollo de juguete,False
2203,/1765/2203/,pelotas para perros,2,1765.0,O,O > pelotas para perros,False
2204,/1765/2204/,collar de púas para perros,2,1765.0,O,O > collar de púas para perros,False
2205,/1765/2205/,cepillo de dientes para perros,2,1765.0,O,O > cepillo de dientes para perros,False
2206,/1765/2206/,perfumes y colonias para perros,2,1765.0,O,O > perfumes y colonias para perros,False
2207,/1765/2207/,bozal para perro pequeño,2,1765.0,O,O > bozal para perro pequeño,False
2208,/1765/2208/,juguetes interactivos para perros,2,1765.0,O,O > juguetes interactivos para perros,False
2209,/1765/2209/,camas para perros pequeños,2,1765.0,O,O > camas para perros pequeños,False
2210,/1765/2210/,casas para perros pequeños,2,1765.0,O,O > casas para perros pequeños,False
2211,/1765/2211/,cadenas para perros,2,1765.0,O,O > cadenas para perros,False
2212,/1765/2212/,baño ecologico para perros,2,1765.0,O,O > baño ecologico para perros,False
2213,/1765/2213/,bebederos para perros,2,1765.0,O,O > bebederos para perros,False
2214,/1765/2214/,peine y cepillos para perros,2,1765.0,O,O > peine y cepillos para perros,False
2215,/1765/2215/,zapatos para perros,2,1765.0,O,O > zapatos para perros,False
2216,/1765/2216/,jaulas para perros,2,1765.0,O,O > jaulas para perros,False
2217,/1765/2217/,kennel para perros,2,1765.0,O,O > kennel para perros,False
2218,/1765/2218/,collar antipulgas para perros,2,1765.0,O,O > collar antipulgas para perros,False
2219,/1765/2219/,transportadora de perros,2,1765.0,O,O > transportadora de perros,False
2220,/1765/2220/,saco de comida para perros,2,1765.0,O,O > saco de comida para perros,False
2221,/1765/2221/,ropa para perros hembras,2,1765.0,O,O > ropa para perros hembras,False
2222,/1765/2222/,comida para gatos,2,1765.0,O,O > comida para gatos,False
2223,/1765/2223/,catnip,2,1765.0,O,O > catnip,False
2224,/1765/2224/,rascadores para gatos,2,1765.0,O,O > rascadores para gatos,False
2225,/1765/2225/,juguetes para gatos,2,1765.0,O,O > juguetes para gatos,False
2226,/1765/2226/,collar isabelino,2,1765.0,O,O > collar isabelino,False
2227,/1765/2227/,peine y cepillo para gatos,2,1765.0,O,O > peine y cepillo para gatos,False
2228,/1765/2228/,gimnasio para gatos,2,1765.0,O,O > gimnasio para gatos,False
2229,/1765/2229/,collares para gatos,2,1765.0,O,O > collares para gatos,False
2230,/1765/2230/,correas para gatos,2,1765.0,O,O > correas para gatos,False
2231,/1765/2231/,antipulgas para gatos,2,1765.0,O,O > antipulgas para gatos,False
2232,/1765/2232/,pipeta para gatos,2,1765.0,O,O > pipeta para gatos,False
2233,/1765/2233/,caja de arena para gatos,2,1765.0,O,O > caja de arena para gatos,False
2234,/1765/2234/,rascadores para gatos grandes,2,1765.0,O,O > rascadores para gatos grandes,False
2235,/1765/2235/,guante quita pelo gato,2,1765.0,O,O > guante quita pelo gato,False
2236,/1765/2236/,canasto para transportar gatos,2,1765.0,O,O > canasto para transportar gatos,False
2237,/1765/2237/,jaula de transporte para gatos,2,1765.0,O,O > jaula de transporte para gatos,False
2238,/1765/2238/,maletines para gatos,2,1765.0,O,O > maletines para gatos,False
2239,/1765/2239/,spray contra pulgas para gatos,2,1765.0,O,O > spray contra pulgas para gatos,False
2240,/1765/2240/,arenero gato cerrado,2,1765.0,O,O > arenero gato cerrado,False
2241,/1765/2241/,arenero con tapa,2,1765.0,O,O > arenero con tapa,False
2242,/1765/2242/,baño ecologico para gatos,2,1765.0,O,O > baño ecologico para gatos,False
2243,/1765/2243/,pala para arenero,2,1765.0,O,O > pala para arenero,False
2244,/1765/2244/,camas iglu para gatos,2,1765.0,O,O > camas iglu para gatos,False
2245,/1765/2245/,samsung galaxy s21 fe,2,1765.0,O,O > samsung galaxy s21 fe,False
2246,/1765/2246/,steam deck,2,1765.0,O,O > steam deck,False
2247,/1765/2247/,shampoo antipulgas para gatos,2,1765.0,O,O > shampoo antipulgas para gatos,False
2248,/1765/2248/,tunel para gatos,2,1765.0,O,O > tunel para gatos,False
2249,/1765/2249/,areneros para gatos grandes,2,1765.0,O,O > areneros para gatos grandes,False
2250,/1765/2250/,pasta dental para gatos,2,1765.0,O,O > pasta dental para gatos,False
2251,/1765/2251/,shampoo en seco para gatos,2,1765.0,O,O > shampoo en seco para gatos,False
2252,/1765/2252/,placas para gatos,2,1765.0,O,O > placas para gatos,False
2253,/1765/2253/,nutromix,2,1765.0,O,O > nutromix,False
2254,/1765/2254/,profelis,2,1765.0,O,O > profelis,False
2255,/1765/2255/,snacks para gatos,2,1765.0,O,O > snacks para gatos,False
2256,/1765/2256/,juguetes con cascabel para gatos,2,1765.0,O,O > juguetes con cascabel para gatos,False
2257,/1765/2257/,protector de muebles para gatos,2,1765.0,O,O > protector de muebles para gatos,False
2258,/1765/2258/,litera de gatos,2,1765.0,O,O > litera de gatos,False
2259,/1765/2259/,cama rascador para gatos,2,1765.0,O,O > cama rascador para gatos,False
2260,/1765/2260/,vitaminas para gatos,2,1765.0,O,O > vitaminas para gatos,False
2261,/1765/2261/,dispensador de comida para gatos,2,1765.0,O,O > dispensador de comida para gatos,False
2262,/1765/2262/,fuente de agua para gatos,2,1765.0,O,O > fuente de agua para gatos,False
2263,/1765/2263/,arenero de gato,2,1765.0,O,O > arenero de gato,False
2264,/1765/2264/,xelamec,2,1765.0,O,O > xelamec,False
2265,/1765/2265/,mochila transportadora para gatos,2,1765.0,O,O > mochila transportadora para gatos,False
2266,/1765/2266/,cortauñas para gatos,2,1765.0,O,O > cortauñas para gatos,False
2267,/1765/2267/,pechera para gato,2,1765.0,O,O > pechera para gato,False
2268,/1765/2268/,canil para gatos,2,1765.0,O,O > canil para gatos,False
2269,/1765/2269/,rascadores para gatos de carton,2,1765.0,O,O > rascadores para gatos de carton,False
2270,/1765/2270/,aspiradora para pelos de gato,2,1765.0,O,O > aspiradora para pelos de gato,False
2271,/1765/2271/,cepillo de dientes para gatos,2,1765.0,O,O > cepillo de dientes para gatos,False
2272,/1765/2272/,shampoo para gatos,2,1765.0,O,O > shampoo para gatos,False
2273,/1765/2273/,arnes para gatos,2,1765.0,O,O > arnes para gatos,False
2274,/1765/2274/,baño para gatos,2,1765.0,O,O > baño para gatos,False
2275,/1765/2275/,bebedero para gatos,2,1765.0,O,O > bebedero para gatos,False
2276,/1765/2276/,furminator gato,2,1765.0,O,O > furminator gato,False
2277,/1765/2277/,platos para gatos,2,1765.0,O,O > platos para gatos,False
2278,/1765/2278/,rodillo quitapelusa,2,1765.0,O,O > rodillo quitapelusa,False
2279,/1765/2279/,collar antipulgas para gatos,2,1765.0,O,O > collar antipulgas para gatos,False
2280,/1765/2280/,desparasitante para gatos,2,1765.0,O,O > desparasitante para gatos,False
2281,/1765/2281/,guantes de boxeo,2,1765.0,O,O > guantes de boxeo,False
2282,/1765/2282/,munequeras,2,1765.0,O,O > munequeras,False
2283,/1765/2283/,jaula para gatos,2,1765.0,O,O > jaula para gatos,False
2284,/1765/2284/,kennel para gatos,2,1765.0,O,O > kennel para gatos,False
2285,/1765/2285/,patines de 4 ruedas,2,1765.0,O,O > patines de 4 ruedas,False
2286,/1765/2286/,rodilleras,2,1765.0,O,O > rodilleras,False
2287,/1765/2287/,eliptica,2,1765.0,O,O > eliptica,False
2288,/1765/2288/,pasamontanas,2,1765.0,O,O > pasamontanas,False
2289,/1765/2289/,tobilleras,2,1765.0,O,O > tobilleras,False
2290,/1765/2290/,hamaca,2,1765.0,O,O > hamaca,False
2291,/1765/2291/,moto electrica,2,1765.0,O,O > moto electrica,False
2292,/1765/2292/,strap,2,1765.0,O,O > strap,False
2293,/1765/2293/,motos para ninos,2,1765.0,O,O > motos para ninos,False
2294,/1765/2294/,saco de boxeo,2,1765.0,O,O > saco de boxeo,False
2295,/1765/2295/,binoculares,2,1765.0,O,O > binoculares,False
2296,/1765/2296/,bicicleta estacionaria,2,1765.0,O,O > bicicleta estacionaria,False
2297,/1765/2297/,mochila de emergencia,2,1765.0,O,O > mochila de emergencia,False
2298,/1765/2298/,patines para nina,2,1765.0,O,O > patines para nina,False
2299,/1765/2299/,linterna,2,1765.0,O,O > linterna,False
2300,/1765/2300/,mancuernas,2,1765.0,O,O > mancuernas,False
2301,/1765/2301/,pelota de voley,2,1765.0,O,O > pelota de voley,False
2302,/1765/2302/,fulbito de mesa,2,1765.0,O,O > fulbito de mesa,False
2303,/1765/2303/,telescopio,2,1765.0,O,O > telescopio,False
2304,/1765/2304/,pesas rusas,2,1765.0,O,O > pesas rusas,False
2305,/1765/2305/,hand grip,2,1765.0,O,O > hand grip,False
2306,/1765/2306/,pesas,2,1765.0,O,O > pesas,False
2307,/1765/2307/,corrector de postura,2,1765.0,O,O > corrector de postura,False
2308,/1765/2308/,mochilas de viaje,2,1765.0,O,O > mochilas de viaje,False
2309,/1765/2309/,bandas elasticas,2,1765.0,O,O > bandas elasticas,False
2310,/1765/2310/,triciclos para ninos,2,1765.0,O,O > triciclos para ninos,False
2311,/1765/2311/,monocular,2,1765.0,O,O > monocular,False
2312,/1765/2312/,guantes para moto,2,1765.0,O,O > guantes para moto,False
2313,/1765/2313/,bicicleta plegable,2,1765.0,O,O > bicicleta plegable,False
2314,/1765/2314/,medias tobilleras,2,1765.0,O,O > medias tobilleras,False
2315,/1765/2315/,lentes de natacion,2,1765.0,O,O > lentes de natacion,False
2316,/1765/2316/,rodilleras para voley,2,1765.0,O,O > rodilleras para voley,False
2317,/1765/2317/,cascos para moto mujer,2,1765.0,O,O > cascos para moto mujer,False
2318,/1765/2318/,gorro de natacion,2,1765.0,O,O > gorro de natacion,False
2319,/1765/2319/,mesa para ninos,2,1765.0,O,O > mesa para ninos,False
2320,/1765/2320/,cama saltarina,2,1765.0,O,O > cama saltarina,False
2321,/1765/2321/,sillas plegables,2,1765.0,O,O > sillas plegables,False
2322,/1765/2322/,juegos de mesa para ninos,2,1765.0,O,O > juegos de mesa para ninos,False
2323,/1765/2323/,collar con nombre,2,1765.0,O,O > collar con nombre,False
2324,/1765/2324/,rodillera ortopedica,2,1765.0,O,O > rodillera ortopedica,False
2325,/1765/2325/,rodilleras deportivas,2,1765.0,O,O > rodilleras deportivas,False
2326,/1765/2326/,mesa de ping pong,2,1765.0,O,O > mesa de ping pong,False
2327,/1765/2327/,mat de yoga,2,1765.0,O,O > mat de yoga,False
2328,/1765/2328/,bolsa de dormir,2,1765.0,O,O > bolsa de dormir,False
2329,/1765/2329/,cascos para moto,2,1765.0,O,O > cascos para moto,False
2330,/1765/2330/,wetsuit,2,1765.0,O,O > wetsuit,False
2332,/1765/2332/,ligas de resistencia,2,1765.0,O,O > ligas de resistencia,False
2333,/1765/2333/,prismaticos,2,1765.0,O,O > prismaticos,False
2334,/1765/2334/,flotador,2,1765.0,O,O > flotador,False
2335,/1765/2335/,piscinas para ninos,2,1765.0,O,O > piscinas para ninos,False
2336,/1765/2336/,kettlebells,2,1765.0,O,O > kettlebells,False
2337,/1765/2337/,bicicleta spinning,2,1765.0,O,O > bicicleta spinning,False
2338,/1765/2338/,linternas recargables,2,1765.0,O,O > linternas recargables,False
2339,/1765/2339/,rueda abdominal,2,1765.0,O,O > rueda abdominal,False
2340,/1765/2340/,soga para saltar,2,1765.0,O,O > soga para saltar,False
2341,/1765/2341/,columpios para ninos,2,1765.0,O,O > columpios para ninos,False
2342,/1765/2342/,colchoneta para ejercicios,2,1765.0,O,O > colchoneta para ejercicios,False
2343,/1765/2343/,foam roller,2,1765.0,O,O > foam roller,False
2344,/1765/2344/,bicicleta aro 29,2,1765.0,O,O > bicicleta aro 29,False
2345,/1765/2345/,cuerda para saltar,2,1765.0,O,O > cuerda para saltar,False
2346,/1765/2346/,hombreras,2,1765.0,O,O > hombreras,False
2347,/1765/2347/,bicicleta vintage,2,1765.0,O,O > bicicleta vintage,False
2348,/1765/2348/,bandas de resistencia,2,1765.0,O,O > bandas de resistencia,False
2349,/1765/2349/,caminadora electrica,2,1765.0,O,O > caminadora electrica,False
2350,/1765/2350/,tobilleras deportivas,2,1765.0,O,O > tobilleras deportivas,False
2351,/1765/2351/,bicicletas para mujer,2,1765.0,O,O > bicicletas para mujer,False
2352,/1765/2352/,luces para bicicleta,2,1765.0,O,O > luces para bicicleta,False
2353,/1765/2353/,barra olimpica,2,1765.0,O,O > barra olimpica,False
2354,/1765/2354/,barra z,2,1765.0,O,O > barra z,False
2355,/1765/2355/,codera,2,1765.0,O,O > codera,False
2356,/1765/2356/,barra para dominadas,2,1765.0,O,O > barra para dominadas,False
2357,/1765/2357/,pelotas de ping pong,2,1765.0,O,O > pelotas de ping pong,False
2358,/1765/2358/,bicicleta montanera para mujer,2,1765.0,O,O > bicicleta montanera para mujer,False
2359,/1765/2359/,cuatrimotos para ninos,2,1765.0,O,O > cuatrimotos para ninos,False
2360,/1765/2360/,banco multifuncional,2,1765.0,O,O > banco multifuncional,False
2361,/1765/2361/,mascarilla snorkel,2,1765.0,O,O > mascarilla snorkel,False
2362,/1765/2362/,carpas para ninos,2,1765.0,O,O > carpas para ninos,False
2363,/1765/2363/,bandas elasticas para hacer ejercicio,2,1765.0,O,O > bandas elasticas para hacer ejercicio,False
2364,/1765/2364/,corredora electrica,2,1765.0,O,O > corredora electrica,False
2365,/1765/2365/,zapatillas patines,2,1765.0,O,O > zapatillas patines,False
2366,/1765/2366/,menisquera,2,1765.0,O,O > menisquera,False
2367,/1765/2367/,tobillera ortopedica,2,1765.0,O,O > tobillera ortopedica,False
2368,/1765/2368/,inflador electrico,2,1765.0,O,O > inflador electrico,False
2369,/1765/2369/,raquetas de ping pong,2,1765.0,O,O > raquetas de ping pong,False
2370,/1765/2370/,flotadores para bebes,2,1765.0,O,O > flotadores para bebes,False
2371,/1765/2371/,sillas para ninos,2,1765.0,O,O > sillas para ninos,False
2372,/1765/2372/,bicicleta niña,2,1765.0,O,O > bicicleta niña,False
2373,/1765/2373/,bicicleta aro 26,2,1765.0,O,O > bicicleta aro 26,False
2374,/1765/2374/,bicicleta aro 20,2,1765.0,O,O > bicicleta aro 20,False
2375,/1765/2375/,tobogan para niños,2,1765.0,O,O > tobogan para niños,False
2376,/1765/2376/,mesas y sillas para niños,2,1765.0,O,O > mesas y sillas para niños,False
2377,/1765/2377/,banco plegable,2,1765.0,O,O > banco plegable,False
2378,/1765/2378/,muñequeras deportivas,2,1765.0,O,O > muñequeras deportivas,False
2379,/1765/2379/,pesas tobilleras,2,1765.0,O,O > pesas tobilleras,False
2380,/1765/2380/,guantes para gym,2,1765.0,O,O > guantes para gym,False
2381,/1765/2381/,barra recta,2,1765.0,O,O > barra recta,False
2382,/1765/2382/,carros con pedales para ninos,2,1765.0,O,O > carros con pedales para ninos,False
2383,/1765/2383/,flotadores para ninos,2,1765.0,O,O > flotadores para ninos,False
2384,/1765/2384/,casa de munecas para ninas,2,1765.0,O,O > casa de munecas para ninas,False
2385,/1765/2385/,piscina rectangular,2,1765.0,O,O > piscina rectangular,False
2386,/1765/2386/,carpa para 2 personas,2,1765.0,O,O > carpa para 2 personas,False
2387,/1765/2387/,patines para adultos,2,1765.0,O,O > patines para adultos,False
2388,/1765/2388/,rodilleras para basquet,2,1765.0,O,O > rodilleras para basquet,False
2390,/1765/2390/,cocina electrica de mesa,2,1765.0,O,O > cocina electrica de mesa,False
2391,/1765/2391/,laptops core i7,2,1765.0,O,O > laptops core i7,False
2392,/1765/2392/,laptops hp core i7,2,1765.0,O,O > laptops hp core i7,False
2393,/1765/2393/,casa de peppa pig,2,1765.0,O,O > casa de peppa pig,False
2394,/1765/2394/,adaptador vga a hdmi,2,1765.0,O,O > adaptador vga a hdmi,False
2395,/1765/2395/,tortas de cumpleanos,2,1765.0,O,O > tortas de cumpleanos,False
2396,/1765/2396/,torta de chocolate,2,1765.0,O,O > torta de chocolate,False
2397,/1765/2397/,tortas para hombres,2,1765.0,O,O > tortas para hombres,False
2398,/1765/2398/,roku tv,2,1765.0,O,O > roku tv,False
2399,/1765/2399/,mando para celular,2,1765.0,O,O > mando para celular,False
2400,/1765/2400/,tortas para mujer,2,1765.0,O,O > tortas para mujer,False
2401,/1765/2401/,antena digital tv,2,1765.0,O,O > antena digital tv,False
2402,/1765/2402/,torta helada,2,1765.0,O,O > torta helada,False
2403,/1765/2403/,tortas de cumpleanos para mujer,2,1765.0,O,O > tortas de cumpleanos para mujer,False
2404,/1765/2404/,tortas de cumpleanos para hombres,2,1765.0,O,O > tortas de cumpleanos para hombres,False
2405,/1765/2405/,tortas para mujer joven,2,1765.0,O,O > tortas para mujer joven,False
2406,/1765/2406/,tortas para mujeres adultas,2,1765.0,O,O > tortas para mujeres adultas,False
2407,/1765/2407/,tortas para hombres adultos,2,1765.0,O,O > tortas para hombres adultos,False
2408,/1765/2408/,tortas para senoras,2,1765.0,O,O > tortas para senoras,False
2409,/1765/2409/,tortas para hombres jovenes,2,1765.0,O,O > tortas para hombres jovenes,False
2410,/1765/2410/,cables vga,2,1765.0,O,O > cables vga,False
2411,/1765/2411/,antena digital para tv,2,1765.0,O,O > antena digital para tv,False
2412,/1765/2412/,mini proyector,2,1765.0,O,O > mini proyector,False
2413,/1765/2413/,control remoto samsung,2,1765.0,O,O > control remoto samsung,False
2414,/1765/2414/,control remoto lg,2,1765.0,O,O > control remoto lg,False
2415,/1765/2415/,mi tv stick,2,1765.0,O,O > mi tv stick,False
2416,/1765/2416/,carcasa celular,2,1765.0,O,O > carcasa celular,False
2417,/1765/2417/,soporte para celular,2,1765.0,O,O > soporte para celular,False
2418,/1765/2418/,cocinas a gas,2,1765.0,O,O > cocinas a gas,False
2419,/1765/2419/,android tv box,2,1765.0,O,O > android tv box,False
2420,/1765/2420/,chromecast 4,2,1765.0,O,O > chromecast 4,False
2421,/1765/2421/,cable rca,2,1765.0,O,O > cable rca,False
2422,/1765/2422/,rack monitor,2,1765.0,O,O > rack monitor,False
2423,/1765/2423/,chromecast 3,2,1765.0,O,O > chromecast 3,False
2424,/1765/2424/,munequeras para gym,2,1765.0,O,O > munequeras para gym,False
2425,/1765/2425/,gorras deportivas,2,1765.0,O,O > gorras deportivas,False
2426,/1765/2426/,resbaladera para ninos,2,1765.0,O,O > resbaladera para ninos,False
2427,/1765/2427/,bicicleta electrica plegable,2,1765.0,O,O > bicicleta electrica plegable,False
2428,/1765/2428/,bicicleta aro 24,2,1765.0,O,O > bicicleta aro 24,False
2440,/1765/2440/,tiaras para cabello,2,1765.0,O,O > tiaras para cabello,False
2441,/1765/2441/,condones con espuelas,2,1765.0,O,O > condones con espuelas,False
2442,/1765/2442/,ganchos para el cabello,2,1765.0,O,O > ganchos para el cabello,False
2443,/1765/2443/,cepillo electrico,2,1765.0,O,O > cepillo electrico,False
2444,/1765/2444/,quemadores de grasa,2,1765.0,O,O > quemadores de grasa,False
2445,/1765/2445/,proteina whey,2,1765.0,O,O > proteina whey,False
2446,/1765/2446/,tintes de cabello para morenas,2,1765.0,O,O > tintes de cabello para morenas,False
2447,/1765/2447/,vinchas,2,1765.0,O,O > vinchas,False
2448,/1765/2448/,cepillo interproximal,2,1765.0,O,O > cepillo interproximal,False
2449,/1765/2449/,condones retardantes,2,1765.0,O,O > condones retardantes,False
2450,/1765/2450/,dispensador de jabon liquido,2,1765.0,O,O > dispensador de jabon liquido,False
2451,/1765/2451/,rizador de pestana,2,1765.0,O,O > rizador de pestana,False
2452,/1765/2452/,agua micelar,2,1765.0,O,O > agua micelar,False
2453,/1765/2453/,shampoo johnsons,2,1765.0,O,O > shampoo johnsons,False
2454,/1765/2454/,versace perfume,2,1765.0,O,O > versace perfume,False
2455,/1765/2455/,shampoo kativa,2,1765.0,O,O > shampoo kativa,False
2456,/1765/2456/,shampoo head & shoulders,2,1765.0,O,O > shampoo head & shoulders,False
2457,/1765/2457/,shampoo sedal,2,1765.0,O,O > shampoo sedal,False
2458,/1765/2458/,suplemento deportivo my protein,2,1765.0,O,O > suplemento deportivo my protein,False
2459,/1765/2459/,cerave gel limpiador espumoso,2,1765.0,O,O > cerave gel limpiador espumoso,False
2460,/1765/2460/,cera para el cabello,2,1765.0,O,O > cera para el cabello,False
2461,/1765/2461/,vinchas para ninas,2,1765.0,O,O > vinchas para ninas,False
2462,/1765/2462/,cepillo para brackets,2,1765.0,O,O > cepillo para brackets,False
2472,/1765/2472/,perfume carolina herrera mujer,2,1765.0,O,O > perfume carolina herrera mujer,False
2473,/1765/2473/,laca para el cabello,2,1765.0,O,O > laca para el cabello,False
2474,/1765/2474/,base de maquillaje,2,1765.0,O,O > base de maquillaje,False
2475,/1765/2475/,cortaunas,2,1765.0,O,O > cortaunas,False
2476,/1765/2476/,crema regeneradora de piel,2,1765.0,O,O > crema regeneradora de piel,False
2477,/1765/2477/,capsulas vitamina e,2,1765.0,O,O > capsulas vitamina e,False
2478,/1765/2478/,colgate luminous white,2,1765.0,O,O > colgate luminous white,False
2479,/1765/2479/,condones con aros,2,1765.0,O,O > condones con aros,False
2480,/1765/2480/,afeitadora electrica,2,1765.0,O,O > afeitadora electrica,False
2481,/1765/2481/,iphone 15,2,1765.0,O,O > iphone 15,False
2482,/1765/2482/,iphone 15 pro max,2,1765.0,O,O > iphone 15 pro max,False
2483,/1765/2483/,iphone 15 pro,2,1765.0,O,O > iphone 15 pro,False
2484,/1765/2484/,iphone 15 plus,2,1765.0,O,O > iphone 15 plus,False
2485,/1765/2485/,triciclos para ninas,2,1765.0,O,O > triciclos para ninas,False
2486,/1765/2486/,mancuernas ajustables,2,1765.0,O,O > mancuernas ajustables,False
2487,/1765/2487/,motos a bateria para ninos,2,1765.0,O,O > motos a bateria para ninos,False
2488,/1765/2488/,bicicleta montanera aro 29,2,1765.0,O,O > bicicleta montanera aro 29,False
2489,/1765/2489/,bicicleta vintage mujer,2,1765.0,O,O > bicicleta vintage mujer,False
2490,/1765/2490/,cobertor para moto,2,1765.0,O,O > cobertor para moto,False
2491,/1765/2491/,juguetes pop it,2,1765.0,O,O > juguetes pop it,False
2492,/1765/2492/,termometro digital,2,1765.0,O,O > termometro digital,False
2493,/1765/2493/,cuatrimotos,2,1765.0,O,O > cuatrimotos,False
2494,/1765/2494/,candado para bicicleta,2,1765.0,O,O > candado para bicicleta,False
2495,/1765/2495/,pera de boxeo,2,1765.0,O,O > pera de boxeo,False
2496,/1765/2496/,lamparas recargables,2,1765.0,O,O > lamparas recargables,False
2497,/1765/2497/,guantes de nitrilo,2,1765.0,O,O > guantes de nitrilo,False
2498,/1765/2498/,bolsas de tela,2,1765.0,O,O > bolsas de tela,False
2499,/1765/2499/,patinetas,2,1765.0,O,O > patinetas,False
2500,/1765/2500/,casas de juguete para ninas,2,1765.0,O,O > casas de juguete para ninas,False
2501,/1765/2501/,liga elastica,2,1765.0,O,O > liga elastica,False
2502,/1765/2502/,sillon inflable,2,1765.0,O,O > sillon inflable,False
2503,/1765/2503/,funda para casco de moto,2,1765.0,O,O > funda para casco de moto,False
2504,/1765/2504/,ferula para mano,2,1765.0,O,O > ferula para mano,False
2505,/1765/2505/,flotador de pato,2,1765.0,O,O > flotador de pato,False
2506,/1765/2506/,maquina de remo,2,1765.0,O,O > maquina de remo,False
2507,/1765/2507/,linterna de mano,2,1765.0,O,O > linterna de mano,False
2508,/1765/2508/,mancuernas hexagonales,2,1765.0,O,O > mancuernas hexagonales,False
2509,/1765/2509/,silla de playa plegable,2,1765.0,O,O > silla de playa plegable,False
2510,/1765/2510/,pasamontanas negro,2,1765.0,O,O > pasamontanas negro,False
2511,/1765/2511/,cascos para moto deportiva,2,1765.0,O,O > cascos para moto deportiva,False
2512,/1765/2512/,pelota de yoga,2,1765.0,O,O > pelota de yoga,False
2513,/1765/2513/,chaleco con peso,2,1765.0,O,O > chaleco con peso,False
2514,/1765/2514/,castillos para niñas,2,1765.0,O,O > castillos para niñas,False
2515,/1765/2515/,bicicleta con canasta,2,1765.0,O,O > bicicleta con canasta,False
2516,/1765/2516/,vendas de boxeo,2,1765.0,O,O > vendas de boxeo,False
2517,/1765/2517/,bote inflable,2,1765.0,O,O > bote inflable,False
2518,/1765/2518/,patines para mujer,2,1765.0,O,O > patines para mujer,False
2519,/1765/2519/,bicicleta aro 16,2,1765.0,O,O > bicicleta aro 16,False
2520,/1765/2520/,celulares de gama alta baratos,2,1765.0,O,O > celulares de gama alta baratos,False
2521,/1765/2521/,flotadores para piscina,2,1765.0,O,O > flotadores para piscina,False
2522,/1765/2522/,set de pesas,2,1765.0,O,O > set de pesas,False
2523,/1765/2523/,pelotas para ninos,2,1765.0,O,O > pelotas para ninos,False
2524,/1765/2524/,cooler con ruedas,2,1765.0,O,O > cooler con ruedas,False
2525,/1765/2525/,cadena de seguridad para moto,2,1765.0,O,O > cadena de seguridad para moto,False
2526,/1765/2526/,bicicleta monark aro 26,2,1765.0,O,O > bicicleta monark aro 26,False
2527,/1765/2527/,vendas para box,2,1765.0,O,O > vendas para box,False
2528,/1765/2528/,step gym,2,1765.0,O,O > step gym,False
2529,/1765/2529/,carpa para 4 personas,2,1765.0,O,O > carpa para 4 personas,False
2530,/1765/2530/,tomatodo metalico,2,1765.0,O,O > tomatodo metalico,False
2531,/1765/2531/,bicicleta aro 12,2,1765.0,O,O > bicicleta aro 12,False
2532,/1765/2532/,bicicleta montañera aro 26,2,1765.0,O,O > bicicleta montañera aro 26,False
2533,/1765/2533/,banco para pecho,2,1765.0,O,O > banco para pecho,False
2534,/1765/2534/,coderas deportivas,2,1765.0,O,O > coderas deportivas,False
2535,/1765/2535/,barra hexagonal,2,1765.0,O,O > barra hexagonal,False
2536,/1765/2536/,aletas para nadar,2,1765.0,O,O > aletas para nadar,False
2537,/1765/2537/,banquitos de plastico,2,1765.0,O,O > banquitos de plastico,False
2538,/1765/2538/,micrófono para niñas,2,1765.0,O,O > micrófono para niñas,False
2539,/1765/2539/,linterna de cabeza recargable,2,1765.0,O,O > linterna de cabeza recargable,False
2540,/1765/2540/,carpa para 6 personas,2,1765.0,O,O > carpa para 6 personas,False
2541,/1765/2541/,microfono para ninos,2,1765.0,O,O > microfono para ninos,False
2545,/1765/2545/,guantes de boxeo para ninos,2,1765.0,O,O > guantes de boxeo para ninos,False
2546,/1765/2546/,zapatos de agua,2,1765.0,O,O > zapatos de agua,False
2550,/1765/2550/,gorras deportivas hombre,2,1765.0,O,O > gorras deportivas hombre,False
2551,/1765/2551/,pelota bosu,2,1765.0,O,O > pelota bosu,False
2552,/1765/2552/,sofa inflable,2,1765.0,O,O > sofa inflable,False
2555,/1765/2555/,ligas de entrenamiento,2,1765.0,O,O > ligas de entrenamiento,False
2556,/1765/2556/,bicicletas para mujer con canasta,2,1765.0,O,O > bicicletas para mujer con canasta,False
2557,/1765/2557/,churro flotador,2,1765.0,O,O > churro flotador,False
2558,/1765/2558/,chaleco termico,2,1765.0,O,O > chaleco termico,False
2559,/1765/2559/,casa de juguete para ninos,2,1765.0,O,O > casa de juguete para ninos,False
2560,/1765/2560/,canilleras muay thai,2,1765.0,O,O > canilleras muay thai,False
2561,/1765/2561/,piscina circular,2,1765.0,O,O > piscina circular,False
2562,/1765/2562/,soga crossfit,2,1765.0,O,O > soga crossfit,False
2563,/1765/2563/,linterna pequena,2,1765.0,O,O > linterna pequena,False
2564,/1765/2564/,escalera de agilidad,2,1765.0,O,O > escalera de agilidad,False
2565,/1765/2565/,bicicletas modernas para mujer,2,1765.0,O,O > bicicletas modernas para mujer,False
2566,/1765/2566/,pelota de cuero,2,1765.0,O,O > pelota de cuero,False
2567,/1765/2567/,manta para picnic,2,1765.0,O,O > manta para picnic,False
2568,/1765/2568/,rodilleras para gym,2,1765.0,O,O > rodilleras para gym,False
2569,/1765/2569/,zapatos para playa,2,1765.0,O,O > zapatos para playa,False
2570,/1765/2570/,bicicleta goliat aro 26,2,1765.0,O,O > bicicleta goliat aro 26,False
2571,/1765/2571/,linternas de largo alcance,2,1765.0,O,O > linternas de largo alcance,False
2572,/1765/2572/,motos electricas para ninos,2,1765.0,O,O > motos electricas para ninos,False
2573,/1765/2573/,gorra deportiva mujer,2,1765.0,O,O > gorra deportiva mujer,False
2574,/1765/2574/,scooter plegable,2,1765.0,O,O > scooter plegable,False
2575,/1765/2575/,guantes para pesas,2,1765.0,O,O > guantes para pesas,False
2576,/1765/2576/,bolso para bicicleta,2,1765.0,O,O > bolso para bicicleta,False
2577,/1765/2577/,luces led para bicicletas,2,1765.0,O,O > luces led para bicicletas,False
2578,/1765/2578/,mesa de picnic,2,1765.0,O,O > mesa de picnic,False
2579,/1765/2579/,luces para bicicleta recargables,2,1765.0,O,O > luces para bicicleta recargables,False
2580,/1765/2580/,mangas deportivas,2,1765.0,O,O > mangas deportivas,False
2581,/1765/2581/,mancuernas cromadas,2,1765.0,O,O > mancuernas cromadas,False
2582,/1765/2582/,aguja para inflar pelota,2,1765.0,O,O > aguja para inflar pelota,False
2583,/1765/2583/,polos para perros,2,1765.0,O,O > polos para perros,False
2584,/1765/2584/,cepillo quita pelusa,2,1765.0,O,O > cepillo quita pelusa,False
2585,/1765/2585/,productos para perros,2,1765.0,O,O > productos para perros,False
2586,/1765/2586/,lima de unas para perros,2,1765.0,O,O > lima de unas para perros,False
2587,/1765/2587/,tomatodo para perros,2,1765.0,O,O > tomatodo para perros,False
2588,/1765/2588/,soga para perros,2,1765.0,O,O > soga para perros,False
2589,/1765/2589/,pecheras para perros pitbull,2,1765.0,O,O > pecheras para perros pitbull,False
2590,/1765/2590/,tablero de basket,2,1765.0,O,O > tablero de basket,False
2591,/1765/2591/,cuerda para saltar profesional,2,1765.0,O,O > cuerda para saltar profesional,False
2592,/1765/2592/,cooler portatil,2,1765.0,O,O > cooler portatil,False
2593,/1765/2593/,shampoo hipoalergenico para perros,2,1765.0,O,O > shampoo hipoalergenico para perros,False
2594,/1765/2594/,spray antipulgas para perros,2,1765.0,O,O > spray antipulgas para perros,False
2595,/1765/2595/,pet cooling mat,2,1765.0,O,O > pet cooling mat,False
2596,/1765/2596/,bebedero portatil para perros,2,1765.0,O,O > bebedero portatil para perros,False
2597,/1765/2597/,platos para perros ansiosos,2,1765.0,O,O > platos para perros ansiosos,False
2599,/1765/2599/,jaulas para perros grandes,2,1765.0,O,O > jaulas para perros grandes,False
2601,/1765/2601/,cama iglu para perros,2,1765.0,O,O > cama iglu para perros,False
2602,/1765/2602/,pecheras para perros pequenos,2,1765.0,O,O > pecheras para perros pequenos,False
2603,/1765/2603/,huesos de carnaza,2,1765.0,O,O > huesos de carnaza,False
2604,/1765/2604/,shampoo de avena para perros,2,1765.0,O,O > shampoo de avena para perros,False
2605,/1765/2605/,camas para perros hembras,2,1765.0,O,O > camas para perros hembras,False
2606,/1765/2606/,shampoo antipulgas para perros,2,1765.0,O,O > shampoo antipulgas para perros,False
2607,/1765/2607/,shampoo con clorhexidina para perros,2,1765.0,O,O > shampoo con clorhexidina para perros,False
2608,/1765/2608/,acondicionador para perros,2,1765.0,O,O > acondicionador para perros,False
2609,/1765/2609/,casa de perro plastico,2,1765.0,O,O > casa de perro plastico,False
2610,/1765/2610/,mochila para mascotas,2,1765.0,O,O > mochila para mascotas,False
2611,/1765/2611/,camisas para perros,2,1765.0,O,O > camisas para perros,False
2612,/1765/2612/,medias para perros,2,1765.0,O,O > medias para perros,False
2613,/1765/2613/,zapatos para perros pequeños,2,1765.0,O,O > zapatos para perros pequeños,False
2614,/1765/2614/,celulares liberados,2,1765.0,O,O > celulares liberados,False
2615,/1765/2615/,cocina 4 hornillas,2,1765.0,O,O > cocina 4 hornillas,False
2616,/1765/2616/,impresora portatil,2,1765.0,O,O > impresora portatil,False
2617,/1765/2617/,juguetes de peppa pig,2,1765.0,O,O > juguetes de peppa pig,False
2618,/1765/2618/,esponja de baño,2,1765.0,O,O > esponja de baño,False
2619,/1765/2619/,colgate total 12,2,1765.0,O,O > colgate total 12,False
2620,/1765/2620/,crema cerave contorno de ojos,2,1765.0,O,O > crema cerave contorno de ojos,False
2621,/1765/2621/,vitamina b12 pastillas,2,1765.0,O,O > vitamina b12 pastillas,False
2622,/1765/2622/,vitaminas para niños,2,1765.0,O,O > vitaminas para niños,False
2623,/1765/2623/,bloqueador hawaiian tropic,2,1765.0,O,O > bloqueador hawaiian tropic,False
2624,/1765/2624/,gel moco de gorila,2,1765.0,O,O > gel moco de gorila,False
2625,/1765/2625/,vinchas de tela,2,1765.0,O,O > vinchas de tela,False
2626,/1765/2626/,desodorante piedra de alumbre,2,1765.0,O,O > desodorante piedra de alumbre,False
2627,/1765/2627/,condon con espuelas piel,2,1765.0,O,O > condon con espuelas piel,False
2628,/1765/2628/,creatina kevin levrone,2,1765.0,O,O > creatina kevin levrone,False
2629,/1765/2629/,cepillos de bambu,2,1765.0,O,O > cepillos de bambu,False
2630,/1765/2630/,cepillo para cabello,2,1765.0,O,O > cepillo para cabello,False
2631,/1765/2631/,shampoo con keratina,2,1765.0,O,O > shampoo con keratina,False
2632,/1765/2632/,crema depilatoria intima,2,1765.0,O,O > crema depilatoria intima,False
2633,/1765/2633/,mochila hidratacion,2,1765.0,O,O > mochila hidratacion,False
2634,/1765/2634/,asiento de gel para bicicleta,2,1765.0,O,O > asiento de gel para bicicleta,False
2635,/1765/2635/,suplementos para perros,2,1765.0,O,O > suplementos para perros,False
2636,/1765/2636/,vitaminas para perros adultos,2,1765.0,O,O > vitaminas para perros adultos,False
2637,/1765/2637/,contenedor de comida para perros,2,1765.0,O,O > contenedor de comida para perros,False
2638,/1765/2638/,dispensador de bolsas para perros,2,1765.0,O,O > dispensador de bolsas para perros,False
2639,/1765/2639/,pañales plenitud,2,1765.0,O,O > pañales plenitud,False
2640,/1765/2640/,perfume carolina herrera hombre,2,1765.0,O,O > perfume carolina herrera hombre,False
2641,/1765/2641/,quitaesmalte,2,1765.0,O,O > quitaesmalte,False
2642,/1765/2642/,afeitadoras philips,2,1765.0,O,O > afeitadoras philips,False
2643,/1765/2643/,desmaquillante ponds,2,1765.0,O,O > desmaquillante ponds,False
2644,/1765/2644/,tintes loreal,2,1765.0,O,O > tintes loreal,False
2645,/1765/2645/,perfumes esika hombre,2,1765.0,O,O > perfumes esika hombre,False
2646,/1765/2646/,pastillas vitamina a,2,1765.0,O,O > pastillas vitamina a,False
2647,/1765/2647/,perfumes cyzone,2,1765.0,O,O > perfumes cyzone,False
2648,/1765/2648/,cepillo electrico para niños,2,1765.0,O,O > cepillo electrico para niños,False
2649,/1765/2649/,condones de sabores,2,1765.0,O,O > condones de sabores,False
2650,/1765/2650/,desodorante nivea,2,1765.0,O,O > desodorante nivea,False
2651,/1765/2651/,colgate triple accion,2,1765.0,O,O > colgate triple accion,False
2652,/1765/2652/,locion hidratante cerave,2,1765.0,O,O > locion hidratante cerave,False
2653,/1765/2653/,scrunchies,2,1765.0,O,O > scrunchies,False
2654,/1765/2654/,shampoo azul,2,1765.0,O,O > shampoo azul,False
2655,/1765/2655/,protector de cama,2,1765.0,O,O > protector de cama,False
2656,/1765/2656/,jabon liquido aval,2,1765.0,O,O > jabon liquido aval,False
2657,/1765/2657/,snacks para perros,2,1765.0,O,O > snacks para perros,False
2658,/1765/2658/,chompas para perros,2,1765.0,O,O > chompas para perros,False
2659,/1765/2659/,pijamas para perros,2,1765.0,O,O > pijamas para perros,False
2660,/1765/2660/,repelente para perros,2,1765.0,O,O > repelente para perros,False
2661,/1765/2661/,juguetes para perros cachorros,2,1765.0,O,O > juguetes para perros cachorros,False
2662,/1765/2662/,collar gps para perros,2,1765.0,O,O > collar gps para perros,False
2663,/1765/2663/,correa retractil para perros,2,1765.0,O,O > correa retractil para perros,False
2664,/1765/2664/,ropa de invierno para perros,2,1765.0,O,O > ropa de invierno para perros,False
2665,/1765/2665/,ropa para perros grandes,2,1765.0,O,O > ropa para perros grandes,False
2666,/1765/2666/,aspiradora para pelos de perro,2,1765.0,O,O > aspiradora para pelos de perro,False
2667,/1765/2667/,linea blanca,2,1765.0,O,O > linea blanca,False
2668,/1765/2668/,jabon de glicerina,2,1765.0,O,O > jabon de glicerina,False
2669,/1765/2669/,colet para cabello,2,1765.0,O,O > colet para cabello,False
2670,/1765/2670/,mascara de pestaña,2,1765.0,O,O > mascara de pestaña,False
2671,/1765/2671/,pastillas vitaminas c,2,1765.0,O,O > pastillas vitaminas c,False
2672,/1765/2672/,crema hidratante neutrogena,2,1765.0,O,O > crema hidratante neutrogena,False
2673,/1765/2673/,crema depilatoria lampiña,2,1765.0,O,O > crema depilatoria lampiña,False
2674,/1765/2674/,perfume hugo boss,2,1765.0,O,O > perfume hugo boss,False
2675,/1765/2675/,calcibon natal,2,1765.0,O,O > calcibon natal,False
2676,/1765/2676/,desodorante axe,2,1765.0,O,O > desodorante axe,False
2679,/1765/2679/,panales de tela,2,1765.0,O,O > panales de tela,False
2680,/1765/2680/,mantas para bebes,2,1765.0,O,O > mantas para bebes,False
2681,/1765/2681/,corral para bebe plegable,2,1765.0,O,O > corral para bebe plegable,False
2682,/1765/2682/,jumper para ninas,2,1765.0,O,O > jumper para ninas,False
2683,/1765/2683/,panales talla p,2,1765.0,O,O > panales talla p,False
2684,/1765/2684/,bodys para bebes,2,1765.0,O,O > bodys para bebes,False
2685,/1765/2685/,ropa tejida para bebe,2,1765.0,O,O > ropa tejida para bebe,False
2686,/1765/2686/,bolsas para leche materna,2,1765.0,O,O > bolsas para leche materna,False
2687,/1765/2687/,banera cambiador para bebe,2,1765.0,O,O > banera cambiador para bebe,False
2688,/1765/2688/,biberon en forma de seno,2,1765.0,O,O > biberon en forma de seno,False
2689,/1765/2689/,panales xxg,2,1765.0,O,O > panales xxg,False
2690,/1765/2690/,panales talla m,2,1765.0,O,O > panales talla m,False
2691,/1765/2691/,ropa de bano bebe,2,1765.0,O,O > ropa de bano bebe,False
2692,/1765/2692/,cosas para bebes recien nacidos,2,1765.0,O,O > cosas para bebes recien nacidos,False
2693,/1765/2693/,tetinas,2,1765.0,O,O > tetinas,False
2694,/1765/2694/,ropa de bebe varon,2,1765.0,O,O > ropa de bebe varon,False
2695,/1765/2695/,recolector de leche materna,2,1765.0,O,O > recolector de leche materna,False
2696,/1765/2696/,banera plegable para bebe,2,1765.0,O,O > banera plegable para bebe,False
2697,/1765/2697/,panales xxxg,2,1765.0,O,O > panales xxxg,False
2698,/1765/2698/,cunas para bebes ninas,2,1765.0,O,O > cunas para bebes ninas,False
2699,/1765/2699/,correpasillos,2,1765.0,O,O > correpasillos,False
2700,/1765/2700/,vestidos para bebes,2,1765.0,O,O > vestidos para bebes,False
2701,/1765/2701/,extractor de leche manual,2,1765.0,O,O > extractor de leche manual,False
2702,/1765/2702/,accesorios para bebes,2,1765.0,O,O > accesorios para bebes,False
2703,/1765/2703/,coche cuna,2,1765.0,O,O > coche cuna,False
2704,/1765/2704/,silla de bebe para auto,2,1765.0,O,O > silla de bebe para auto,False
2705,/1765/2705/,biberones de vidrio,2,1765.0,O,O > biberones de vidrio,False
2706,/1765/2706/,calentador de biberones,2,1765.0,O,O > calentador de biberones,False
2707,/1765/2707/,esterilizador de biberones,2,1765.0,O,O > esterilizador de biberones,False
2708,/1765/2708/,juguetes para ninas,2,1765.0,O,O > juguetes para ninas,False
2709,/1765/2709/,vestidos para ninas,2,1765.0,O,O > vestidos para ninas,False
2711,/1765/2711/,coche baston,2,1765.0,O,O > coche baston,False
2712,/1765/2712/,extractor de leche materna,2,1765.0,O,O > extractor de leche materna,False
2713,/1765/2713/,carritos para bebes,2,1765.0,O,O > carritos para bebes,False
2714,/1765/2714/,silla mecedora para bebe,2,1765.0,O,O > silla mecedora para bebe,False
2715,/1765/2715/,extractor de leche electrico,2,1765.0,O,O > extractor de leche electrico,False
2716,/1765/2716/,cosas para bebes,2,1765.0,O,O > cosas para bebes,False
2717,/1765/2717/,coche moises,2,1765.0,O,O > coche moises,False
2718,/1765/2718/,panales recien nacido,2,1765.0,O,O > panales recien nacido,False
2719,/1765/2719/,chompas para bebes ninas,2,1765.0,O,O > chompas para bebes ninas,False
2720,/1765/2720/,tina de bano para bebe,2,1765.0,O,O > tina de bano para bebe,False
2721,/1765/2721/,ajuar de bebe,2,1765.0,O,O > ajuar de bebe,False
2722,/1765/2722/,gorros para bebe,2,1765.0,O,O > gorros para bebe,False
2723,/1765/2723/,cunas de madera,2,1765.0,O,O > cunas de madera,False
2724,/1765/2724/,almohada de lactancia,2,1765.0,O,O > almohada de lactancia,False
2725,/1765/2725/,compota de manzana,2,1765.0,O,O > compota de manzana,False
2726,/1765/2726/,ropa para bebe nina,2,1765.0,O,O > ropa para bebe nina,False
2727,/1765/2727/,mochilas para hombre,2,1765.0,O,O > mochilas para hombre,False
2728,/1765/2728/,mochila negra,2,1765.0,O,O > mochila negra,False
2729,/1765/2729/,mochilas coreanas,2,1765.0,O,O > mochilas coreanas,False
2730,/1765/2730/,collares para hombres,2,1765.0,O,O > collares para hombres,False
2731,/1765/2731/,collares para parejas,2,1765.0,O,O > collares para parejas,False
2732,/1765/2732/,pulseras para hombre,2,1765.0,O,O > pulseras para hombre,False
2733,/1765/2733/,anillos de compromiso de oro,2,1765.0,O,O > anillos de compromiso de oro,False
2735,/1765/2735/,cadenas de oro para mujer,2,1765.0,O,O > cadenas de oro para mujer,False
2736,/1765/2736/,mochila negra mujer,2,1765.0,O,O > mochila negra mujer,False
2737,/1765/2737/,mochila para laptop,2,1765.0,O,O > mochila para laptop,False
2738,/1765/2738/,mochilas de bts,2,1765.0,O,O > mochilas de bts,False
2739,/1765/2739/,anillos de plata,2,1765.0,O,O > anillos de plata,False
2740,/1765/2740/,pulsera ojo turco,2,1765.0,O,O > pulsera ojo turco,False
2741,/1765/2741/,anillos de compromiso,2,1765.0,O,O > anillos de compromiso,False
2742,/1765/2742/,pulsera huayruro,2,1765.0,O,O > pulsera huayruro,False
2743,/1765/2743/,mochilas para mujer,2,1765.0,O,O > mochilas para mujer,False
2744,/1765/2744/,mochilas para ninas,2,1765.0,O,O > mochilas para ninas,False
2745,/1765/2745/,mochilas escolares,2,1765.0,O,O > mochilas escolares,False
2746,/1765/2746/,morrales para mujer,2,1765.0,O,O > morrales para mujer,False
2747,/1765/2747/,mochilas aesthetic,2,1765.0,O,O > mochilas aesthetic,False
2748,/1765/2748/,pulseras para parejas,2,1765.0,O,O > pulseras para parejas,False
2749,/1765/2749/,cartera negra mujer,2,1765.0,O,O > cartera negra mujer,False
2750,/1765/2750/,mochilas con ruedas,2,1765.0,O,O > mochilas con ruedas,False
2751,/1765/2751/,llavero destapador,2,1765.0,O,O > llavero destapador,False
2752,/1765/2752/,reloj para ninos,2,1765.0,O,O > reloj para ninos,False
2753,/1765/2753/,relojes deportivos para hombre,2,1765.0,O,O > relojes deportivos para hombre,False
2754,/1765/2754/,relojes para ninas,2,1765.0,O,O > relojes para ninas,False
2755,/1765/2755/,relojes elegantes para hombre,2,1765.0,O,O > relojes elegantes para hombre,False
2756,/1765/2756/,mochila antirrobo,2,1765.0,O,O > mochila antirrobo,False
2757,/1765/2757/,reloj deportivo mujer,2,1765.0,O,O > reloj deportivo mujer,False
2758,/1765/2758/,anillos de oro,2,1765.0,O,O > anillos de oro,False
2759,/1765/2759/,cadenas para hombres,2,1765.0,O,O > cadenas para hombres,False
2760,/1765/2760/,pulseras de plata,2,1765.0,O,O > pulseras de plata,False
2761,/1765/2761/,cadenas de plata para hombre,2,1765.0,O,O > cadenas de plata para hombre,False
2817,/1765/2817/,delineadores de colores,2,1765.0,O,O > delineadores de colores,False
2819,/1765/2819/,Libre 6,2,1765.0,O,O > Libre 6,False
2820,/1765/2820/,pulseras de cuero,2,1765.0,O,O > pulseras de cuero,False
2822,/1765/2822/,anillos de acero,2,1765.0,O,O > anillos de acero,False
2823,/1765/2823/,mochila de cuero hombre,2,1765.0,O,O > mochila de cuero hombre,False
2825,/1765/2825/,lentes de sol redondos hombre,2,1765.0,O,O > lentes de sol redondos hombre,False
2826,/1765/2826/,labiales nude,2,1765.0,O,O > labiales nude,False
2915,/1765/2915/,mochilas para universitarios,2,1765.0,O,O > mochilas para universitarios,False
2916,/1765/2916/,anillos de hombre,2,1765.0,O,O > anillos de hombre,False
2917,/1765/2917/,anillos para mujer,2,1765.0,O,O > anillos para mujer,False
2918,/1765/2918/,anillos de compromiso de plata,2,1765.0,O,O > anillos de compromiso de plata,False
2919,/1765/2919/,pulseras de hilo para hombre,2,1765.0,O,O > pulseras de hilo para hombre,False
2920,/1765/2920/,delineador liquido,2,1765.0,O,O > delineador liquido,False
2921,/1765/2921/,pulsera magnetica,2,1765.0,O,O > pulsera magnetica,False
2922,/1765/2922/,crema exfoliante,2,1765.0,O,O > crema exfoliante,False
2923,/1765/2923/,cartera blanca,2,1765.0,O,O > cartera blanca,False
2924,/1765/2924/,canguro mujer,2,1765.0,O,O > canguro mujer,False
2926,/1765/2926/,aros de matrimonio,2,1765.0,O,O > aros de matrimonio,False
2927,/1765/2927/,esmalte en gel,2,1765.0,O,O > esmalte en gel,False
2928,/1765/2928/,sombras de ojos,2,1765.0,O,O > sombras de ojos,False
2929,/1765/2929/,exfoliante corporal,2,1765.0,O,O > exfoliante corporal,False
2930,/1765/2930/,relojes deportivos,2,1765.0,O,O > relojes deportivos,False
2931,/1765/2931/,lentes negros,2,1765.0,O,O > lentes negros,False
2932,/1765/2932/,aretes de oro,2,1765.0,O,O > aretes de oro,False
2933,/1765/2933/,pulseras de oro,2,1765.0,O,O > pulseras de oro,False
2934,/1765/2934/,anillos de compromiso para hombre,2,1765.0,O,O > anillos de compromiso para hombre,False
2935,/1765/2935/,pulseras de amistad,2,1765.0,O,O > pulseras de amistad,False
2936,/1765/2936/,pulseras de oro para mujer,2,1765.0,O,O > pulseras de oro para mujer,False
2937,/1765/2937/,pulseras de plata para hombre,2,1765.0,O,O > pulseras de plata para hombre,False
2938,/1765/2938/,cadenas de plata para mujer,2,1765.0,O,O > cadenas de plata para mujer,False
2939,/1765/2939/,collar de corazon,2,1765.0,O,O > collar de corazon,False
2940,/1765/2940/,mochilas nike mujer,2,1765.0,O,O > mochilas nike mujer,False
3004,/1765/3004/,billeteras de cuero para hombre,2,1765.0,O,O > billeteras de cuero para hombre,False
3005,/1765/3005/,labiales mate,2,1765.0,O,O > labiales mate,False
3006,/1765/3006/,bolsos deportivos mujer,2,1765.0,O,O > bolsos deportivos mujer,False
3007,/1765/3007/,mochila tactica,2,1765.0,O,O > mochila tactica,False
3008,/1765/3008/,mochilas de cuero,2,1765.0,O,O > mochilas de cuero,False
3009,/1765/3009/,mochila hello kitty,2,1765.0,O,O > mochila hello kitty,False
3010,/1765/3010/,aretes de plata,2,1765.0,O,O > aretes de plata,False
3011,/1765/3011/,aretes a presion,2,1765.0,O,O > aretes a presion,False
3012,/1765/3012/,pulseras de plata para mujer,2,1765.0,O,O > pulseras de plata para mujer,False
3111,/1765/3111/,jenga,2,1765.0,O,O > jenga,False
3112,/1765/3112/,cerave crema hidratante,2,1765.0,O,O > cerave crema hidratante,False
3113,/1765/3113/,afeitadora,2,1765.0,O,O > afeitadora,False
3114,/1765/3114/,pandereta,2,1765.0,O,O > pandereta,False
3115,/1765/3115/,pestanas postizas,2,1765.0,O,O > pestanas postizas,False
3116,/1765/3116/,bloques logicos,2,1765.0,O,O > bloques logicos,False
3117,/1765/3117/,carros de juguete,2,1765.0,O,O > carros de juguete,False
3118,/1765/3118/,rompecabezas para ninos,2,1765.0,O,O > rompecabezas para ninos,False
3119,/1765/3119/,gimnasio para bebe,2,1765.0,O,O > gimnasio para bebe,False
3120,/1765/3120/,rompecabezas de 1000 piezas,2,1765.0,O,O > rompecabezas de 1000 piezas,False
3121,/1765/3121/,proteina en polvo,2,1765.0,O,O > proteina en polvo,False
3122,/1765/3122/,brochas de maquillaje,2,1765.0,O,O > brochas de maquillaje,False
3123,/1765/3123/,corrector maquillaje,2,1765.0,O,O > corrector maquillaje,False
3124,/1765/3124/,fijador de maquillaje,2,1765.0,O,O > fijador de maquillaje,False
3125,/1765/3125/,rasuradora,2,1765.0,O,O > rasuradora,False
3126,/1765/3126/,pelota de trapo,2,1765.0,O,O > pelota de trapo,False
3127,/1765/3127/,letras moviles,2,1765.0,O,O > letras moviles,False
3128,/1765/3128/,titeres de mano,2,1765.0,O,O > titeres de mano,False
3129,/1765/3129/,pelotas de colores,2,1765.0,O,O > pelotas de colores,False
3130,/1765/3130/,vitamina d pastillas,2,1765.0,O,O > vitamina d pastillas,False
3131,/1765/3131/,esponjas de maquillaje,2,1765.0,O,O > esponjas de maquillaje,False
3132,/1765/3132/,multibase,2,1765.0,O,O > multibase,False
3133,/1765/3133/,ligas para el cabello,2,1765.0,O,O > ligas para el cabello,False
3134,/1765/3134/,iluminador maquillaje,2,1765.0,O,O > iluminador maquillaje,False
3135,/1765/3135/,carteras de cuero,2,1765.0,O,O > carteras de cuero,False
3136,/1765/3136/,colonias para hombre,2,1765.0,O,O > colonias para hombre,False
3137,/1765/3137/,proteina iso whey,2,1765.0,O,O > proteina iso whey,False
3138,/1765/3138/,jabon de tocador,2,1765.0,O,O > jabon de tocador,False
3139,/1765/3139/,pastillas vitamina e,2,1765.0,O,O > pastillas vitamina e,False
3140,/1765/3140/,cubos de madera,2,1765.0,O,O > cubos de madera,False
3141,/1765/3141/,policubos,2,1765.0,O,O > policubos,False
3142,/1765/3142/,shampoo para bebe,2,1765.0,O,O > shampoo para bebe,False
3143,/1765/3143/,organizador de carteras,2,1765.0,O,O > organizador de carteras,False
3144,/1765/3144/,aretes de perlas,2,1765.0,O,O > aretes de perlas,False
3145,/1765/3145/,reloj acuatico,2,1765.0,O,O > reloj acuatico,False
3146,/1765/3146/,collares para ninas,2,1765.0,O,O > collares para ninas,False
3147,/1765/3147/,collares con iniciales,2,1765.0,O,O > collares con iniciales,False
3148,/1765/3148/,mochila rosa,2,1765.0,O,O > mochila rosa,False
3149,/1765/3149/,mochila tommy hilfiger mujer,2,1765.0,O,O > mochila tommy hilfiger mujer,False
3150,/1765/3150/,mochila morral,2,1765.0,O,O > mochila morral,False
3151,/1765/3151/,mochila impermeable,2,1765.0,O,O > mochila impermeable,False
3152,/1765/3152/,anillos de compromiso oro blanco,2,1765.0,O,O > anillos de compromiso oro blanco,False
3163,/1765/3163/,anillos de compromiso con esmeralda,2,1765.0,O,O > anillos de compromiso con esmeralda,False
3164,/1765/3164/,collar ojo turco,2,1765.0,O,O > collar ojo turco,False
3165,/1765/3165/,pulseras de perlas de colores,2,1765.0,O,O > pulseras de perlas de colores,False
3166,/1765/3166/,mascarilla facial negra,2,1765.0,O,O > mascarilla facial negra,False
3167,/1765/3167/,set de manicura,2,1765.0,O,O > set de manicura,False
3168,/1765/3168/,vinchas para maquillaje,2,1765.0,O,O > vinchas para maquillaje,False
3169,/1765/3169/,reloj automatico,2,1765.0,O,O > reloj automatico,False
3170,/1765/3170/,reloj cuadrado,2,1765.0,O,O > reloj cuadrado,False
3171,/1765/3171/,collar de girasol,2,1765.0,O,O > collar de girasol,False
3172,/1765/3172/,collar de mariposa,2,1765.0,O,O > collar de mariposa,False
3173,/1765/3173/,collar de luna,2,1765.0,O,O > collar de luna,False
3248,/1765/3248/,pulsera morada,2,1765.0,O,O > pulsera morada,False
3249,/1765/3249/,porta aretes,2,1765.0,O,O > porta aretes,False
3250,/1765/3250/,pulseras con dijes,2,1765.0,O,O > pulseras con dijes,False
3251,/1765/3251/,anillos con piedras,2,1765.0,O,O > anillos con piedras,False
3252,/1765/3252/,anillos de corazon,2,1765.0,O,O > anillos de corazon,False
3310,/1765/3310/,tv 60 pulgadas,2,1765.0,O,O > tv 60 pulgadas,False
3311,/1765/3311/,tv 40 pulgadas,2,1765.0,O,O > tv 40 pulgadas,False
3312,/1765/3312/,tv 85 pulgadas,2,1765.0,O,O > tv 85 pulgadas,False
3313,/1765/3313/,tv 24 pulgadas,2,1765.0,O,O > tv 24 pulgadas,False
3314,/1765/3314/,xiaomi redmi note 11,2,1765.0,O,O > xiaomi redmi note 11,False
3315,/1765/3315/,xiaomi redmi note 10,2,1765.0,O,O > xiaomi redmi note 10,False
3317,/1765/3317/,spray para cabello,2,1765.0,O,O > spray para cabello,False
3318,/1765/3318/,desodorante roll on,2,1765.0,O,O > desodorante roll on,False
3321,/1765/3321/,tv 32 pulgadas,2,1765.0,O,O > tv 32 pulgadas,False
3322,/1765/3322/,tv 43 pulgadas,2,1765.0,O,O > tv 43 pulgadas,False
3323,/1765/3323/,tv 50 pulgadas,2,1765.0,O,O > tv 50 pulgadas,False
3324,/1765/3324/,tv 55 pulgadas,2,1765.0,O,O > tv 55 pulgadas,False
3325,/1765/3325/,tv 65 pulgadas,2,1765.0,O,O > tv 65 pulgadas,False
3326,/1765/3326/,tv 70 pulgadas,2,1765.0,O,O > tv 70 pulgadas,False
3327,/1765/3327/,tv 75 pulgadas,2,1765.0,O,O > tv 75 pulgadas,False
3328,/1765/3328/,samsung a54,2,1765.0,O,O > samsung a54,False
3329,/1765/3329/,nintendo switch lite,2,1765.0,O,O > nintendo switch lite,False
3330,/1765/3330/,nintendo switch oled,2,1765.0,O,O > nintendo switch oled,False
3337,/1765/3337/,limas para unas,2,1765.0,O,O > limas para unas,False
3338,/1765/3338/,removedor de callos,2,1765.0,O,O > removedor de callos,False
3339,/1765/3339/,gel limpiador facial,2,1765.0,O,O > gel limpiador facial,False
3340,/1765/3340/,pastillas vitamina b,2,1765.0,O,O > pastillas vitamina b,False
3341,/1765/3341/,proteina hidrolizada,2,1765.0,O,O > proteina hidrolizada,False
3342,/1765/3342/,desodorante para pies,2,1765.0,O,O > desodorante para pies,False
3343,/1765/3343/,lazos para el cabello,2,1765.0,O,O > lazos para el cabello,False
3344,/1765/3344/,kotex nocturna,2,1765.0,O,O > kotex nocturna,False
3345,/1765/3345/,condones piel con retardante,2,1765.0,O,O > condones piel con retardante,False
3346,/1765/3346/,vinchas deportivas,2,1765.0,O,O > vinchas deportivas,False
3347,/1765/3347/,condones texturizados,2,1765.0,O,O > condones texturizados,False
3348,/1765/3348/,hisopo de bano,2,1765.0,O,O > hisopo de bano,False
3349,/1765/3349/,proteina creatina,2,1765.0,O,O > proteina creatina,False
3350,/1765/3350/,rasuradora electrica,2,1765.0,O,O > rasuradora electrica,False
3351,/1765/3351/,peines para cabello,2,1765.0,O,O > peines para cabello,False
3352,/1765/3352/,tintes para cabello corto,2,1765.0,O,O > tintes para cabello corto,False
3353,/1765/3353/,toallas higienicas nocturnas,2,1765.0,O,O > toallas higienicas nocturnas,False
3354,/1765/3354/,perfumes esika mujer,2,1765.0,O,O > perfumes esika mujer,False
3355,/1765/3355/,gel para cabello mujer,2,1765.0,O,O > gel para cabello mujer,False
3356,/1765/3356/,crema para peinar rizos,2,1765.0,O,O > crema para peinar rizos,False
3357,/1765/3357/,perfume givenchy mujer,2,1765.0,O,O > perfume givenchy mujer,False
3358,/1765/3358/,perfume hugo boss mujer,2,1765.0,O,O > perfume hugo boss mujer,False
3359,/1765/3359/,crema para cabello ondulado,2,1765.0,O,O > crema para cabello ondulado,False
3360,/1765/3360/,set de manicure,2,1765.0,O,O > set de manicure,False
3361,/1765/3361/,cremas hidratantes para piel mixta,2,1765.0,O,O > cremas hidratantes para piel mixta,False
3362,/1765/3362/,pastilla vitamina k,2,1765.0,O,O > pastilla vitamina k,False
3363,/1765/3363/,desodorante en barra,2,1765.0,O,O > desodorante en barra,False
3364,/1765/3364/,hisopos de bebe,2,1765.0,O,O > hisopos de bebe,False
3365,/1765/3365/,ganador de peso,2,1765.0,O,O > ganador de peso,False
3366,/1765/3366/,sujetador de cabello,2,1765.0,O,O > sujetador de cabello,False
3367,/1765/3367/,ganchos de pelo,2,1765.0,O,O > ganchos de pelo,False
3368,/1765/3368/,horquillas de pelo,2,1765.0,O,O > horquillas de pelo,False
3369,/1765/3369/,ligas de cabello,2,1765.0,O,O > ligas de cabello,False
3370,/1765/3370/,jabon liquido para cuerpo,2,1765.0,O,O > jabon liquido para cuerpo,False
3371,/1765/3371/,espuma limpiadora facial,2,1765.0,O,O > espuma limpiadora facial,False
3372,/1765/3372/,jabon de aloe vera,2,1765.0,O,O > jabon de aloe vera,False
3373,/1765/3373/,tintes para cabello negro,2,1765.0,O,O > tintes para cabello negro,False
3374,/1765/3374/,suplementos para bajar de peso,2,1765.0,O,O > suplementos para bajar de peso,False
3375,/1765/3375/,suplementos para subir de peso,2,1765.0,O,O > suplementos para subir de peso,False
3376,/1765/3376/,suplemento de calcio,2,1765.0,O,O > suplemento de calcio,False
3377,/1765/3377/,suplemento omega 3,2,1765.0,O,O > suplemento omega 3,False
3378,/1765/3378/,enjuague bucal sin alcohol,2,1765.0,O,O > enjuague bucal sin alcohol,False
3379,/1765/3379/,tinte de cabello chocolate,2,1765.0,O,O > tinte de cabello chocolate,False
3380,/1765/3380/,pasta dental con fluor,2,1765.0,O,O > pasta dental con fluor,False
3381,/1765/3381/,gel para cabello hombre,2,1765.0,O,O > gel para cabello hombre,False
3382,/1765/3382/,gorro de baño,2,1765.0,O,O > gorro de baño,False
3383,/1765/3383/,desodorante en spray,2,1765.0,O,O > desodorante en spray,False
3384,/1765/3384/,colonias para mujer,2,1765.0,O,O > colonias para mujer,False
3385,/1765/3385/,tiaras para el cabello,2,1765.0,O,O > tiaras para el cabello,False
3386,/1765/3386/,pañuelos desechables,2,1765.0,O,O > pañuelos desechables,False
3387,/1765/3387/,toallitas desmaquillantes,2,1765.0,O,O > toallitas desmaquillantes,False
3388,/1765/3388/,desmaquillante bifasico,2,1765.0,O,O > desmaquillante bifasico,False
3389,/1765/3389/,jabon neutro liquido,2,1765.0,O,O > jabon neutro liquido,False
3390,/1765/3390/,tintes rojos para cabello,2,1765.0,O,O > tintes rojos para cabello,False
3391,/1765/3391/,crema para piel seca,2,1765.0,O,O > crema para piel seca,False
3392,/1765/3392/,suplementos aminoacidos esenciales,2,1765.0,O,O > suplementos aminoacidos esenciales,False
3393,/1765/3393/,pinzas para el cabello,2,1765.0,O,O > pinzas para el cabello,False
3394,/1765/3394/,tintes azules para cabello,2,1765.0,O,O > tintes azules para cabello,False
3395,/1765/3395/,atornilladores dewalt,2,1765.0,O,O > atornilladores dewalt,False
3396,/1765/3396/,tanques de agua rotoplas,2,1765.0,O,O > tanques de agua rotoplas,False
3397,/1765/3397/,atornilladores einhell,2,1765.0,O,O > atornilladores einhell,False
3398,/1765/3398/,piso porcelanato tipo madera,2,1765.0,O,O > piso porcelanato tipo madera,False
3399,/1765/3399/,taladros stanley,2,1765.0,O,O > taladros stanley,False
3400,/1765/3400/,amoladoras bosch,2,1765.0,O,O > amoladoras bosch,False
3401,/1765/3401/,olla a presion,2,1765.0,O,O > olla a presion,False
3402,/1765/3402/,juego de comedor 8 sillas,2,1765.0,O,O > juego de comedor 8 sillas,False
3403,/1765/3403/,escritorio de vidrio,2,1765.0,O,O > escritorio de vidrio,False
3404,/1765/3404/,juego de comedor 4 sillas,2,1765.0,O,O > juego de comedor 4 sillas,False
3405,/1765/3405/,taladros dewalt,2,1765.0,O,O > taladros dewalt,False
3406,/1765/3406/,seccionales,2,1765.0,O,O > seccionales,False
3407,/1765/3407/,atornilladores inalambricos,2,1765.0,O,O > atornilladores inalambricos,False
3408,/1765/3408/,juegos comedor 6 sillas,2,1765.0,O,O > juegos comedor 6 sillas,False
3409,/1765/3409/,puerta exterior,2,1765.0,O,O > puerta exterior,False
3410,/1765/3410/,atornilladores bosch,2,1765.0,O,O > atornilladores bosch,False
3411,/1765/3411/,roperos 3 puertas,2,1765.0,O,O > roperos 3 puertas,False
3412,/1765/3412/,roperos 2 puertas,2,1765.0,O,O > roperos 2 puertas,False
3413,/1765/3413/,ropero 6 puertas,2,1765.0,O,O > ropero 6 puertas,False
3414,/1765/3414/,herramientas inalambricas,2,1765.0,O,O > herramientas inalambricas,False
3415,/1765/3415/,roperos 4 puertas,2,1765.0,O,O > roperos 4 puertas,False
3416,/1765/3416/,escritorio gamer,2,1765.0,O,O > escritorio gamer,False
3417,/1765/3417/,ropero puertas corredizas,2,1765.0,O,O > ropero puertas corredizas,False
3418,/1765/3418/,puertas interior,2,1765.0,O,O > puertas interior,False
3419,/1765/3419/,ropero blanco,2,1765.0,O,O > ropero blanco,False
3420,/1765/3420/,escritorio en l,2,1765.0,O,O > escritorio en l,False
3421,/1765/3421/,escritorios blancos,2,1765.0,O,O > escritorios blancos,False
3422,/1765/3422/,combo ropero,2,1765.0,O,O > combo ropero,False
3423,/1765/3423/,ropero con espejo,2,1765.0,O,O > ropero con espejo,False
3424,/1765/3424/,taladros inalambricos,2,1765.0,O,O > taladros inalambricos,False
3425,/1765/3425/,taladros bosch,2,1765.0,O,O > taladros bosch,False
3426,/1765/3426/,escritorios vintage,2,1765.0,O,O > escritorios vintage,False
3427,/1765/3427/,cocinas induccion,2,1765.0,O,O > cocinas induccion,False
3428,/1765/3428/,escritorios plegables,2,1765.0,O,O > escritorios plegables,False
3429,/1765/3429/,herramientas para drywall,2,1765.0,O,O > herramientas para drywall,False
3430,/1765/3430/,llave termica bticino,2,1765.0,O,O > llave termica bticino,False
3431,/1765/3431/,dicroicos,2,1765.0,O,O > dicroicos,False
3432,/1765/3432/,taladros einhell,2,1765.0,O,O > taladros einhell,False
3433,/1765/3433/,mascarillas kn95 n95,2,1765.0,O,O > mascarillas kn95 n95,False
3434,/1765/3434/,escritorios melamina,2,1765.0,O,O > escritorios melamina,False
3435,/1765/3435/,taladros makita,2,1765.0,O,O > taladros makita,False
3436,/1765/3436/,termas electricas sole,2,1765.0,O,O > termas electricas sole,False
3437,/1765/3437/,muebles blancos,2,1765.0,O,O > muebles blancos,False
3438,/1765/3438/,sofas grises,2,1765.0,O,O > sofas grises,False
3439,/1765/3439/,sofa beige,2,1765.0,O,O > sofa beige,False
3440,/1765/3440/,interruptor diferencial bticino,2,1765.0,O,O > interruptor diferencial bticino,False
3441,/1765/3441/,taladros percutores,2,1765.0,O,O > taladros percutores,False
3442,/1765/3442/,interruptor simple,2,1765.0,O,O > interruptor simple,False
3443,/1765/3443/,sierras inalambricas,2,1765.0,O,O > sierras inalambricas,False
3444,/1765/3444/,juego de sala negro,2,1765.0,O,O > juego de sala negro,False
3445,/1765/3445/,baldosas,2,1765.0,O,O > baldosas,False
3446,/1765/3446/,rotomartillo bosch,2,1765.0,O,O > rotomartillo bosch,False
3447,/1765/3447/,camaras hikvision,2,1765.0,O,O > camaras hikvision,False
3448,/1765/3448/,repisas de melamina,2,1765.0,O,O > repisas de melamina,False
3449,/1765/3449/,cabeceras de cama 2 plazas,2,1765.0,O,O > cabeceras de cama 2 plazas,False
3450,/1765/3450/,cerraduras forte,2,1765.0,O,O > cerraduras forte,False
3451,/1765/3451/,amoladoras dewalt,2,1765.0,O,O > amoladoras dewalt,False
3452,/1765/3452/,rapiduchas sole,2,1765.0,O,O > rapiduchas sole,False
3453,/1765/3453/,escritorios flotantes,2,1765.0,O,O > escritorios flotantes,False
3454,/1765/3454/,taladros inalambricos bosch,2,1765.0,O,O > taladros inalambricos bosch,False
3455,/1765/3455/,termas a gas sole,2,1765.0,O,O > termas a gas sole,False
3456,/1765/3456/,atornilladores makita,2,1765.0,O,O > atornilladores makita,False
3457,/1765/3457/,brocas para madera,2,1765.0,O,O > brocas para madera,False
3458,/1765/3458/,pintura epoxica,2,1765.0,O,O > pintura epoxica,False
3459,/1765/3459/,guirnaldas de luces,2,1765.0,O,O > guirnaldas de luces,False
3460,/1765/3460/,muebles vintage,2,1765.0,O,O > muebles vintage,False
3461,/1765/3461/,baterias bosch,2,1765.0,O,O > baterias bosch,False
3462,/1765/3462/,tv lg 55 pulgadas,2,1765.0,O,O > tv lg 55 pulgadas,False
3463,/1765/3463/,muebles negros,2,1765.0,O,O > muebles negros,False
3464,/1765/3464/,botas de lluvia,2,1765.0,O,O > botas de lluvia,False
3465,/1765/3465/,cocinas de 2 hornillas,2,1765.0,O,O > cocinas de 2 hornillas,False
3466,/1765/3466/,tomacorrientes bticino,2,1765.0,O,O > tomacorrientes bticino,False
3467,/1765/3467/,inodoros trebol,2,1765.0,O,O > inodoros trebol,False
3468,/1765/3468/,sillas de plastico rey,2,1765.0,O,O > sillas de plastico rey,False
3469,/1765/3469/,juego de sala moderno color gris,2,1765.0,O,O > juego de sala moderno color gris,False
3470,/1765/3470/,aspiradoras karcher,2,1765.0,O,O > aspiradoras karcher,False
3471,/1765/3471/,escritorios infantiles,2,1765.0,O,O > escritorios infantiles,False
3472,/1765/3472/,ollas de acero inoxidable,2,1765.0,O,O > ollas de acero inoxidable,False
3473,/1765/3473/,taladros ingco,2,1765.0,O,O > taladros ingco,False
3474,/1765/3474/,pisos para dormitorios,2,1765.0,O,O > pisos para dormitorios,False
3475,/1765/3475/,bisagras,2,1765.0,O,O > bisagras,False
3476,/1765/3476/,taladros black decker,2,1765.0,O,O > taladros black decker,False
3477,/1765/3477/,baterias etna,2,1765.0,O,O > baterias etna,False
3478,/1765/3478/,disfraz de minnie,2,1765.0,O,O > disfraz de minnie,False
3479,/1765/3479/,disfraz de novia,2,1765.0,O,O > disfraz de novia,False
3480,/1765/3480/,mascara de batman,2,1765.0,O,O > mascara de batman,False
3481,/1765/3481/,calabaza halloween,2,1765.0,O,O > calabaza halloween,False
3482,/1765/3482/,disfraces de halloween para mujer,2,1765.0,O,O > disfraces de halloween para mujer,False
3483,/1765/3483/,disfraz de venom,2,1765.0,O,O > disfraz de venom,False
3484,/1765/3484/,dulces de halloween,2,1765.0,O,O > dulces de halloween,False
3485,/1765/3485/,mascara de spiderman,2,1765.0,O,O > mascara de spiderman,False
3486,/1765/3486/,mascara del juego del calamar,2,1765.0,O,O > mascara del juego del calamar,False
3487,/1765/3487/,disfraces de halloween para bebes,2,1765.0,O,O > disfraces de halloween para bebes,False
3488,/1765/3488/,la purga disfraz,2,1765.0,O,O > la purga disfraz,False
3489,/1765/3489/,tortas de halloween,2,1765.0,O,O > tortas de halloween,False
3490,/1765/3490/,mascaras para halloween,2,1765.0,O,O > mascaras para halloween,False
3491,/1765/3491/,disfraz de harley quinn,2,1765.0,O,O > disfraz de harley quinn,False
3492,/1765/3492/,disfraz de spiderman,2,1765.0,O,O > disfraz de spiderman,False
3493,/1765/3493/,disfraz de chucky,2,1765.0,O,O > disfraz de chucky,False
3494,/1765/3494/,disfraz de vampiro,2,1765.0,O,O > disfraz de vampiro,False
3495,/1765/3495/,disfraz de campanita,2,1765.0,O,O > disfraz de campanita,False
3496,/1765/3496/,mascara de la casa de papel,2,1765.0,O,O > mascara de la casa de papel,False
3497,/1765/3497/,disfraces de halloween para hombres,2,1765.0,O,O > disfraces de halloween para hombres,False
3498,/1765/3498/,mascara de anonymous,2,1765.0,O,O > mascara de anonymous,False
3499,/1765/3499/,disfraz de moana,2,1765.0,O,O > disfraz de moana,False
3500,/1765/3500/,disfraz de tiburon,2,1765.0,O,O > disfraz de tiburon,False
3501,/1765/3501/,disfraz de la sirenita,2,1765.0,O,O > disfraz de la sirenita,False
3502,/1765/3502/,corbata harry potter,2,1765.0,O,O > corbata harry potter,False
3503,/1765/3503/,disfraces para halloween de terror,2,1765.0,O,O > disfraces para halloween de terror,False
3504,/1765/3504/,disfraces de halloween para chicas,2,1765.0,O,O > disfraces de halloween para chicas,False
3505,/1765/3505/,demon slayer mascara,2,1765.0,O,O > demon slayer mascara,False
3506,/1765/3506/,poleras de halloween,2,1765.0,O,O > poleras de halloween,False
3507,/1765/3507/,baterias enerjet,2,1765.0,O,O > baterias enerjet,False
3508,/1765/3508/,rotomartillo dewalt,2,1765.0,O,O > rotomartillo dewalt,False
3509,/1765/3509/,proteina aislada,2,1765.0,O,O > proteina aislada,False
3510,/1765/3510/,aspiradoras electrolux,2,1765.0,O,O > aspiradoras electrolux,False
3511,/1765/3511/,lavadoras lg 13 kilos,2,1765.0,O,O > lavadoras lg 13 kilos,False
3512,/1765/3512/,wincha pasacables,2,1765.0,O,O > wincha pasacables,False
3513,/1765/3513/,estabilizadores forza,2,1765.0,O,O > estabilizadores forza,False
3514,/1765/3514/,audifonos con cancelacion de ruido,2,1765.0,O,O > audifonos con cancelacion de ruido,False
3515,/1765/3515/,lijadoras de pared,2,1765.0,O,O > lijadoras de pared,False
3516,/1765/3516/,sierras circulares bosch,2,1765.0,O,O > sierras circulares bosch,False
3517,/1765/3517/,escritorios de madera,2,1765.0,O,O > escritorios de madera,False
3518,/1765/3518/,sofa negro,2,1765.0,O,O > sofa negro,False
3519,/1765/3519/,interruptores dobles,2,1765.0,O,O > interruptores dobles,False
3520,/1765/3520/,ganchos para el pelo,2,1765.0,O,O > ganchos para el pelo,False
3521,/1765/3521/,juego de sala marron,2,1765.0,O,O > juego de sala marron,False
3522,/1765/3522/,campanas extractoras sole,2,1765.0,O,O > campanas extractoras sole,False
3523,/1765/3523/,cabecera queen,2,1765.0,O,O > cabecera queen,False
3524,/1765/3524/,sofas marrones,2,1765.0,O,O > sofas marrones,False
3525,/1765/3525/,estantes de melamina,2,1765.0,O,O > estantes de melamina,False
3526,/1765/3526/,tubos pvc,2,1765.0,O,O > tubos pvc,False
3527,/1765/3527/,pisos marmoleados,2,1765.0,O,O > pisos marmoleados,False
3528,/1765/3528/,porcelanatos celima,2,1765.0,O,O > porcelanatos celima,False
3529,/1765/3529/,luz de emergencia opalux,2,1765.0,O,O > luz de emergencia opalux,False
3530,/1765/3530/,amoladoras makita,2,1765.0,O,O > amoladoras makita,False
3531,/1765/3531/,cascos 3m,2,1765.0,O,O > cascos 3m,False
3532,/1765/3532/,procesadores de alimentos,2,1765.0,O,O > procesadores de alimentos,False
3533,/1765/3533/,candados forte,2,1765.0,O,O > candados forte,False
3534,/1765/3534/,cabecera de cama 1.5 plaza,2,1765.0,O,O > cabecera de cama 1.5 plaza,False
3535,/1765/3535/,pintura blanca,2,1765.0,O,O > pintura blanca,False
3536,/1765/3536/,ollas antiadherentes,2,1765.0,O,O > ollas antiadherentes,False
3537,/1765/3537/,seccional gris,2,1765.0,O,O > seccional gris,False
3538,/1765/3538/,sillones azules,2,1765.0,O,O > sillones azules,False
3539,/1765/3539/,ceramica para sala comedor,2,1765.0,O,O > ceramica para sala comedor,False
3540,/1765/3540/,sillones beige,2,1765.0,O,O > sillones beige,False
3541,/1765/3541/,termas sole,2,1765.0,O,O > termas sole,False
3542,/1765/3542/,porcelanatos para dormitorios,2,1765.0,O,O > porcelanatos para dormitorios,False
3543,/1765/3543/,tanques de agua eternit,2,1765.0,O,O > tanques de agua eternit,False
3544,/1765/3544/,taladro inalambrico black and decker,2,1765.0,O,O > taladro inalambrico black and decker,False
3545,/1765/3545/,ladrillos piramide,2,1765.0,O,O > ladrillos piramide,False
3546,/1765/3546/,porcelanatos para sala comedor,2,1765.0,O,O > porcelanatos para sala comedor,False
3645,/1765/3645/,carmines para el cabello,2,1765.0,O,O > carmines para el cabello,False
3646,/1765/3646/,locion tonica facial,2,1765.0,O,O > locion tonica facial,False
3647,/1765/3647/,crema limpiadora facial,2,1765.0,O,O > crema limpiadora facial,False
3648,/1765/3648/,panales para adultos mujer,2,1765.0,O,O > panales para adultos mujer,False
3649,/1765/3649/,toallas higienicas diarias,2,1765.0,O,O > toallas higienicas diarias,False
3650,/1765/3650/,toallas higienicas ecologicas,2,1765.0,O,O > toallas higienicas ecologicas,False
3651,/1765/3651/,toallas higienicas de tela,2,1765.0,O,O > toallas higienicas de tela,False
3652,/1765/3652/,pasta dental blanqueadora,2,1765.0,O,O > pasta dental blanqueadora,False
3653,/1765/3653/,algodon desmaquillante,2,1765.0,O,O > algodon desmaquillante,False
3654,/1765/3654/,discos desmaquillantes,2,1765.0,O,O > discos desmaquillantes,False
3655,/1765/3655/,crema aclaradora facial,2,1765.0,O,O > crema aclaradora facial,False
3656,/1765/3656/,jabon liquido para rostro,2,1765.0,O,O > jabon liquido para rostro,False
3657,/1765/3657/,jabon liquido natural,2,1765.0,O,O > jabon liquido natural,False
3658,/1765/3658/,acondicionador sin sal,2,1765.0,O,O > acondicionador sin sal,False
3659,/1765/3659/,tintes violetas para el cabello,2,1765.0,O,O > tintes violetas para el cabello,False
3660,/1765/3660/,perfumes avon hombre,2,1765.0,O,O > perfumes avon hombre,False
3661,/1765/3661/,perfumes avon mujer,2,1765.0,O,O > perfumes avon mujer,False
3662,/1765/3662/,gel para cabello rizado,2,1765.0,O,O > gel para cabello rizado,False
3663,/1765/3663/,toallas higienicas reutilizables,2,1765.0,O,O > toallas higienicas reutilizables,False
3664,/1765/3664/,crema hidratante para piel sensible,2,1765.0,O,O > crema hidratante para piel sensible,False
3665,/1765/3665/,guantes de bano,2,1765.0,O,O > guantes de bano,False
3666,/1765/3666/,kotex sport,2,1765.0,O,O > kotex sport,False
3667,/1765/3667/,kotex ultrafina,2,1765.0,O,O > kotex ultrafina,False
3668,/1765/3668/,condones delgados,2,1765.0,O,O > condones delgados,False
3669,/1765/3669/,maquina de afeitar mujer,2,1765.0,O,O > maquina de afeitar mujer,False
3670,/1765/3670/,rastrillo de afeitar,2,1765.0,O,O > rastrillo de afeitar,False
3671,/1765/3671/,jabon liquido para bebe,2,1765.0,O,O > jabon liquido para bebe,False
3672,/1765/3672/,tinte para cabello color miel,2,1765.0,O,O > tinte para cabello color miel,False
3673,/1765/3673/,pasta dental para sensibilidad,2,1765.0,O,O > pasta dental para sensibilidad,False
3674,/1765/3674/,crema para cabello lacio,2,1765.0,O,O > crema para cabello lacio,False
3675,/1765/3675/,giorgio armani perfume hombre,2,1765.0,O,O > giorgio armani perfume hombre,False
3676,/1765/3676/,afeitadora para hombre,2,1765.0,O,O > afeitadora para hombre,False
3677,/1765/3677/,broches para el cabello,2,1765.0,O,O > broches para el cabello,False
3678,/1765/3678/,desmaquillante de ojos,2,1765.0,O,O > desmaquillante de ojos,False
3679,/1765/3679/,cepillo limpiador facial,2,1765.0,O,O > cepillo limpiador facial,False
3680,/1765/3680/,gel hidratante facial,2,1765.0,O,O > gel hidratante facial,False
3698,/1765/3698/,contenedores de alimentos,2,1765.0,O,O > contenedores de alimentos,False
3699,/1765/3699/,super mario bros deluxe,2,1765.0,O,O > super mario bros deluxe,False
3700,/1765/3700/,lapicero tactil,2,1765.0,O,O > lapicero tactil,False
3701,/1765/3701/,flotadores para adultos,2,1765.0,O,O > flotadores para adultos,False
3702,/1765/3702/,resident evil nintendo switch,2,1765.0,O,O > resident evil nintendo switch,False
3703,/1765/3703/,camisetas leonisa mujer,2,1765.0,O,O > camisetas leonisa mujer,False
3704,/1765/3704/,atornillador 18v,2,1765.0,O,O > atornillador 18v,False
3705,/1765/3705/,lenovo i5 8gb,2,1765.0,O,O > lenovo i5 8gb,False
3706,/1765/3706/,tablet 16gb ram,2,1765.0,O,O > tablet 16gb ram,False
3707,/1765/3707/,grabadora de voz digital,2,1765.0,O,O > grabadora de voz digital,False
3708,/1765/3708/,muebles ashley,2,1765.0,O,O > muebles ashley,False
3709,/1765/3709/,polera gris mujer,2,1765.0,O,O > polera gris mujer,False
3710,/1765/3710/,vino borgona,2,1765.0,O,O > vino borgona,False
3711,/1765/3711/,juguetes de sonic,2,1765.0,O,O > juguetes de sonic,False
3712,/1765/3712/,overol mujer,2,1765.0,O,O > overol mujer,False
3713,/1765/3713/,velas aromaticas,2,1765.0,O,O > velas aromaticas,False
3714,/1765/3714/,vino malbec,2,1765.0,O,O > vino malbec,False
3715,/1765/3715/,absolut vodka,2,1765.0,O,O > absolut vodka,False
3716,/1765/3716/,lubricante sexual,2,1765.0,O,O > lubricante sexual,False
3717,/1765/3717/,adaptador bluetooth,2,1765.0,O,O > adaptador bluetooth,False
3718,/1765/3718/,microfono para pc,2,1765.0,O,O > microfono para pc,False
3719,/1765/3719/,toalla microfibra,2,1765.0,O,O > toalla microfibra,False
3720,/1765/3720/,almohada viscoelastica,2,1765.0,O,O > almohada viscoelastica,False
3721,/1765/3721/,cronometro digital,2,1765.0,O,O > cronometro digital,False
3722,/1765/3722/,logitech g pro,2,1765.0,O,O > logitech g pro,False
3723,/1765/3723/,royal canin,2,1765.0,O,O > royal canin,False
3724,/1765/3724/,biker shorts,2,1765.0,O,O > biker shorts,False
3725,/1765/3725/,flare jeans,2,1765.0,O,O > flare jeans,False
3726,/1765/3726/,lenovo ideapad 5,2,1765.0,O,O > lenovo ideapad 5,False
3727,/1765/3727/,memoria ram ddr4 8gb,2,1765.0,O,O > memoria ram ddr4 8gb,False
3728,/1765/3728/,usb 128gb,2,1765.0,O,O > usb 128gb,False
3729,/1765/3729/,polo camisero hombre,2,1765.0,O,O > polo camisero hombre,False
3730,/1765/3730/,trozos de madera nogal,2,1765.0,O,O > trozos de madera nogal,False
3731,/1765/3731/,libro de gravity falls,2,1765.0,O,O > libro de gravity falls,False
3732,/1765/3732/,sweater mujer,2,1765.0,O,O > sweater mujer,False
3733,/1765/3733/,flats mujer,2,1765.0,O,O > flats mujer,False
3734,/1765/3734/,camisas negras para hombre,2,1765.0,O,O > camisas negras para hombre,False
3735,/1765/3735/,tp link wifi,2,1765.0,O,O > tp link wifi,False
3736,/1765/3736/,compresor de aire para auto,2,1765.0,O,O > compresor de aire para auto,False
3737,/1765/3737/,aspiradora de agua,2,1765.0,O,O > aspiradora de agua,False
3738,/1765/3738/,rotomartillo inalambrico,2,1765.0,O,O > rotomartillo inalambrico,False
3739,/1765/3739/,maquina de coser portatil,2,1765.0,O,O > maquina de coser portatil,False
3740,/1765/3740/,zapatos charol mujer,2,1765.0,O,O > zapatos charol mujer,False
3741,/1765/3741/,vino rose semi seco,2,1765.0,O,O > vino rose semi seco,False
3742,/1765/3742/,camara xiaomi 360,2,1765.0,O,O > camara xiaomi 360,False
3743,/1765/3743/,accesorios nintendo switch,2,1765.0,O,O > accesorios nintendo switch,False
3744,/1765/3744/,vitamina b12 mason,2,1765.0,O,O > vitamina b12 mason,False
3745,/1765/3745/,whisky jack daniels,2,1765.0,O,O > whisky jack daniels,False
3746,/1765/3746/,tangas mujer,2,1765.0,O,O > tangas mujer,False
3747,/1765/3747/,ron cartavio,2,1765.0,O,O > ron cartavio,False
3748,/1765/3748/,pantalones cargo hombre,2,1765.0,O,O > pantalones cargo hombre,False
3749,/1765/3749/,mocasines mujer,2,1765.0,O,O > mocasines mujer,False
3750,/1765/3750/,body mujer,2,1765.0,O,O > body mujer,False
3751,/1765/3751/,disco duro solido,2,1765.0,O,O > disco duro solido,False
3752,/1765/3752/,xiaomi 11 lite,2,1765.0,O,O > xiaomi 11 lite,False
3753,/1765/3753/,adaptador universal,2,1765.0,O,O > adaptador universal,False
3754,/1765/3754/,xiaomi mi 11,2,1765.0,O,O > xiaomi mi 11,False
3755,/1765/3755/,canguros para hombre,2,1765.0,O,O > canguros para hombre,False
3756,/1765/3756/,whisky gold label etiqueta dorada,2,1765.0,O,O > whisky gold label etiqueta dorada,False
3757,/1765/3757/,audifonos headset,2,1765.0,O,O > audifonos headset,False
3758,/1765/3758/,crema para aclarar la piel,2,1765.0,O,O > crema para aclarar la piel,False
3765,/1765/3765/,crema de afeitar,2,1765.0,O,O > crema de afeitar,False
3766,/1765/3766/,jabon en barra,2,1765.0,O,O > jabon en barra,False
3767,/1765/3767/,crema depilatoria facial,2,1765.0,O,O > crema depilatoria facial,False
3768,/1765/3768/,peinetas para el cabello,2,1765.0,O,O > peinetas para el cabello,False
3769,/1765/3769/,pinzas para el cabello,2,1765.0,O,O > pinzas para el cabello,False
3770,/1765/3770/,aderezo para pavo,2,1765.0,O,O > aderezo para pavo,False
3771,/1765/3771/,lechon,2,1765.0,O,O > lechon,False
3772,/1765/3772/,condon vibrador,2,1765.0,O,O > condon vibrador,False
3773,/1765/3773/,condon con espuelas gents,2,1765.0,O,O > condon con espuelas gents,False
3774,/1765/3774/,gorro de bano,2,1765.0,O,O > gorro de bano,False
3775,/1765/3775/,perfume lbel hombre,2,1765.0,O,O > perfume lbel hombre,False
3776,/1765/3776/,crema para peinar hombre,2,1765.0,O,O > crema para peinar hombre,False
3793,/1765/3793/,afeitadora para mujer,2,1765.0,O,O > afeitadora para mujer,False
3794,/1765/3794/,proteinas americanas,2,1765.0,O,O > proteinas americanas,False
3795,/1765/3795/,escobilla de bano,2,1765.0,O,O > escobilla de bano,False
3796,/1765/3796/,espejo de mano,2,1765.0,O,O > espejo de mano,False
3797,/1765/3797/,colgate kids,2,1765.0,O,O > colgate kids,False
3798,/1765/3798/,condones con textura,2,1765.0,O,O > condones con textura,False
3799,/1765/3799/,camisa blanca mujer,2,1765.0,O,O > camisa blanca mujer,False
3800,/1765/3800/,creatina micronizada,2,1765.0,O,O > creatina micronizada,False
3801,/1765/3801/,acondicionador sin sal,2,1765.0,O,O > acondicionador sin sal,False
3802,/1765/3802/,gel de afeitar,2,1765.0,O,O > gel de afeitar,False
3803,/1765/3803/,tintes violetas para el cabello,2,1765.0,O,O > tintes violetas para el cabello,False
3804,/1765/3804/,perfumes avon hombre,2,1765.0,O,O > perfumes avon hombre,False
3805,/1765/3805/,perfumes avon mujer,2,1765.0,O,O > perfumes avon mujer,False
3806,/1765/3806/,gel para cabello rizado,2,1765.0,O,O > gel para cabello rizado,False
3807,/1765/3807/,pinzas para cejas,2,1765.0,O,O > pinzas para cejas,False
3808,/1765/3808/,suplementos para crecer,2,1765.0,O,O > suplementos para crecer,False
3809,/1765/3809/,carmines para el cabello,2,1765.0,O,O > carmines para el cabello,False
3810,/1765/3810/,locion tonica facial,2,1765.0,O,O > locion tonica facial,False
3811,/1765/3811/,minoxidil,2,1765.0,O,O > minoxidil,False
3812,/1765/3812/,crema limpiadora facial,2,1765.0,O,O > crema limpiadora facial,False
4006,/1765/4006/,lector de codigo de barras,2,1765.0,O,O > lector de codigo de barras,False
4007,/1765/4007/,fidget toys,2,1765.0,O,O > fidget toys,False
4008,/1765/4008/,globos de cumpleanos,2,1765.0,O,O > globos de cumpleanos,False
4009,/1765/4009/,atomizador,2,1765.0,O,O > atomizador,False
4010,/1765/4010/,megafono,2,1765.0,O,O > megafono,False
4011,/1765/4011/,tablets para ninos,2,1765.0,O,O > tablets para ninos,False
4012,/1765/4012/,tarjetas de video para pc,2,1765.0,O,O > tarjetas de video para pc,False
4013,/1765/4013/,porta celular,2,1765.0,O,O > porta celular,False
4014,/1765/4014/,tinta para impresora epson,2,1765.0,O,O > tinta para impresora epson,False
4015,/1765/4015/,tablet con chip,2,1765.0,O,O > tablet con chip,False
4016,/1765/4016/,cargador inalambrico iPhone,2,1765.0,O,O > cargador inalambrico iPhone,False
4207,/1765/4207/,iPhone 16,2,1765.0,O,O > iPhone 16,False
4208,/1765/4208/,iPhone 16 Plus,2,1765.0,O,O > iPhone 16 Plus,False
4209,/1765/4209/,iPhone 16 Pro,2,1765.0,O,O > iPhone 16 Pro,False
4210,/1765/4210/,iPhone 16 Pro Max,2,1765.0,O,O > iPhone 16 Pro Max,False
4222,/1765/4222/,cerveza corona,2,1765.0,O,O > cerveza corona,False
4223,/1765/4223/,cerveza tres cruces,2,1765.0,O,O > cerveza tres cruces,False
4246,/1765/4246/,visa,2,1765.0,O,O > visa,False
4247,/1765/4247/,chocolate navideño,2,1765.0,O,O > chocolate navideño,False
4248,/1765/4248/,galletas navideñas,2,1765.0,O,O > galletas navideñas,False
4249,/1765/4249/,renos navideños,2,1765.0,O,O > renos navideños,False
4250,/1765/4250/,figuras navideñas,2,1765.0,O,O > figuras navideñas,False
4251,/1765/4251/,tortas navideñas,2,1765.0,O,O > tortas navideñas,False
4258,/1765/4258/,redmi note 14,2,1765.0,O,O > redmi note 14,False
4259,/1765/4259/,redmi note 14 pro,2,1765.0,O,O > redmi note 14 pro,False
4260,/1765/4260/,redmi note 14 pro+,2,1765.0,O,O > redmi note 14 pro+,False
4261,/1765/4261/,redmi a3x,2,1765.0,O,O > redmi a3x,False
4262,/1765/4262/,samsung s25,2,1765.0,O,O > samsung s25,False
4263,/1765/4263/,samsung rs57,2,1765.0,O,O > samsung rs57,False
4264,/1765/4264/,honor magic 7 lite,2,1765.0,O,O > honor magic 7 lite,False
4265,/1765/4265/,honor x7c,2,1765.0,O,O > honor x7c,False
4266,/1765/4266/,honor x8c,2,1765.0,O,O > honor x8c,False
4267,/1765/4267/,motorola g05,2,1765.0,O,O > motorola g05,False
4268,/1765/4268/,motorola g15,2,1765.0,O,O > motorola g15,False
4269,/1765/4269/,motorola g75,2,1765.0,O,O > motorola g75,False
4280,/1765/4280/,Nintendo Switch 2,2,1765.0,O,O > Nintendo Switch 2,False
4315,/1765/4315/,iPhone 16e,2,1765.0,O,O > iPhone 16e,False
4316,/1765/4316/,iPhone 17,2,1765.0,O,O > iPhone 17,False
4317,/1765/4317/,iPhone 17 Pro,2,1765.0,O,O > iPhone 17 Pro,False
4318,/1765/4318/,iPhone 17 Pro Max,2,1765.0,O,O > iPhone 17 Pro Max,False
4319,/1765/4319/,iPhone Air,2,1765.0,O,O > iPhone Air,False
4320,/1765/4320/,decoración para halloween,2,1765.0,O,O > decoración para halloween,False
4321,/1765/4321/,Disfraz de merlina,2,1765.0,O,O > Disfraz de merlina,False
4322,/1765/4322/,Disfraz para bebés,2,1765.0,O,O > Disfraz para bebés,False
4323,/1765/4323/,Disfraz de disney,2,1765.0,O,O > Disfraz de disney,False
4324,/1765/4324/,Disfraz inflable,2,1765.0,O,O > Disfraz inflable,False
4325,/1765/4325/,Disfraces de terror,2,1765.0,O,O > Disfraces de terror,False
4326,/1765/4326/,Disfraces para mascotas,2,1765.0,O,O > Disfraces para mascotas,False
4327,/1765/4327/,Disfraces infantiles,2,1765.0,O,O > Disfraces infantiles,False
4328,/1765/4328/,Máscaras de Halloween,2,1765.0,O,O > Máscaras de Halloween,False
4329,/1765/4329/,Máscaras de Halloween,2,1765.0,O,O > Máscaras de Halloween,False
4337,/1765/4337/,Samsung Galaxy S26,2,1765.0,O,O > Samsung Galaxy S26,False
4338,/1765/4338/,Samsung Galaxy S26 Plus,2,1765.0,O,O > Samsung Galaxy S26 Plus,False
4339,/1765/4339/,Samsung Galaxy S26 Ultra,2,1765.0,O,O > Samsung Galaxy S26 Ultra,False
4340,/1765/4340/,iPhone 17E,2,1765.0,O,O > iPhone 17E,False
4341,/1765/4341/,iPhone 8 Plus,2,1765.0,O,O > iPhone 8 Plus,False
4342,/1765/4342/,iPhone 6s,2,1765.0,O,O > iPhone 6s,False
4343,/1765/4343/,iPhone 17 Air,2,1765.0,O,O > iPhone 17 Air,False
1767,/1767/,M,1,,(raiz),M,True
1768,/1767/1768/,televisores samsung,2,1767.0,M,M > televisores samsung,False
1771,/1767/1771/,audífonos beats,2,1767.0,M,M > audífonos beats,False
1772,/1767/1772/,gopro,2,1767.0,M,M > gopro,False
1773,/1767/1773/,laptops lenovo,2,1767.0,M,M > laptops lenovo,False
1774,/1767/1774/,refrigeradoras samsung,2,1767.0,M,M > refrigeradoras samsung,False
1775,/1767/1775/,parlantes jbl,2,1767.0,M,M > parlantes jbl,False
1776,/1767/1776/,celulares huawei,2,1767.0,M,M > celulares huawei,False
1777,/1767/1777/,celulares samsung,2,1767.0,M,M > celulares samsung,False
1778,/1767/1778/,lavadoras samsung,2,1767.0,M,M > lavadoras samsung,False
1779,/1767/1779/,zapatillas reebok,2,1767.0,M,M > zapatillas reebok,False
1780,/1767/1780/,zapatillas skechers,2,1767.0,M,M > zapatillas skechers,False
1781,/1767/1781/,zapatillas vans,2,1767.0,M,M > zapatillas vans,False
1782,/1767/1782/,zapatillas nike,2,1767.0,M,M > zapatillas nike,False
1783,/1767/1783/,audífonos jbl,2,1767.0,M,M > audífonos jbl,False
1784,/1767/1784/,zapatillas adidas,2,1767.0,M,M > zapatillas adidas,False
1785,/1767/1785/,colchones paraiso,2,1767.0,M,M > colchones paraiso,False
1786,/1767/1786/,audífonos samsung,2,1767.0,M,M > audífonos samsung,False
1787,/1767/1787/,cocinas bosch,2,1767.0,M,M > cocinas bosch,False
1788,/1767/1788/,amazon alexa,2,1767.0,M,M > amazon alexa,False
1789,/1767/1789/,impresoras epson,2,1767.0,M,M > impresoras epson,False
1790,/1767/1790/,colchones el cisne,2,1767.0,M,M > colchones el cisne,False
1791,/1767/1791/,laptops apple,2,1767.0,M,M > laptops apple,False
1792,/1767/1792/,zapatillas caterpillar,2,1767.0,M,M > zapatillas caterpillar,False
1793,/1767/1793/,laptops hp,2,1767.0,M,M > laptops hp,False
1794,/1767/1794/,cafeteras oster,2,1767.0,M,M > cafeteras oster,False
1795,/1767/1795/,tablets samsung,2,1767.0,M,M > tablets samsung,False
1796,/1767/1796/,cocinas indurama,2,1767.0,M,M > cocinas indurama,False
1797,/1767/1797/,escritorios promart,2,1767.0,M,M > escritorios promart,False
1798,/1767/1798/,zapatillas puma,2,1767.0,M,M > zapatillas puma,False
1799,/1767/1799/,licuadoras oster,2,1767.0,M,M > licuadoras oster,False
1800,/1767/1800/,zapatillas converse,2,1767.0,M,M > zapatillas converse,False
1801,/1767/1801/,laptops asus,2,1767.0,M,M > laptops asus,False
1802,/1767/1802/,google home mini,2,1767.0,M,M > google home mini,False
1803,/1767/1803/,tablets lenovo,2,1767.0,M,M > tablets lenovo,False
1805,/1767/1805/,audífonos skullcandy,2,1767.0,M,M > audífonos skullcandy,False
1806,/1767/1806/,audífonos sony,2,1767.0,M,M > audífonos sony,False
1807,/1767/1807/,audífonos xiaomi,2,1767.0,M,M > audífonos xiaomi,False
1808,/1767/1808/,celulares xiaomi,2,1767.0,M,M > celulares xiaomi,False
1809,/1767/1809/,impresoras hp,2,1767.0,M,M > impresoras hp,False
1810,/1767/1810/,lavadoras lg,2,1767.0,M,M > lavadoras lg,False
1811,/1767/1811/,refrigeradoras lg,2,1767.0,M,M > refrigeradoras lg,False
1812,/1767/1812/,impresoras brother,2,1767.0,M,M > impresoras brother,False
1813,/1767/1813/,impresoras canon,2,1767.0,M,M > impresoras canon,False
1826,/1767/1826/,hornos microondas samsung,2,1767.0,M,M > hornos microondas samsung,False
1827,/1767/1827/,parlantes bose,2,1767.0,M,M > parlantes bose,False
1828,/1767/1828/,parlantes sony,2,1767.0,M,M > parlantes sony,False
1829,/1767/1829/,tablets huawei,2,1767.0,M,M > tablets huawei,False
1830,/1767/1830/,audífonos logitech,2,1767.0,M,M > audífonos logitech,False
1831,/1767/1831/,cámaras canon,2,1767.0,M,M > cámaras canon,False
1832,/1767/1832/,cámaras canon,2,1767.0,M,M > cámaras canon,False
1833,/1767/1833/,celulares moto,2,1767.0,M,M > celulares moto,False
1885,/1767/1885/,colchones forli,2,1767.0,M,M > colchones forli,False
1886,/1767/1886/,laptops dell,2,1767.0,M,M > laptops dell,False
1887,/1767/1887/,llantas goodyear,2,1767.0,M,M > llantas goodyear,False
1888,/1767/1888/,refrigeradoras indurama,2,1767.0,M,M > refrigeradoras indurama,False
1889,/1767/1889/,audífonos huawei,2,1767.0,M,M > audífonos huawei,False
1890,/1767/1890/,celulares lg,2,1767.0,M,M > celulares lg,False
1891,/1767/1891/,telefonos sky,2,1767.0,M,M > telefonos sky,False
1892,/1767/1892/,llantas michelin,2,1767.0,M,M > llantas michelin,False
1893,/1767/1893/,refrigeradores mabe,2,1767.0,M,M > refrigeradores mabe,False
1894,/1767/1894/,tabletas gráficas wacom,2,1767.0,M,M > tabletas gráficas wacom,False
1895,/1767/1895/,tablets apple,2,1767.0,M,M > tablets apple,False
1896,/1767/1896/,televisores hyundai,2,1767.0,M,M > televisores hyundai,False
1897,/1767/1897/,audífonos akg,2,1767.0,M,M > audífonos akg,False
1898,/1767/1898/,audífonos hyperx,2,1767.0,M,M > audífonos hyperx,False
1899,/1767/1899/,audífonos razer,2,1767.0,M,M > audífonos razer,False
1900,/1767/1900/,cámaras sony,2,1767.0,M,M > cámaras sony,False
1901,/1767/1901/,celulares poco,2,1767.0,M,M > celulares poco,False
1902,/1767/1902/,celulares honor,2,1767.0,M,M > celulares honor,False
1903,/1767/1903/,celulares vivo,2,1767.0,M,M > celulares vivo,False
1904,/1767/1904/,cocinas coldex,2,1767.0,M,M > cocinas coldex,False
1905,/1767/1905/,cocinas samsung,2,1767.0,M,M > cocinas samsung,False
1906,/1767/1906/,laptops msi,2,1767.0,M,M > laptops msi,False
1907,/1767/1907/,licuadoras thomas,2,1767.0,M,M > licuadoras thomas,False
1908,/1767/1908/,parlantes lg,2,1767.0,M,M > parlantes lg,False
1909,/1767/1909/,echo dot,2,1767.0,M,M > echo dot,False
1910,/1767/1910/,refrigeradoras bosch,2,1767.0,M,M > refrigeradoras bosch,False
1911,/1767/1911/,refrigeradoras daewoo,2,1767.0,M,M > refrigeradoras daewoo,False
1912,/1767/1912/,televisores miray,2,1767.0,M,M > televisores miray,False
1913,/1767/1913/,tv hisense,2,1767.0,M,M > tv hisense,False
1914,/1767/1914/,zapatillas gzuck,2,1767.0,M,M > zapatillas gzuck,False
1915,/1767/1915/,televisores lg,2,1767.0,M,M > televisores lg,False
1916,/1767/1916/,televisores xiaomi,2,1767.0,M,M > televisores xiaomi,False
1917,/1767/1917/,audífonos apple,2,1767.0,M,M > audífonos apple,False
1918,/1767/1918/,audífonos philips,2,1767.0,M,M > audífonos philips,False
1919,/1767/1919/,cafeteras dolce gusto,2,1767.0,M,M > cafeteras dolce gusto,False
1920,/1767/1920/,celulares motorola,2,1767.0,M,M > celulares motorola,False
1921,/1767/1921/,laptops samsung,2,1767.0,M,M > laptops samsung,False
1922,/1767/1922/,laptops toshiba,2,1767.0,M,M > laptops toshiba,False
1923,/1767/1923/,refrigeradoras electrolux,2,1767.0,M,M > refrigeradoras electrolux,False
1924,/1767/1924/,zapatillas umbro,2,1767.0,M,M > zapatillas umbro,False
1925,/1767/1925/,audífonos bose,2,1767.0,M,M > audífonos bose,False
1926,/1767/1926/,celulares zte,2,1767.0,M,M > celulares zte,False
1927,/1767/1927/,zapatillas under armour,2,1767.0,M,M > zapatillas under armour,False
1928,/1767/1928/,cocinas electrolux,2,1767.0,M,M > cocinas electrolux,False
1929,/1767/1929/,cocinas mabe,2,1767.0,M,M > cocinas mabe,False
1930,/1767/1930/,cocinas sole,2,1767.0,M,M > cocinas sole,False
1931,/1767/1931/,colchones drimer,2,1767.0,M,M > colchones drimer,False
1932,/1767/1932/,licuadoras imaco,2,1767.0,M,M > licuadoras imaco,False
1933,/1767/1933/,tablets advance,2,1767.0,M,M > tablets advance,False
1934,/1767/1934/,televisor aoc,2,1767.0,M,M > televisor aoc,False
1935,/1767/1935/,frigobareses electrolux,2,1767.0,M,M > frigobareses electrolux,False
1936,/1767/1936/,hornos microondas lg,2,1767.0,M,M > hornos microondas lg,False
1937,/1767/1937/,hornos microondas oster,2,1767.0,M,M > hornos microondas oster,False
1938,/1767/1938/,parlantes micronics,2,1767.0,M,M > parlantes micronics,False
1939,/1767/1939/,zapatillas hypnotic,2,1767.0,M,M > zapatillas hypnotic,False
1940,/1767/1940/,zapatillas olympikus,2,1767.0,M,M > zapatillas olympikus,False
1941,/1767/1941/,audífonos lenovo,2,1767.0,M,M > audífonos lenovo,False
1942,/1767/1942/,audífonos panasonic,2,1767.0,M,M > audífonos panasonic,False
1943,/1767/1943/,celulares realme,2,1767.0,M,M > celulares realme,False
1944,/1767/1944/,cocinas klimatic,2,1767.0,M,M > cocinas klimatic,False
1945,/1767/1945/,cocinas lg,2,1767.0,M,M > cocinas lg,False
1946,/1767/1946/,licuadoras bosch,2,1767.0,M,M > licuadoras bosch,False
1947,/1767/1947/,parlantes huawei,2,1767.0,M,M > parlantes huawei,False
1948,/1767/1948/,televisores bgh,2,1767.0,M,M > televisores bgh,False
1949,/1767/1949/,televisores jvc,2,1767.0,M,M > televisores jvc,False
1950,/1767/1950/,televisores sony,2,1767.0,M,M > televisores sony,False
1951,/1767/1951/,zapatillas venus,2,1767.0,M,M > zapatillas venus,False
1952,/1767/1952/,aire acondicionado york,2,1767.0,M,M > aire acondicionado york,False
1953,/1767/1953/,audífonos sennheiser,2,1767.0,M,M > audífonos sennheiser,False
1954,/1767/1954/,audífonos motorola,2,1767.0,M,M > audífonos motorola,False
1955,/1767/1955/,celulares apple,2,1767.0,M,M > celulares apple,False
1956,/1767/1956/,cámaras nikon,2,1767.0,M,M > cámaras nikon,False
1957,/1767/1957/,celulares sony,2,1767.0,M,M > celulares sony,False
1958,/1767/1958/,hervidores eléctricos oster,2,1767.0,M,M > hervidores eléctricos oster,False
1959,/1767/1959/,lavadoras daewoo,2,1767.0,M,M > lavadoras daewoo,False
1960,/1767/1960/,lavadoras mabe,2,1767.0,M,M > lavadoras mabe,False
1961,/1767/1961/,llantas continental,2,1767.0,M,M > llantas continental,False
1962,/1767/1962/,parlantes logitech,2,1767.0,M,M > parlantes logitech,False
1963,/1767/1963/,parlantes xiaomi,2,1767.0,M,M > parlantes xiaomi,False
1964,/1767/1964/,celulares nokia,2,1767.0,M,M > celulares nokia,False
1965,/1767/1965/,laptops acer,2,1767.0,M,M > laptops acer,False
1966,/1767/1966/,llantas bridgestone,2,1767.0,M,M > llantas bridgestone,False
1967,/1767/1967/,llantas dunlop,2,1767.0,M,M > llantas dunlop,False
1968,/1767/1968/,llantas pirelli,2,1767.0,M,M > llantas pirelli,False
1969,/1767/1969/,parlantes halion,2,1767.0,M,M > parlantes halion,False
1970,/1767/1970/,zapatillas r18,2,1767.0,M,M > zapatillas r18,False
1971,/1767/1971/,cámaras polaroid,2,1767.0,M,M > cámaras polaroid,False
1972,/1767/1972/,celulares caterpillar,2,1767.0,M,M > celulares caterpillar,False
1973,/1767/1973/,lavadoras whirlpool,2,1767.0,M,M > lavadoras whirlpool,False
1974,/1767/1974/,parlantes tronsmart,2,1767.0,M,M > parlantes tronsmart,False
1975,/1767/1975/,televisores philips,2,1767.0,M,M > televisores philips,False
1976,/1767/1976/,ventiladores xiaomi,2,1767.0,M,M > ventiladores xiaomi,False
1977,/1767/1977/,all in one hp,2,1767.0,M,M > all in one hp,False
1978,/1767/1978/,all in one lenovo,2,1767.0,M,M > all in one lenovo,False
1979,/1767/1979/,audífonos halion,2,1767.0,M,M > audífonos halion,False
1980,/1767/1980/,audífonos redragon,2,1767.0,M,M > audífonos redragon,False
1981,/1767/1981/,cafeteras nescafé,2,1767.0,M,M > cafeteras nescafé,False
1982,/1767/1982/,celulares htc,2,1767.0,M,M > celulares htc,False
1983,/1767/1983/,batidora planetaria oster,2,1767.0,M,M > batidora planetaria oster,False
1984,/1767/1984/,cafetera oster prima latte,2,1767.0,M,M > cafetera oster prima latte,False
1985,/1767/1985/,plancha a vapor oster,2,1767.0,M,M > plancha a vapor oster,False
1986,/1767/1986/,procesador de alimentos oster,2,1767.0,M,M > procesador de alimentos oster,False
1987,/1767/1987/,exprimidor de naranja oster,2,1767.0,M,M > exprimidor de naranja oster,False
1988,/1767/1988/,sandwichera oster,2,1767.0,M,M > sandwichera oster,False
1989,/1767/1989/,vaporizador oster,2,1767.0,M,M > vaporizador oster,False
1990,/1767/1990/,frigobares oster,2,1767.0,M,M > frigobares oster,False
1991,/1767/1991/,batidora de inmersion oster,2,1767.0,M,M > batidora de inmersion oster,False
1992,/1767/1992/,multiolla oster,2,1767.0,M,M > multiolla oster,False
1993,/1767/1993/,olla multiuso oster,2,1767.0,M,M > olla multiuso oster,False
1994,/1767/1994/,combo oster,2,1767.0,M,M > combo oster,False
1995,/1767/1995/,licuadora profesional oster,2,1767.0,M,M > licuadora profesional oster,False
1996,/1767/1996/,parrilla electrica oster,2,1767.0,M,M > parrilla electrica oster,False
1997,/1767/1997/,repuestos oster,2,1767.0,M,M > repuestos oster,False
1998,/1767/1998/,tosty arepa oster,2,1767.0,M,M > tosty arepa oster,False
1999,/1767/1999/,vaporera oster,2,1767.0,M,M > vaporera oster,False
2000,/1767/2000/,horno con freidora de aire oster,2,1767.0,M,M > horno con freidora de aire oster,False
2001,/1767/2001/,horno tostador oster,2,1767.0,M,M > horno tostador oster,False
2002,/1767/2002/,batidora oster pedestal,2,1767.0,M,M > batidora oster pedestal,False
2003,/1767/2003/,licuadora oster pica hielo,2,1767.0,M,M > licuadora oster pica hielo,False
2004,/1767/2004/,horno microondas oster,2,1767.0,M,M > horno microondas oster,False
2005,/1767/2005/,olla arrocera multifuncion oster,2,1767.0,M,M > olla arrocera multifuncion oster,False
2006,/1767/2006/,licuadora personal oster,2,1767.0,M,M > licuadora personal oster,False
2007,/1767/2007/,repuestos licuadora oster,2,1767.0,M,M > repuestos licuadora oster,False
2008,/1767/2008/,termo hervidor oster,2,1767.0,M,M > termo hervidor oster,False
2009,/1767/2009/,refrigeradoras oster,2,1767.0,M,M > refrigeradoras oster,False
2010,/1767/2010/,ventiladores oster,2,1767.0,M,M > ventiladores oster,False
2011,/1767/2011/,cocinas oster,2,1767.0,M,M > cocinas oster,False
2012,/1767/2012/,batidora de pedestal oster,2,1767.0,M,M > batidora de pedestal oster,False
2013,/1767/2013/,licuadora portatil oster,2,1767.0,M,M > licuadora portatil oster,False
2014,/1767/2014/,cuchilla de licuadora oster,2,1767.0,M,M > cuchilla de licuadora oster,False
2015,/1767/2015/,dispensador de agua oster,2,1767.0,M,M > dispensador de agua oster,False
2016,/1767/2016/,exprimidor oster,2,1767.0,M,M > exprimidor oster,False
2017,/1767/2017/,freidora de aire oster,2,1767.0,M,M > freidora de aire oster,False
2018,/1767/2018/,olla arrocera oster,2,1767.0,M,M > olla arrocera oster,False
2019,/1767/2019/,batidora oster,2,1767.0,M,M > batidora oster,False
2020,/1767/2020/,waflera oster,2,1767.0,M,M > waflera oster,False
2021,/1767/2021/,extractor de jugos oster,2,1767.0,M,M > extractor de jugos oster,False
2022,/1767/2022/,horno electrico oster,2,1767.0,M,M > horno electrico oster,False
2023,/1767/2023/,licuadora oster xpert,2,1767.0,M,M > licuadora oster xpert,False
2024,/1767/2024/,plancha oster,2,1767.0,M,M > plancha oster,False
2025,/1767/2025/,olla a presion oster,2,1767.0,M,M > olla a presion oster,False
2026,/1767/2026/,olla multifuncional oster,2,1767.0,M,M > olla multifuncional oster,False
2027,/1767/2027/,vaso de licuadora oster,2,1767.0,M,M > vaso de licuadora oster,False
2028,/1767/2028/,batidora de mano oster,2,1767.0,M,M > batidora de mano oster,False
2029,/1767/2029/,oster,2,1767.0,M,M > oster,False
2030,/1767/2030/,licuadora de mano oster,2,1767.0,M,M > licuadora de mano oster,False
2031,/1767/2031/,olla arrocera multiusos oster,2,1767.0,M,M > olla arrocera multiusos oster,False
2032,/1767/2032/,exprimidor de citricos oster,2,1767.0,M,M > exprimidor de citricos oster,False
2033,/1767/2033/,procesador oster,2,1767.0,M,M > procesador oster,False
2034,/1767/2034/,mini licuadora oster,2,1767.0,M,M > mini licuadora oster,False
2035,/1767/2035/,molinillo de cafe oster,2,1767.0,M,M > molinillo de cafe oster,False
2430,/1767/2430/,maquinas de afeitar gillette,2,1767.0,M,M > maquinas de afeitar gillette,False
2431,/1767/2431/,carolina herrera perfume,2,1767.0,M,M > carolina herrera perfume,False
2432,/1767/2432/,toallas higienicas nosotras,2,1767.0,M,M > toallas higienicas nosotras,False
2433,/1767/2433/,suplemento deportivo universe nutrition,2,1767.0,M,M > suplemento deportivo universe nutrition,False
2434,/1767/2434/,bloqueador nivea,2,1767.0,M,M > bloqueador nivea,False
2435,/1767/2435/,shampoo herbal essences,2,1767.0,M,M > shampoo herbal essences,False
2436,/1767/2436/,crema depilatoria veet,2,1767.0,M,M > crema depilatoria veet,False
2437,/1767/2437/,tampones nosotras,2,1767.0,M,M > tampones nosotras,False
2438,/1767/2438/,bloqueador neutrogena,2,1767.0,M,M > bloqueador neutrogena,False
2439,/1767/2439/,lubricante durex,2,1767.0,M,M > lubricante durex,False
2463,/1767/2463/,vitaminas centrum,2,1767.0,M,M > vitaminas centrum,False
2464,/1767/2464/,suplemento nutricional ensure,2,1767.0,M,M > suplemento nutricional ensure,False
2465,/1767/2465/,suplemento nutricional pediasure,2,1767.0,M,M > suplemento nutricional pediasure,False
2466,/1767/2466/,bloqueador la roche posay,2,1767.0,M,M > bloqueador la roche posay,False
2467,/1767/2467/,suplemento nutricional ronnie coleman,2,1767.0,M,M > suplemento nutricional ronnie coleman,False
2468,/1767/2468/,condones durex,2,1767.0,M,M > condones durex,False
2469,/1767/2469/,condones piel,2,1767.0,M,M > condones piel,False
2470,/1767/2470/,suplemento nutricional ciruelax,2,1767.0,M,M > suplemento nutricional ciruelax,False
2471,/1767/2471/,suplemento nutricional geriaplus,2,1767.0,M,M > suplemento nutricional geriaplus,False
2771,/1767/2771/,carteras michael kors,2,1767.0,M,M > carteras michael kors,False
2806,/1767/2806/,rimel maybelline,2,1767.0,M,M > rimel maybelline,False
2807,/1767/2807/,reloj guess hombre,2,1767.0,M,M > reloj guess hombre,False
2808,/1767/2808/,reloj guess mujer,2,1767.0,M,M > reloj guess mujer,False
2809,/1767/2809/,relojes bulova,2,1767.0,M,M > relojes bulova,False
2810,/1767/2810/,relojes skmei,2,1767.0,M,M > relojes skmei,False
2811,/1767/2811/,relojes huawei,2,1767.0,M,M > relojes huawei,False
2812,/1767/2812/,labial maybelline,2,1767.0,M,M > labial maybelline,False
2813,/1767/2813/,mochila jansport,2,1767.0,M,M > mochila jansport,False
2814,/1767/2814/,mochilas crepier,2,1767.0,M,M > mochilas crepier,False
2815,/1767/2815/,reloj casio hombre,2,1767.0,M,M > reloj casio hombre,False
2816,/1767/2816/,reloj casio mujer,2,1767.0,M,M > reloj casio mujer,False
2818,/1767/2818/,reloj michael kors,2,1767.0,M,M > reloj michael kors,False
2821,/1767/2821/,relojes fossil,2,1767.0,M,M > relojes fossil,False
2824,/1767/2824/,relojes g shock,2,1767.0,M,M > relojes g shock,False
2827,/1767/2827/,relojes guess,2,1767.0,M,M > relojes guess,False
2828,/1767/2828/,relojes citizen,2,1767.0,M,M > relojes citizen,False
2829,/1767/2829/,relojes diesel,2,1767.0,M,M > relojes diesel,False
2830,/1767/2830/,relojes curren,2,1767.0,M,M > relojes curren,False
2831,/1767/2831/,mochilas billabong,2,1767.0,M,M > mochilas billabong,False
2832,/1767/2832/,carteras tommy hilfiger,2,1767.0,M,M > carteras tommy hilfiger,False
2833,/1767/2833/,rimel esika,2,1767.0,M,M > rimel esika,False
2834,/1767/2834/,reloj fossil hombre,2,1767.0,M,M > reloj fossil hombre,False
2835,/1767/2835/,relojes xiaomi,2,1767.0,M,M > relojes xiaomi,False
2836,/1767/2836/,mochilas porta,2,1767.0,M,M > mochilas porta,False
2837,/1767/2837/,relojes casio,2,1767.0,M,M > relojes casio,False
2838,/1767/2838/,billetera renzo costa hombre,2,1767.0,M,M > billetera renzo costa hombre,False
2839,/1767/2839/,mochilas kawaii,2,1767.0,M,M > mochilas kawaii,False
2840,/1767/2840/,relojes invicta,2,1767.0,M,M > relojes invicta,False
2841,/1767/2841/,carteras renzo costa,2,1767.0,M,M > carteras renzo costa,False
2842,/1767/2842/,mochila adidas,2,1767.0,M,M > mochila adidas,False
2843,/1767/2843/,mochilas xtrem,2,1767.0,M,M > mochilas xtrem,False
2844,/1767/2844/,reloj tommy hilfiger hombre,2,1767.0,M,M > reloj tommy hilfiger hombre,False
2845,/1767/2845/,perfume carolina herrera mujer,2,1767.0,M,M > perfume carolina herrera mujer,False
2846,/1767/2846/,relojes seiko,2,1767.0,M,M > relojes seiko,False
2847,/1767/2847/,labial nivea,2,1767.0,M,M > labial nivea,False
2848,/1767/2848/,mochila nike,2,1767.0,M,M > mochila nike,False
2883,/1767/2883/,reloj invicta hombre,2,1767.0,M,M > reloj invicta hombre,False
2884,/1767/2884/,limpiador facial cerave,2,1767.0,M,M > limpiador facial cerave,False
2885,/1767/2885/,perfume carolina herrera hombre,2,1767.0,M,M > perfume carolina herrera hombre,False
2886,/1767/2886/,perfume hugo boss hombre,2,1767.0,M,M > perfume hugo boss hombre,False
2887,/1767/2887/,perfume versace hombre,2,1767.0,M,M > perfume versace hombre,False
2888,/1767/2888/,contorno de ojos neutrogena,2,1767.0,M,M > contorno de ojos neutrogena,False
2889,/1767/2889/,contorno de ojos cicatricure,2,1767.0,M,M > contorno de ojos cicatricure,False
2890,/1767/2890/,relojes tommy hilfiger,2,1767.0,M,M > relojes tommy hilfiger,False
2891,/1767/2891/,mochila samsonite,2,1767.0,M,M > mochila samsonite,False
2892,/1767/2892/,mochilas nike hombre,2,1767.0,M,M > mochilas nike hombre,False
2893,/1767/2893/,carteras prada,2,1767.0,M,M > carteras prada,False
2894,/1767/2894/,perfume calvin klein hombre,2,1767.0,M,M > perfume calvin klein hombre,False
2895,/1767/2895/,perfume dior hombre,2,1767.0,M,M > perfume dior hombre,False
2896,/1767/2896/,perfume paco rabanne hombre,2,1767.0,M,M > perfume paco rabanne hombre,False
2897,/1767/2897/,perfumes esika hombre,2,1767.0,M,M > perfumes esika hombre,False
2898,/1767/2898/,contorno de ojos la roche-posay,2,1767.0,M,M > contorno de ojos la roche-posay,False
2899,/1767/2899/,relojes timex,2,1767.0,M,M > relojes timex,False
2900,/1767/2900/,esmaltes vogue,2,1767.0,M,M > esmaltes vogue,False
2901,/1767/2901/,relojes boselli,2,1767.0,M,M > relojes boselli,False
2902,/1767/2902/,relojes naviforce,2,1767.0,M,M > relojes naviforce,False
2903,/1767/2903/,relojes cat,2,1767.0,M,M > relojes cat,False
2904,/1767/2904/,mochilas victorinox,2,1767.0,M,M > mochilas victorinox,False
2905,/1767/2905/,mochilas tommy hilfiger,2,1767.0,M,M > mochilas tommy hilfiger,False
2906,/1767/2906/,mochila guess,2,1767.0,M,M > mochila guess,False
2907,/1767/2907/,cartera guess mujer,2,1767.0,M,M > cartera guess mujer,False
2908,/1767/2908/,mochila scool,2,1767.0,M,M > mochila scool,False
2909,/1767/2909/,mochila puma,2,1767.0,M,M > mochila puma,False
2910,/1767/2910/,mochilas xiaomi,2,1767.0,M,M > mochilas xiaomi,False
2911,/1767/2911/,mochilas targus,2,1767.0,M,M > mochilas targus,False
2912,/1767/2912/,billetera guess hombre,2,1767.0,M,M > billetera guess hombre,False
2913,/1767/2913/,billetera tommy hilfiger hombre,2,1767.0,M,M > billetera tommy hilfiger hombre,False
2914,/1767/2914/,reloj fossil mujer,2,1767.0,M,M > reloj fossil mujer,False
2925,/1767/2925/,limpiador facial la roche posay,2,1767.0,M,M > limpiador facial la roche posay,False
2995,/1767/2995/,limpiador facial la roche posay,2,1767.0,M,M > limpiador facial la roche posay,False
2996,/1767/2996/,limpiador facial ponds,2,1767.0,M,M > limpiador facial ponds,False
2997,/1767/2997/,perfume calvin klein mujer,2,1767.0,M,M > perfume calvin klein mujer,False
2998,/1767/2998/,mochila reebok,2,1767.0,M,M > mochila reebok,False
2999,/1767/2999/,lentes de sol oakley,2,1767.0,M,M > lentes de sol oakley,False
3000,/1767/3000/,reloj swatch hombre,2,1767.0,M,M > reloj swatch hombre,False
3001,/1767/3001/,reloj tommy hilfiger mujer,2,1767.0,M,M > reloj tommy hilfiger mujer,False
3002,/1767/3002/,perfume versace mujer,2,1767.0,M,M > perfume versace mujer,False
3003,/1767/3003/,perfumes esika mujer,2,1767.0,M,M > perfumes esika mujer,False
3153,/1767/3153/,cerave,2,1767.0,M,M > cerave,False
3154,/1767/3154/,colgate,2,1767.0,M,M > colgate,False
3155,/1767/3155/,old spice,2,1767.0,M,M > old spice,False
3156,/1767/3156/,GNC,2,1767.0,M,M > GNC,False
3157,/1767/3157/,kotex,2,1767.0,M,M > kotex,False
3158,/1767/3158/,mutant mass,2,1767.0,M,M > mutant mass,False
3159,/1767/3159/,shampoo h&s,2,1767.0,M,M > shampoo h&s,False
3160,/1767/3160/,shampoo pantene,2,1767.0,M,M > shampoo pantene,False
3161,/1767/3161/,shampoo tio nacho,2,1767.0,M,M > shampoo tio nacho,False
3162,/1767/3162/,cepillo vitis,2,1767.0,M,M > cepillo vitis,False
3238,/1767/3238/,Peru Nutrition,2,1767.0,M,M > Peru Nutrition,False
3239,/1767/3239/,un proteinas,2,1767.0,M,M > un proteinas,False
3240,/1767/3240/,garnier fructis shampoo,2,1767.0,M,M > garnier fructis shampoo,False
3241,/1767/3241/,savital shampoo,2,1767.0,M,M > savital shampoo,False
3242,/1767/3242/,shampoo elvive,2,1767.0,M,M > shampoo elvive,False
3243,/1767/3243/,enjuague bucal vitis,2,1767.0,M,M > enjuague bucal vitis,False
3244,/1767/3244/,perfumes esika,2,1767.0,M,M > perfumes esika,False
3245,/1767/3245/,bloqueador bahia,2,1767.0,M,M > bloqueador bahia,False
3246,/1767/3246/,pasta dental vitis,2,1767.0,M,M > pasta dental vitis,False
3247,/1767/3247/,jabon intimo nosotras,2,1767.0,M,M > jabon intimo nosotras,False
3319,/1767/3319/,motos honda,2,1767.0,M,M > motos honda,False
3320,/1767/3320/,motos bajaj,2,1767.0,M,M > motos bajaj,False
3331,/1767/3331/,motos tvs,2,1767.0,M,M > motos tvs,False
3332,/1767/3332/,motos mavila,2,1767.0,M,M > motos mavila,False
3333,/1767/3333/,motos ssenda,2,1767.0,M,M > motos ssenda,False
3334,/1767/3334/,motos zongshen,2,1767.0,M,M > motos zongshen,False
3335,/1767/3335/,motos hero,2,1767.0,M,M > motos hero,False
3336,/1767/3336/,motos benelli,2,1767.0,M,M > motos benelli,False
3553,/1767/3553/,fitfem,2,1767.0,M,M > fitfem,False
3554,/1767/3554/,colageno mujer aguaje,2,1767.0,M,M > colageno mujer aguaje,False
3555,/1767/3555/,winner nutrition,2,1767.0,M,M > winner nutrition,False
3556,/1767/3556/,crema corporal nivea,2,1767.0,M,M > crema corporal nivea,False
3557,/1767/3557/,desodorante dove mujer,2,1767.0,M,M > desodorante dove mujer,False
3558,/1767/3558/,relojes royal london,2,1767.0,M,M > relojes royal london,False
3559,/1767/3559/,collares tous,2,1767.0,M,M > collares tous,False
3560,/1767/3560/,reloj michael kors hombre,2,1767.0,M,M > reloj michael kors hombre,False
3561,/1767/3561/,rimel essence,2,1767.0,M,M > rimel essence,False
3562,/1767/3562/,exfoliante eucerin,2,1767.0,M,M > exfoliante eucerin,False
3563,/1767/3563/,perfume musk hombre,2,1767.0,M,M > perfume musk hombre,False
3564,/1767/3564/,panales prudential,2,1767.0,M,M > panales prudential,False
3565,/1767/3565/,hilo dental colgate,2,1767.0,M,M > hilo dental colgate,False
3566,/1767/3566/,crema lechuga,2,1767.0,M,M > crema lechuga,False
3567,/1767/3567/,gel de ducha nivea,2,1767.0,M,M > gel de ducha nivea,False
3568,/1767/3568/,colonia antonio banderas,2,1767.0,M,M > colonia antonio banderas,False
3569,/1767/3569/,desmaquillante garnier,2,1767.0,M,M > desmaquillante garnier,False
3570,/1767/3570/,hilo dental johnson,2,1767.0,M,M > hilo dental johnson,False
3571,/1767/3571/,hilo dental vitis,2,1767.0,M,M > hilo dental vitis,False
3572,/1767/3572/,kativa shampoo y acondicionador,2,1767.0,M,M > kativa shampoo y acondicionador,False
3573,/1767/3573/,enjuague bucal dento,2,1767.0,M,M > enjuague bucal dento,False
3574,/1767/3574/,oral b pasta dental,2,1767.0,M,M > oral b pasta dental,False
3575,/1767/3575/,pasta dental sensodyne,2,1767.0,M,M > pasta dental sensodyne,False
3576,/1767/3576/,repelente floresta,2,1767.0,M,M > repelente floresta,False
3577,/1767/3577/,perfume nina ricci,2,1767.0,M,M > perfume nina ricci,False
3578,/1767/3578/,crema para peinar elvive,2,1767.0,M,M > crema para peinar elvive,False
3579,/1767/3579/,crema lea,2,1767.0,M,M > crema lea,False
3580,/1767/3580/,Solgar,2,1767.0,M,M > Solgar,False
3581,/1767/3581/,gel de bano isdin,2,1767.0,M,M > gel de bano isdin,False
3582,/1767/3582/,vitamina dayamineral,2,1767.0,M,M > vitamina dayamineral,False
3583,/1767/3583/,colonia jean nate,2,1767.0,M,M > colonia jean nate,False
3584,/1767/3584/,protectores diarios nosotras,2,1767.0,M,M > protectores diarios nosotras,False
3585,/1767/3585/,suplemento deportivo muscletech,2,1767.0,M,M > suplemento deportivo muscletech,False
3586,/1767/3586/,desodorante rexona,2,1767.0,M,M > desodorante rexona,False
3587,/1767/3587/,condones gents,2,1767.0,M,M > condones gents,False
3588,/1767/3588/,desodorante dove,2,1767.0,M,M > desodorante dove,False
3589,/1767/3589/,suplemento nutricional optimum nutrition,2,1767.0,M,M > suplemento nutricional optimum nutrition,False
3590,/1767/3590/,tampones tampax,2,1767.0,M,M > tampones tampax,False
3591,/1767/3591/,toallas higienicas always,2,1767.0,M,M > toallas higienicas always,False
3592,/1767/3592/,jabon intimo lactacyd,2,1767.0,M,M > jabon intimo lactacyd,False
3593,/1767/3593/,tinte igora,2,1767.0,M,M > tinte igora,False
3594,/1767/3594/,desodorante secret,2,1767.0,M,M > desodorante secret,False
3595,/1767/3595/,lentes de sol ray ban hombre,2,1767.0,M,M > lentes de sol ray ban hombre,False
3596,/1767/3596/,esmaltes masglo,2,1767.0,M,M > esmaltes masglo,False
3597,/1767/3597/,suplemento nutricional ultimate nutrition,2,1767.0,M,M > suplemento nutricional ultimate nutrition,False
3598,/1767/3598/,maquina de afeitar schick,2,1767.0,M,M > maquina de afeitar schick,False
3599,/1767/3599/,panales secos,2,1767.0,M,M > panales secos,False
3600,/1767/3600/,toallas higienicas ladysoft,2,1767.0,M,M > toallas higienicas ladysoft,False
3601,/1767/3601/,cepillo colgate,2,1767.0,M,M > cepillo colgate,False
3602,/1767/3602/,cepillo oral b,2,1767.0,M,M > cepillo oral b,False
3603,/1767/3603/,perfume benetton mujer,2,1767.0,M,M > perfume benetton mujer,False
3604,/1767/3604/,perfume guess mujer,2,1767.0,M,M > perfume guess mujer,False
3605,/1767/3605/,condones five,2,1767.0,M,M > condones five,False
3606,/1767/3606/,swanson,2,1767.0,M,M > swanson,False
3607,/1767/3607/,panales cotidian,2,1767.0,M,M > panales cotidian,False
3608,/1767/3608/,bloqueador loreal,2,1767.0,M,M > bloqueador loreal,False
3609,/1767/3609/,crema para peinar sedal,2,1767.0,M,M > crema para peinar sedal,False
3610,/1767/3610/,acondicionador dove,2,1767.0,M,M > acondicionador dove,False
3611,/1767/3611/,Pharmatech,2,1767.0,M,M > Pharmatech,False
3612,/1767/3612/,anillos swarovski,2,1767.0,M,M > anillos swarovski,False
3613,/1767/3613/,desodorante axe hombre,2,1767.0,M,M > desodorante axe hombre,False
3614,/1767/3614/,dento pasta dental,2,1767.0,M,M > dento pasta dental,False
3615,/1767/3615/,desodorante nivea hombre,2,1767.0,M,M > desodorante nivea hombre,False
3616,/1767/3616/,desodorante rexona mujer,2,1767.0,M,M > desodorante rexona mujer,False
3617,/1767/3617/,enjuague bucal listerine,2,1767.0,M,M > enjuague bucal listerine,False
3618,/1767/3618/,heno de pravia colonia,2,1767.0,M,M > heno de pravia colonia,False
3619,/1767/3619/,hilo dental oral b,2,1767.0,M,M > hilo dental oral b,False
3620,/1767/3620/,jabon liquido dove,2,1767.0,M,M > jabon liquido dove,False
3621,/1767/3621/,relojes skechers,2,1767.0,M,M > relojes skechers,False
3622,/1767/3622/,crema para peinar pantene,2,1767.0,M,M > crema para peinar pantene,False
3623,/1767/3623/,givenchy perfume,2,1767.0,M,M > givenchy perfume,False
3624,/1767/3624/,mochila columbia,2,1767.0,M,M > mochila columbia,False
3625,/1767/3625/,mochilas himawari,2,1767.0,M,M > mochilas himawari,False
3626,/1767/3626/,practipanal plenitud,2,1767.0,M,M > practipanal plenitud,False
3627,/1767/3627/,relojes aerostar,2,1767.0,M,M > relojes aerostar,False
3628,/1767/3628/,relojes ewtto,2,1767.0,M,M > relojes ewtto,False
3629,/1767/3629/,suplementos ultimate nutrition,2,1767.0,M,M > suplementos ultimate nutrition,False
3630,/1767/3630/,giorgio armani perfume,2,1767.0,M,M > giorgio armani perfume,False
3631,/1767/3631/,Demolitor,2,1767.0,M,M > Demolitor,False
3632,/1767/3632/,Folic acid,2,1767.0,M,M > Folic acid,False
3633,/1767/3633/,Piruw,2,1767.0,M,M > Piruw,False
3634,/1767/3634/,desodorante dove hombre,2,1767.0,M,M > desodorante dove hombre,False
3635,/1767/3635/,crema hidratante nivea para cara,2,1767.0,M,M > crema hidratante nivea para cara,False
3636,/1767/3636/,acondicionador elvive,2,1767.0,M,M > acondicionador elvive,False
3637,/1767/3637/,acondicionador kativa,2,1767.0,M,M > acondicionador kativa,False
3638,/1767/3638/,acondicionador sedal,2,1767.0,M,M > acondicionador sedal,False
3639,/1767/3639/,acondicionador tio nacho,2,1767.0,M,M > acondicionador tio nacho,False
3640,/1767/3640/,espuma de afeitar gillette,2,1767.0,M,M > espuma de afeitar gillette,False
3641,/1767/3641/,cepillo pro,2,1767.0,M,M > cepillo pro,False
3642,/1767/3642/,perfumes de avon,2,1767.0,M,M > perfumes de avon,False
3643,/1767/3643/,crema para peinar herbal essences,2,1767.0,M,M > crema para peinar herbal essences,False
3644,/1767/3644/,protectores diarios kotex,2,1767.0,M,M > protectores diarios kotex,False
3681,/1767/3681/,afeitadoras venus,2,1767.0,M,M > afeitadoras venus,False
3682,/1767/3682/,proteina nitro whey,2,1767.0,M,M > proteina nitro whey,False
3683,/1767/3683/,jabon liquido ballerina,2,1767.0,M,M > jabon liquido ballerina,False
3684,/1767/3684/,jabon liquido palmolive,2,1767.0,M,M > jabon liquido palmolive,False
3685,/1767/3685/,jabon protex liquido,2,1767.0,M,M > jabon protex liquido,False
3686,/1767/3686/,bloqueador cell skin,2,1767.0,M,M > bloqueador cell skin,False
3687,/1767/3687/,acondicionador tresemme,2,1767.0,M,M > acondicionador tresemme,False
3688,/1767/3688/,enjuague bucal oral b,2,1767.0,M,M > enjuague bucal oral b,False
3689,/1767/3689/,depile crema depilatoria,2,1767.0,M,M > depile crema depilatoria,False
3690,/1767/3690/,perfume prada,2,1767.0,M,M > perfume prada,False
3691,/1767/3691/,crema para peinar savital,2,1767.0,M,M > crema para peinar savital,False
3692,/1767/3692/,gel de bano babaria,2,1767.0,M,M > gel de bano babaria,False
3693,/1767/3693/,spring flowers colonia,2,1767.0,M,M > spring flowers colonia,False
3694,/1767/3694/,acondicionador herbal essences,2,1767.0,M,M > acondicionador herbal essences,False
3695,/1767/3695/,konzil acondicionador,2,1767.0,M,M > konzil acondicionador,False
3696,/1767/3696/,talco para pies rexona,2,1767.0,M,M > talco para pies rexona,False
3697,/1767/3697/,vitaminas redoxon,2,1767.0,M,M > vitaminas redoxon,False
3813,/1767/3813/,enjuague bucal colgate,2,1767.0,M,M > enjuague bucal colgate,False
3814,/1767/3814/,toallas higienicas kotex,2,1767.0,M,M > toallas higienicas kotex,False
3815,/1767/3815/,pasta dental colgate,2,1767.0,M,M > pasta dental colgate,False
3816,/1767/3816/,crema para peinar skala,2,1767.0,M,M > crema para peinar skala,False
3817,/1767/3817/,perfume blue hombre,2,1767.0,M,M > perfume blue hombre,False
3818,/1767/3818/,perfume chanel hombre,2,1767.0,M,M > perfume chanel hombre,False
3819,/1767/3819/,suplementos applied nutrition,2,1767.0,M,M > suplementos applied nutrition,False
3820,/1767/3820/,perfume lacoste hombre,2,1767.0,M,M > perfume lacoste hombre,False
3821,/1767/3821/,lab superfood,2,1767.0,M,M > lab superfood,False
3822,/1767/3822/,desodorante rexona hombre,2,1767.0,M,M > desodorante rexona hombre,False
3823,/1767/3823/,desodorante rexona hombre,2,1767.0,M,M > desodorante rexona hombre,False
3824,/1767/3824/,desodorante gillette,2,1767.0,M,M > desodorante gillette,False
3825,/1767/3825/,desodorante nivea mujer,2,1767.0,M,M > desodorante nivea mujer,False
3826,/1767/3826/,reloj invicta mujer,2,1767.0,M,M > reloj invicta mujer,False
3827,/1767/3827/,reloj q&q mujer,2,1767.0,M,M > reloj q&q mujer,False
3828,/1767/3828/,reloj swatch mujer,2,1767.0,M,M > reloj swatch mujer,False
3829,/1767/3829/,contorno de ojos eucerin,2,1767.0,M,M > contorno de ojos eucerin,False
3830,/1767/3830/,reloj michael kors mujer,2,1767.0,M,M > reloj michael kors mujer,False
3831,/1767/3831/,perfume paco rabanne mujer,2,1767.0,M,M > perfume paco rabanne mujer,False
3832,/1767/3832/,protector labial nivea cereza,2,1767.0,M,M > protector labial nivea cereza,False
3833,/1767/3833/,maybelline labiales mate,2,1767.0,M,M > maybelline labiales mate,False
3834,/1767/3834/,tampones kotex,2,1767.0,M,M > tampones kotex,False
3835,/1767/3835/,tinte duo,2,1767.0,M,M > tinte duo,False
3836,/1767/3836/,desodorante etiquet,2,1767.0,M,M > desodorante etiquet,False
3837,/1767/3837/,acondicionador pantene,2,1767.0,M,M > acondicionador pantene,False
3838,/1767/3838/,acondicionador savital,2,1767.0,M,M > acondicionador savital,False
3839,/1767/3839/,repelente off,2,1767.0,M,M > repelente off,False
3840,/1767/3840/,crema babaria,2,1767.0,M,M > crema babaria,False
3841,/1767/3841/,calcibone,2,1767.0,M,M > calcibone,False
3842,/1767/3842/,ron medellin,2,1767.0,M,M > ron medellin,False
3843,/1767/3843/,vino rose tabernero,2,1767.0,M,M > vino rose tabernero,False
3844,/1767/3844/,zuko,2,1767.0,M,M > zuko,False
3845,/1767/3845/,vino tacama,2,1767.0,M,M > vino tacama,False
3846,/1767/3846/,gaseosa sprite,2,1767.0,M,M > gaseosa sprite,False
3847,/1767/3847/,gaseosa crush,2,1767.0,M,M > gaseosa crush,False
3848,/1767/3848/,ron abuelo,2,1767.0,M,M > ron abuelo,False
3849,/1767/3849/,ron bacardi,2,1767.0,M,M > ron bacardi,False
3850,/1767/3850/,gin hendricks,2,1767.0,M,M > gin hendricks,False
3851,/1767/3851/,jugo pulp,2,1767.0,M,M > jugo pulp,False
3852,/1767/3852/,vino intipalka,2,1767.0,M,M > vino intipalka,False
3853,/1767/3853/,vino santiago queirolo,2,1767.0,M,M > vino santiago queirolo,False
3854,/1767/3854/,gaseosa pepsi,2,1767.0,M,M > gaseosa pepsi,False
3855,/1767/3855/,gaseosa concordia,2,1767.0,M,M > gaseosa concordia,False
3856,/1767/3856/,freixenet,2,1767.0,M,M > freixenet,False
3857,/1767/3857/,ron pomalca,2,1767.0,M,M > ron pomalca,False
3858,/1767/3858/,vino rose queirolo,2,1767.0,M,M > vino rose queirolo,False
3859,/1767/3859/,vino casillero del diablo,2,1767.0,M,M > vino casillero del diablo,False
3860,/1767/3860/,gaseosa kr,2,1767.0,M,M > gaseosa kr,False
3861,/1767/3861/,ginebra licor,2,1767.0,M,M > ginebra licor,False
3862,/1767/3862/,monster,2,1767.0,M,M > monster,False
3863,/1767/3863/,gatorade,2,1767.0,M,M > gatorade,False
3864,/1767/3864/,sporade,2,1767.0,M,M > sporade,False
3865,/1767/3865/,cervezas cristal,2,1767.0,M,M > cervezas cristal,False
3866,/1767/3866/,cervezas pilsen,2,1767.0,M,M > cervezas pilsen,False
3867,/1767/3867/,red bull,2,1767.0,M,M > red bull,False
3868,/1767/3868/,volt,2,1767.0,M,M > volt,False
3869,/1767/3869/,cervezas corona,2,1767.0,M,M > cervezas corona,False
3870,/1767/3870/,cervezas cusquena,2,1767.0,M,M > cervezas cusquena,False
3871,/1767/3871/,agua san luis,2,1767.0,M,M > agua san luis,False
3872,/1767/3872/,ron barcelo,2,1767.0,M,M > ron barcelo,False
3873,/1767/3873/,ron zacapa,2,1767.0,M,M > ron zacapa,False
3874,/1767/3874/,cervezas heineken,2,1767.0,M,M > cervezas heineken,False
3875,/1767/3875/,powerade,2,1767.0,M,M > powerade,False
3876,/1767/3876/,gaseosa inca kola,2,1767.0,M,M > gaseosa inca kola,False
3877,/1767/3877/,cervezas barbarian,2,1767.0,M,M > cervezas barbarian,False
3878,/1767/3878/,vino tabernero,2,1767.0,M,M > vino tabernero,False
3879,/1767/3879/,bayles licor,2,1767.0,M,M > bayles licor,False
3880,/1767/3880/,cervezas quilmes,2,1767.0,M,M > cervezas quilmes,False
3881,/1767/3881/,champagne don perignon,2,1767.0,M,M > champagne don perignon,False
3882,/1767/3882/,sangria tabernero,2,1767.0,M,M > sangria tabernero,False
3883,/1767/3883/,gin bulldog,2,1767.0,M,M > gin bulldog,False
3884,/1767/3884/,agua mineral cielo,2,1767.0,M,M > agua mineral cielo,False
3885,/1767/3885/,agua mineral san luis,2,1767.0,M,M > agua mineral san luis,False
3886,/1767/3886/,agua mineral san mateo,2,1767.0,M,M > agua mineral san mateo,False
3887,/1767/3887/,clight,2,1767.0,M,M > clight,False
3888,/1767/3888/,vino gato negro,2,1767.0,M,M > vino gato negro,False
3889,/1767/3889/,vino los arboles,2,1767.0,M,M > vino los arboles,False
3890,/1767/3890/,vino ocucaje,2,1767.0,M,M > vino ocucaje,False
3891,/1767/3891/,vino marques de riscal,2,1767.0,M,M > vino marques de riscal,False
3892,/1767/3892/,cervezas peroni,2,1767.0,M,M > cervezas peroni,False
3893,/1767/3893/,champagne tabernero,2,1767.0,M,M > champagne tabernero,False
3894,/1767/3894/,ron carupano,2,1767.0,M,M > ron carupano,False
3895,/1767/3895/,ron malibu,2,1767.0,M,M > ron malibu,False
3896,/1767/3896/,gin gordons,2,1767.0,M,M > gin gordons,False
3897,/1767/3897/,vodka grey goose,2,1767.0,M,M > vodka grey goose,False
3898,/1767/3898/,cervezas grolsch,2,1767.0,M,M > cervezas grolsch,False
3899,/1767/3899/,cervezas modelo,2,1767.0,M,M > cervezas modelo,False
3900,/1767/3900/,cervezas stella artois,2,1767.0,M,M > cervezas stella artois,False
3901,/1767/3901/,ron appleton,2,1767.0,M,M > ron appleton,False
3902,/1767/3902/,ron havana club,2,1767.0,M,M > ron havana club,False
3903,/1767/3903/,ron mandatario,2,1767.0,M,M > ron mandatario,False
3904,/1767/3904/,ron millonario,2,1767.0,M,M > ron millonario,False
3905,/1767/3905/,agua socosani,2,1767.0,M,M > agua socosani,False
3906,/1767/3906/,gaseosa fanta,2,1767.0,M,M > gaseosa fanta,False
3907,/1767/3907/,gaseosa evervess,2,1767.0,M,M > gaseosa evervess,False
3908,/1767/3908/,brandy licor,2,1767.0,M,M > brandy licor,False
3909,/1767/3909/,licor amaretto,2,1767.0,M,M > licor amaretto,False
3910,/1767/3910/,ron cabo blanco,2,1767.0,M,M > ron cabo blanco,False
3911,/1767/3911/,ron kraken,2,1767.0,M,M > ron kraken,False
3912,/1767/3912/,gin bombay,2,1767.0,M,M > gin bombay,False
3913,/1767/3913/,espumante riccadonna,2,1767.0,M,M > espumante riccadonna,False
3914,/1767/3914/,naturale,2,1767.0,M,M > naturale,False
3915,/1767/3915/,vino vina vieja,2,1767.0,M,M > vino vina vieja,False
3916,/1767/3916/,gaseosa schweppes,2,1767.0,M,M > gaseosa schweppes,False
3917,/1767/3917/,gaseosa coca cola,2,1767.0,M,M > gaseosa coca cola,False
3918,/1767/3918/,vodka russkaya,2,1767.0,M,M > vodka russkaya,False
3919,/1767/3919/,cervezas golden,2,1767.0,M,M > cervezas golden,False
3920,/1767/3920/,ron flor de cana,2,1767.0,M,M > ron flor de cana,False
3921,/1767/3921/,ron diplomatico,2,1767.0,M,M > ron diplomatico,False
3922,/1767/3922/,vino el enemigo,2,1767.0,M,M > vino el enemigo,False
3923,/1767/3923/,electrolight,2,1767.0,M,M > electrolight,False
3924,/1767/3924/,vino queirolo,2,1767.0,M,M > vino queirolo,False
3925,/1767/3925/,vodka smirnoff,2,1767.0,M,M > vodka smirnoff,False
3926,/1767/3926/,cervezas budweiser,2,1767.0,M,M > cervezas budweiser,False
3927,/1767/3927/,ron santa teresa,2,1767.0,M,M > ron santa teresa,False
3928,/1767/3928/,gin beefeater,2,1767.0,M,M > gin beefeater,False
3929,/1767/3929/,gin tanqueray,2,1767.0,M,M > gin tanqueray,False
3930,/1767/3930/,suerox,2,1767.0,M,M > suerox,False
3931,/1767/3931/,umsha,2,1767.0,M,M > umsha,False
3932,/1767/3932/,vino navarro correas,2,1767.0,M,M > vino navarro correas,False
3933,/1767/3933/,vodka absolut,2,1767.0,M,M > vodka absolut,False
3934,/1767/3934/,vodka skyy,2,1767.0,M,M > vodka skyy,False
3935,/1767/3935/,cervezas amstel,2,1767.0,M,M > cervezas amstel,False
3936,/1767/3936/,trago hit,2,1767.0,M,M > trago hit,False
3937,/1767/3937/,trago russkaya,2,1767.0,M,M > trago russkaya,False
3938,/1767/3938/,vino santa julia,2,1767.0,M,M > vino santa julia,False
3939,/1767/3939/,vino la mascota,2,1767.0,M,M > vino la mascota,False
3940,/1767/3940/,vino mascota,2,1767.0,M,M > vino mascota,False
3941,/1767/3941/,cervezas duvel,2,1767.0,M,M > cervezas duvel,False
3942,/1767/3942/,ron centenario,2,1767.0,M,M > ron centenario,False
3943,/1767/3943/,ron plantation,2,1767.0,M,M > ron plantation,False
3944,/1767/3944/,gin bombay sapphire,2,1767.0,M,M > gin bombay sapphire,False
3945,/1767/3945/,cerveza artesanal barbarian,2,1767.0,M,M > cerveza artesanal barbarian,False
3946,/1767/3946/,jugo tampico,2,1767.0,M,M > jugo tampico,False
3947,/1767/3947/,vino estancia mendoza,2,1767.0,M,M > vino estancia mendoza,False
3948,/1767/3948/,vino lan,2,1767.0,M,M > vino lan,False
3949,/1767/3949/,vino luigi bosca,2,1767.0,M,M > vino luigi bosca,False
3950,/1767/3950/,gaseosa big cola,2,1767.0,M,M > gaseosa big cola,False
3951,/1767/3951/,cervezas estrella damm,2,1767.0,M,M > cervezas estrella damm,False
3952,/1767/3952/,cervezas estrella galicia,2,1767.0,M,M > cervezas estrella galicia,False
3953,/1767/3953/,agua tonica evervess,2,1767.0,M,M > agua tonica evervess,False
3954,/1767/3954/,jugo frugos,2,1767.0,M,M > jugo frugos,False
3955,/1767/3955/,licores sheridans,2,1767.0,M,M > licores sheridans,False
3956,/1767/3956/,agua san pellegrino,2,1767.0,M,M > agua san pellegrino,False
3957,/1767/3957/,cocina empotrable klimatic,2,1767.0,M,M > cocina empotrable klimatic,False
3958,/1767/3958/,cargador carga rapida samsung,2,1767.0,M,M > cargador carga rapida samsung,False
3959,/1767/3959/,cocinas empotrables indurama,2,1767.0,M,M > cocinas empotrables indurama,False
3960,/1767/3960/,horno empotrable bosch,2,1767.0,M,M > horno empotrable bosch,False
3961,/1767/3961/,horno empotrable sole,2,1767.0,M,M > horno empotrable sole,False
3962,/1767/3962/,horno empotrable teka,2,1767.0,M,M > horno empotrable teka,False
3963,/1767/3963/,horno empotrable indurama,2,1767.0,M,M > horno empotrable indurama,False
3964,/1767/3964/,aceite sao,2,1767.0,M,M > aceite sao,False
3965,/1767/3965/,aceite cocinero,2,1767.0,M,M > aceite cocinero,False
3966,/1767/3966/,aceite tondero,2,1767.0,M,M > aceite tondero,False
3967,/1767/3967/,aceite cil,2,1767.0,M,M > aceite cil,False
3968,/1767/3968/,leche gloria,2,1767.0,M,M > leche gloria,False
3969,/1767/3969/,johnnie walker,2,1767.0,M,M > johnnie walker,False
3970,/1767/3970/,chimpunes nike,2,1767.0,M,M > chimpunes nike,False
3971,/1767/3971/,cerveza corona,2,1767.0,M,M > cerveza corona,False
3972,/1767/3972/,aceite primor,2,1767.0,M,M > aceite primor,False
3973,/1767/3973/,lavaseca samsung,2,1767.0,M,M > lavaseca samsung,False
3974,/1767/3974/,cargador samsung original,2,1767.0,M,M > cargador samsung original,False
3975,/1767/3975/,samsung soundbar,2,1767.0,M,M > samsung soundbar,False
3976,/1767/3976/,lavaseca lg,2,1767.0,M,M > lavaseca lg,False
3977,/1767/3977/,cargador inalambrico samsung,2,1767.0,M,M > cargador inalambrico samsung,False
3978,/1767/3978/,cocinas empotrables sole,2,1767.0,M,M > cocinas empotrables sole,False
3979,/1767/3979/,congeladora coldex,2,1767.0,M,M > congeladora coldex,False
3980,/1767/3980/,cargador samsung tipo c,2,1767.0,M,M > cargador samsung tipo c,False
3981,/1767/3981/,aspiradora robot samsung,2,1767.0,M,M > aspiradora robot samsung,False
3982,/1767/3982/,parlantes cafini,2,1767.0,M,M > parlantes cafini,False
3983,/1767/3983/,parlantes samsung,2,1767.0,M,M > parlantes samsung,False
3984,/1767/3984/,equipo de sonido samsung,2,1767.0,M,M > equipo de sonido samsung,False
3985,/1767/3985/,notebook hp,2,1767.0,M,M > notebook hp,False
3986,/1767/3986/,vino rose tacama,2,1767.0,M,M > vino rose tacama,False
3987,/1767/3987/,agua tonica backus,2,1767.0,M,M > agua tonica backus,False
3988,/1767/3988/,agua tonica britvic,2,1767.0,M,M > agua tonica britvic,False
3989,/1767/3989/,gatorade en polvo,2,1767.0,M,M > gatorade en polvo,False
3990,/1767/3990/,jugo selva,2,1767.0,M,M > jugo selva,False
3991,/1767/3991/,trago smirnoff,2,1767.0,M,M > trago smirnoff,False
3992,/1767/3992/,espumante tabernero,2,1767.0,M,M > espumante tabernero,False
3993,/1767/3993/,vino concha y toro,2,1767.0,M,M > vino concha y toro,False
3994,/1767/3994/,vino gran enemigo,2,1767.0,M,M > vino gran enemigo,False
3995,/1767/3995/,vino rutini,2,1767.0,M,M > vino rutini,False
3996,/1767/3996/,ron botran,2,1767.0,M,M > ron botran,False
3997,/1767/3997/,ron kankun,2,1767.0,M,M > ron kankun,False
3998,/1767/3998/,ron viejo de caldas,2,1767.0,M,M > ron viejo de caldas,False
3999,/1767/3999/,licor baileys,2,1767.0,M,M > licor baileys,False
4000,/1767/4000/,vino trapiche,2,1767.0,M,M > vino trapiche,False
4001,/1767/4001/,vino pata negra,2,1767.0,M,M > vino pata negra,False
4002,/1767/4002/,cervezas delirium,2,1767.0,M,M > cervezas delirium,False
4003,/1767/4003/,cervezas desperados,2,1767.0,M,M > cervezas desperados,False
4005,/1767/4005/,cocina empotrable bosch,2,1767.0,M,M > cocina empotrable bosch,False
4214,/1767/4214/,jagermeister,2,1767.0,M,M > jagermeister,False
4215,/1767/4215/,spark,2,1767.0,M,M > spark,False
4216,/1767/4216/,riccadonna,2,1767.0,M,M > riccadonna,False
4217,/1767/4217/,bacardi,2,1767.0,M,M > bacardi,False
4218,/1767/4218/,piscano,2,1767.0,M,M > piscano,False
4219,/1767/4219/,beefeater,2,1767.0,M,M > beefeater,False
4220,/1767/4220/,intipalka,2,1767.0,M,M > intipalka,False
4221,/1767/4221/,zacapa,2,1767.0,M,M > zacapa,False
4224,/1767/4224/,cerveza tres cruces,2,1767.0,M,M > cerveza tres cruces,False
4225,/1767/4225/,vat 69,2,1767.0,M,M > vat 69,False
4226,/1767/4226/,absolut,2,1767.0,M,M > absolut,False
4227,/1767/4227/,cerveza modelo,2,1767.0,M,M > cerveza modelo,False
4228,/1767/4228/,six pack cusqueña,2,1767.0,M,M > six pack cusqueña,False
4229,/1767/4229/,six pack cusqueña,2,1767.0,M,M > six pack cusqueña,False
4230,/1767/4230/,royal salute 21,2,1767.0,M,M > royal salute 21,False
4231,/1767/4231/,mikes de limon,2,1767.0,M,M > mikes de limon,False
4232,/1767/4232/,passport scotch,2,1767.0,M,M > passport scotch,False
4233,/1767/4233/,macallan 12,2,1767.0,M,M > macallan 12,False
4282,/1767/4282/,prueba search,2,1767.0,M,M > prueba search,False
4283,/1767/4283/,mikes,2,1767.0,M,M > mikes,False
4284,/1767/4284/,inka chips,2,1767.0,M,M > inka chips,False
2331,/2331/,Garantía,1,,(raiz),Garantía,True
2389,/2331/2389/,Garantía electro,2,2331.0,Garantía,Garantía > Garantía electro,False
2941,/2941/,Moda Infantil,1,,(raiz),Moda Infantil,True
2942,/2941/2942/,Ropa Bebé Niña,2,2941.0,Moda Infantil,Moda Infantil > Ropa Bebé Niña,True
2948,/2941/2942/2948/,Conjuntos bebé niña,3,2942.0,Moda Infantil > Ropa Bebé Niña,Moda Infantil > Ropa Bebé Niña > Conjuntos bebé niña,False
2949,/2941/2942/2949/,Casacas y Chalecos bebé niña,3,2942.0,Moda Infantil > Ropa Bebé Niña,Moda Infantil > Ropa Bebé Niña > Casacas y Chalecos bebé niña,False
2950,/2941/2942/2950/,Polerones y Chompas bebé niña,3,2942.0,Moda Infantil > Ropa Bebé Niña,Moda Infantil > Ropa Bebé Niña > Polerones y Chompas bebé niña,False
2951,/2941/2942/2951/,Jeans y Leggins bebé niña,3,2942.0,Moda Infantil > Ropa Bebé Niña,Moda Infantil > Ropa Bebé Niña > Jeans y Leggins bebé niña,False
2952,/2941/2942/2952/,Polos y Blusas bebé niña,3,2942.0,Moda Infantil > Ropa Bebé Niña,Moda Infantil > Ropa Bebé Niña > Polos y Blusas bebé niña,False
2953,/2941/2942/2953/,Ropa interior y pijamas bebé niña,3,2942.0,Moda Infantil > Ropa Bebé Niña,Moda Infantil > Ropa Bebé Niña > Ropa interior y pijamas bebé niña,False
2954,/2941/2942/2954/,Shorts bebé niña,3,2942.0,Moda Infantil > Ropa Bebé Niña,Moda Infantil > Ropa Bebé Niña > Shorts bebé niña,False
2955,/2941/2942/2955/,"Vestidos, Jumpers y Faldas bebé niña",3,2942.0,Moda Infantil > Ropa Bebé Niña,"Moda Infantil > Ropa Bebé Niña > Vestidos, Jumpers y Faldas bebé niña",False
2956,/2941/2942/2956/,Ropas de Baño bebé niña,3,2942.0,Moda Infantil > Ropa Bebé Niña,Moda Infantil > Ropa Bebé Niña > Ropas de Baño bebé niña,False
2957,/2941/2942/2957/,Accesorios para Bebé Niña,3,2942.0,Moda Infantil > Ropa Bebé Niña,Moda Infantil > Ropa Bebé Niña > Accesorios para Bebé Niña,False
2943,/2941/2943/,Ropa Bebé Niño,2,2941.0,Moda Infantil,Moda Infantil > Ropa Bebé Niño,True
2958,/2941/2943/2958/,Casacas y Chalecos bebé niño,3,2943.0,Moda Infantil > Ropa Bebé Niño,Moda Infantil > Ropa Bebé Niño > Casacas y Chalecos bebé niño,False
2959,/2941/2943/2959/,Polos y Camisas bebé niño,3,2943.0,Moda Infantil > Ropa Bebé Niño,Moda Infantil > Ropa Bebé Niño > Polos y Camisas bebé niño,False
2960,/2941/2943/2960/,Polerones y Chompas bebé niño,3,2943.0,Moda Infantil > Ropa Bebé Niño,Moda Infantil > Ropa Bebé Niño > Polerones y Chompas bebé niño,False
2961,/2941/2943/2961/,Conjuntos bebé niño,3,2943.0,Moda Infantil > Ropa Bebé Niño,Moda Infantil > Ropa Bebé Niño > Conjuntos bebé niño,False
2962,/2941/2943/2962/,Jeans y Pantalones bebé niño,3,2943.0,Moda Infantil > Ropa Bebé Niño,Moda Infantil > Ropa Bebé Niño > Jeans y Pantalones bebé niño,False
2963,/2941/2943/2963/,Ropa interior y pijamas bebé niño,3,2943.0,Moda Infantil > Ropa Bebé Niño,Moda Infantil > Ropa Bebé Niño > Ropa interior y pijamas bebé niño,False
2964,/2941/2943/2964/,Shorts y Overoles bebé niño,3,2943.0,Moda Infantil > Ropa Bebé Niño,Moda Infantil > Ropa Bebé Niño > Shorts y Overoles bebé niño,False
2965,/2941/2943/2965/,Ropas de Baño bebé niño,3,2943.0,Moda Infantil > Ropa Bebé Niño,Moda Infantil > Ropa Bebé Niño > Ropas de Baño bebé niño,False
2966,/2941/2943/2966/,Accesorios bebé niño,3,2943.0,Moda Infantil > Ropa Bebé Niño,Moda Infantil > Ropa Bebé Niño > Accesorios bebé niño,False
2944,/2941/2944/,Ropa Niñas 12 a 16 Años,2,2941.0,Moda Infantil,Moda Infantil > Ropa Niñas 12 a 16 Años,True
2967,/2941/2944/2967/,Accesorios para Niñas 12 a 16,3,2944.0,Moda Infantil > Ropa Niñas 12 a 16 Años,Moda Infantil > Ropa Niñas 12 a 16 Años > Accesorios para Niñas 12 a 16,False
2968,/2941/2944/2968/,Casacas y Chalecos Niñas 12 a 16,3,2944.0,Moda Infantil > Ropa Niñas 12 a 16 Años,Moda Infantil > Ropa Niñas 12 a 16 Años > Casacas y Chalecos Niñas 12 a 16,False
2969,/2941/2944/2969/,Chompas Niñas 12 a 16,3,2944.0,Moda Infantil > Ropa Niñas 12 a 16 Años,Moda Infantil > Ropa Niñas 12 a 16 Años > Chompas Niñas 12 a 16,False
2970,/2941/2944/2970/,Joggers Buzos y Conjuntos Niñas 12 a 16,3,2944.0,Moda Infantil > Ropa Niñas 12 a 16 Años,Moda Infantil > Ropa Niñas 12 a 16 Años > Joggers Buzos y Conjuntos Niñas 12 a 16,False
2971,/2941/2944/2971/,Jeans Pantalones y Leggins Niñas 12 a 16,3,2944.0,Moda Infantil > Ropa Niñas 12 a 16 Años,Moda Infantil > Ropa Niñas 12 a 16 Años > Jeans Pantalones y Leggins Niñas 12 a 16,False
2972,/2941/2944/2972/,Polos y Blusas Niñas 12 a 16,3,2944.0,Moda Infantil > Ropa Niñas 12 a 16 Años,Moda Infantil > Ropa Niñas 12 a 16 Años > Polos y Blusas Niñas 12 a 16,False
2973,/2941/2944/2973/,Ropa Interior y Pijamas Niñas 12 a 16,3,2944.0,Moda Infantil > Ropa Niñas 12 a 16 Años,Moda Infantil > Ropa Niñas 12 a 16 Años > Ropa Interior y Pijamas Niñas 12 a 16,False
2974,/2941/2944/2974/,Capris y Shorts Niñas 12 a 16,3,2944.0,Moda Infantil > Ropa Niñas 12 a 16 Años,Moda Infantil > Ropa Niñas 12 a 16 Años > Capris y Shorts Niñas 12 a 16,False
2975,/2941/2944/2975/,Vestidos y Enterizos Niñas 12 a 16,3,2944.0,Moda Infantil > Ropa Niñas 12 a 16 Años,Moda Infantil > Ropa Niñas 12 a 16 Años > Vestidos y Enterizos Niñas 12 a 16,False
2976,/2941/2944/2976/,Faldas Niñas 12 a 16,3,2944.0,Moda Infantil > Ropa Niñas 12 a 16 Años,Moda Infantil > Ropa Niñas 12 a 16 Años > Faldas Niñas 12 a 16,False
2977,/2941/2944/2977/,Ropa de Baño Niñas 12 a 16,3,2944.0,Moda Infantil > Ropa Niñas 12 a 16 Años,Moda Infantil > Ropa Niñas 12 a 16 Años > Ropa de Baño Niñas 12 a 16,False
2978,/2941/2944/2978/,Poleras Niñas 12 a 16,3,2944.0,Moda Infantil > Ropa Niñas 12 a 16 Años,Moda Infantil > Ropa Niñas 12 a 16 Años > Poleras Niñas 12 a 16,False
2945,/2941/2945/,Ropa Niñas 4 a 12 Años,2,2941.0,Moda Infantil,Moda Infantil > Ropa Niñas 4 a 12 Años,True
2979,/2941/2945/2979/,Jeans Pantalones y Leggins Niñas 4 a 12,3,2945.0,Moda Infantil > Ropa Niñas 4 a 12 Años,Moda Infantil > Ropa Niñas 4 a 12 Años > Jeans Pantalones y Leggins Niñas 4 a 12,False
2980,/2941/2945/2980/,Casacas y Chalecos Niñas 4 a 12,3,2945.0,Moda Infantil > Ropa Niñas 4 a 12 Años,Moda Infantil > Ropa Niñas 4 a 12 Años > Casacas y Chalecos Niñas 4 a 12,False
2981,/2941/2945/2981/,Polos y Blusas Niñas 4 a 12,3,2945.0,Moda Infantil > Ropa Niñas 4 a 12 Años,Moda Infantil > Ropa Niñas 4 a 12 Años > Polos y Blusas Niñas 4 a 12,False
3051,/2941/2945/3051/,Accesorios para Niñas 4 a 12,3,2945.0,Moda Infantil > Ropa Niñas 4 a 12 Años,Moda Infantil > Ropa Niñas 4 a 12 Años > Accesorios para Niñas 4 a 12,False
3052,/2941/2945/3052/,Capris y Shorts Niñas 4 a 12,3,2945.0,Moda Infantil > Ropa Niñas 4 a 12 Años,Moda Infantil > Ropa Niñas 4 a 12 Años > Capris y Shorts Niñas 4 a 12,False
3053,/2941/2945/3053/,Chompas Niñas 4 a 12,3,2945.0,Moda Infantil > Ropa Niñas 4 a 12 Años,Moda Infantil > Ropa Niñas 4 a 12 Años > Chompas Niñas 4 a 12,False
3054,/2941/2945/3054/,Faldas Niñas 4 a 12,3,2945.0,Moda Infantil > Ropa Niñas 4 a 12 Años,Moda Infantil > Ropa Niñas 4 a 12 Años > Faldas Niñas 4 a 12,False
3055,/2941/2945/3055/,Joggers Buzos y Conjuntos Niñas 4 a 12,3,2945.0,Moda Infantil > Ropa Niñas 4 a 12 Años,Moda Infantil > Ropa Niñas 4 a 12 Años > Joggers Buzos y Conjuntos Niñas 4 a 12,False
3056,/2941/2945/3056/,Poleras Niñas 4 a 12,3,2945.0,Moda Infantil > Ropa Niñas 4 a 12 Años,Moda Infantil > Ropa Niñas 4 a 12 Años > Poleras Niñas 4 a 12,False
3057,/2941/2945/3057/,Ropa de Baño Niñas 4 a 12,3,2945.0,Moda Infantil > Ropa Niñas 4 a 12 Años,Moda Infantil > Ropa Niñas 4 a 12 Años > Ropa de Baño Niñas 4 a 12,False
3058,/2941/2945/3058/,Ropa Interior y Pijamas Niñas 4 a 12,3,2945.0,Moda Infantil > Ropa Niñas 4 a 12 Años,Moda Infantil > Ropa Niñas 4 a 12 Años > Ropa Interior y Pijamas Niñas 4 a 12,False
3059,/2941/2945/3059/,Vestidos y Enterizos Niñas 4 a 12,3,2945.0,Moda Infantil > Ropa Niñas 4 a 12 Años,Moda Infantil > Ropa Niñas 4 a 12 Años > Vestidos y Enterizos Niñas 4 a 12,False
2946,/2941/2946/,Ropa Niños 12 a 16 Años,2,2941.0,Moda Infantil,Moda Infantil > Ropa Niños 12 a 16 Años,True
2982,/2941/2946/2982/,Accesorios Niños 12 a 16,3,2946.0,Moda Infantil > Ropa Niños 12 a 16 Años,Moda Infantil > Ropa Niños 12 a 16 Años > Accesorios Niños 12 a 16,False
2983,/2941/2946/2983/,Casacas y Chalecos 12 a 16,3,2946.0,Moda Infantil > Ropa Niños 12 a 16 Años,Moda Infantil > Ropa Niños 12 a 16 Años > Casacas y Chalecos 12 a 16,False
2984,/2941/2946/2984/,Chompas 12 a 16,3,2946.0,Moda Infantil > Ropa Niños 12 a 16 Años,Moda Infantil > Ropa Niños 12 a 16 Años > Chompas 12 a 16,False
2985,/2941/2946/2985/,Joggers Buzos y Conjuntos 12 a 16,3,2946.0,Moda Infantil > Ropa Niños 12 a 16 Años,Moda Infantil > Ropa Niños 12 a 16 Años > Joggers Buzos y Conjuntos 12 a 16,False
2986,/2941/2946/2986/,Jeans y Pantalones 12 a 16,3,2946.0,Moda Infantil > Ropa Niños 12 a 16 Años,Moda Infantil > Ropa Niños 12 a 16 Años > Jeans y Pantalones 12 a 16,False
2987,/2941/2946/2987/,Polos y Camisas Niños 12 a 16,3,2946.0,Moda Infantil > Ropa Niños 12 a 16 Años,Moda Infantil > Ropa Niños 12 a 16 Años > Polos y Camisas Niños 12 a 16,False
2988,/2941/2946/2988/,Pijamas y Ropa Interior 12 a 16,3,2946.0,Moda Infantil > Ropa Niños 12 a 16 Años,Moda Infantil > Ropa Niños 12 a 16 Años > Pijamas y Ropa Interior 12 a 16,False
2989,/2941/2946/2989/,Shorts y Bermudas 12 a 16,3,2946.0,Moda Infantil > Ropa Niños 12 a 16 Años,Moda Infantil > Ropa Niños 12 a 16 Años > Shorts y Bermudas 12 a 16,False
2990,/2941/2946/2990/,Poleras 12 a 16,3,2946.0,Moda Infantil > Ropa Niños 12 a 16 Años,Moda Infantil > Ropa Niños 12 a 16 Años > Poleras 12 a 16,False
2991,/2941/2946/2991/,Ropa de Baño 12 a 16,3,2946.0,Moda Infantil > Ropa Niños 12 a 16 Años,Moda Infantil > Ropa Niños 12 a 16 Años > Ropa de Baño 12 a 16,False
2947,/2941/2947/,Ropa Niños 4 a 12 Años,2,2941.0,Moda Infantil,Moda Infantil > Ropa Niños 4 a 12 Años,True
2992,/2941/2947/2992/,Joggers Buzos y Conjuntos Niños 4 a 12,3,2947.0,Moda Infantil > Ropa Niños 4 a 12 Años,Moda Infantil > Ropa Niños 4 a 12 Años > Joggers Buzos y Conjuntos Niños 4 a 12,False
2993,/2941/2947/2993/,Poleras Niños 4 a 12,3,2947.0,Moda Infantil > Ropa Niños 4 a 12 Años,Moda Infantil > Ropa Niños 4 a 12 Años > Poleras Niños 4 a 12,False
2994,/2941/2947/2994/,Polos y Camisas Niños 4 a 12,3,2947.0,Moda Infantil > Ropa Niños 4 a 12 Años,Moda Infantil > Ropa Niños 4 a 12 Años > Polos y Camisas Niños 4 a 12,False
3060,/2941/2947/3060/,Accesorios Niños 4 a 12,3,2947.0,Moda Infantil > Ropa Niños 4 a 12 Años,Moda Infantil > Ropa Niños 4 a 12 Años > Accesorios Niños 4 a 12,False
3061,/2941/2947/3061/,Casacas y Chalecos Niños 4 a 12,3,2947.0,Moda Infantil > Ropa Niños 4 a 12 Años,Moda Infantil > Ropa Niños 4 a 12 Años > Casacas y Chalecos Niños 4 a 12,False
3062,/2941/2947/3062/,Chompas Niños 4 a 12,3,2947.0,Moda Infantil > Ropa Niños 4 a 12 Años,Moda Infantil > Ropa Niños 4 a 12 Años > Chompas Niños 4 a 12,False
3063,/2941/2947/3063/,Jeans y Pantalones Niños 4 a 12,3,2947.0,Moda Infantil > Ropa Niños 4 a 12 Años,Moda Infantil > Ropa Niños 4 a 12 Años > Jeans y Pantalones Niños 4 a 12,False
3064,/2941/2947/3064/,Pijamas y Ropa Interior Niños 4 a 12,3,2947.0,Moda Infantil > Ropa Niños 4 a 12 Años,Moda Infantil > Ropa Niños 4 a 12 Años > Pijamas y Ropa Interior Niños 4 a 12,False
3065,/2941/2947/3065/,Ropa de Baño Niños 4 a 12,3,2947.0,Moda Infantil > Ropa Niños 4 a 12 Años,Moda Infantil > Ropa Niños 4 a 12 Años > Ropa de Baño Niños 4 a 12,False
3066,/2941/2947/3066/,Shorts y Bermudas Niños 4 a 12,3,2947.0,Moda Infantil > Ropa Niños 4 a 12 Años,Moda Infantil > Ropa Niños 4 a 12 Años > Shorts y Bermudas Niños 4 a 12,False
3067,/2941/3067/,Ropa Recién Nacido,2,2941.0,Moda Infantil,Moda Infantil > Ropa Recién Nacido,True
3068,/2941/3067/3068/,Babitas recién nacido - NO USAR,3,3067.0,Moda Infantil > Ropa Recién Nacido,Moda Infantil > Ropa Recién Nacido > Babitas recién nacido - NO USAR,False
3069,/2941/3067/3069/,Bodys recién nacido,3,3067.0,Moda Infantil > Ropa Recién Nacido,Moda Infantil > Ropa Recién Nacido > Bodys recién nacido,False
3070,/2941/3067/3070/,Medias recién nacido,3,3067.0,Moda Infantil > Ropa Recién Nacido,Moda Infantil > Ropa Recién Nacido > Medias recién nacido,False
3071,/2941/3067/3071/,Pijamas recién nacido,3,3067.0,Moda Infantil > Ropa Recién Nacido,Moda Infantil > Ropa Recién Nacido > Pijamas recién nacido,False
3013,/3013/,Accesorios,1,,(raiz),Accesorios,True
3014,/3013/3014/,Accesorios Hombre,2,3013.0,Accesorios,Accesorios > Accesorios Hombre,True
3022,/3013/3014/3022/,Billeteras Hombre,3,3014.0,Accesorios > Accesorios Hombre,Accesorios > Accesorios Hombre > Billeteras Hombre,False
3023,/3013/3014/3023/,Correas Hombre,3,3014.0,Accesorios > Accesorios Hombre,Accesorios > Accesorios Hombre > Correas Hombre,False
3024,/3013/3014/3024/,Gorras y Chullos,3,3014.0,Accesorios > Accesorios Hombre,Accesorios > Accesorios Hombre > Gorras y Chullos,False
3025,/3013/3014/3025/,Maletines y Mochilas Hombre,3,3014.0,Accesorios > Accesorios Hombre,Accesorios > Accesorios Hombre > Maletines y Mochilas Hombre,False
3026,/3013/3014/3026/,Morrales y Canguros,3,3014.0,Accesorios > Accesorios Hombre,Accesorios > Accesorios Hombre > Morrales y Canguros,False
3015,/3013/3015/,Accesorios infantiles,2,3013.0,Accesorios,Accesorios > Accesorios infantiles,True
3027,/3013/3015/3027/,Accesorios de Bebé,3,3015.0,Accesorios > Accesorios infantiles,Accesorios > Accesorios infantiles > Accesorios de Bebé,False
3028,/3013/3015/3028/,Accesorios de Niña,3,3015.0,Accesorios > Accesorios infantiles,Accesorios > Accesorios infantiles > Accesorios de Niña,False
3029,/3013/3015/3029/,Accesorios de Niño,3,3015.0,Accesorios > Accesorios infantiles,Accesorios > Accesorios infantiles > Accesorios de Niño,False
3018,/3013/3018/,Accesorios Mujer,2,3013.0,Accesorios,Accesorios > Accesorios Mujer,True
3030,/3013/3018/3030/,Billeteras y Monederos Mujer,3,3018.0,Accesorios > Accesorios Mujer,Accesorios > Accesorios Mujer > Billeteras y Monederos Mujer,False
3031,/3013/3018/3031/,Bufandas y Pashminas,3,3018.0,Accesorios > Accesorios Mujer,Accesorios > Accesorios Mujer > Bufandas y Pashminas,False
3032,/3013/3018/3032/,Carteras y Bolsos,3,3018.0,Accesorios > Accesorios Mujer,Accesorios > Accesorios Mujer > Carteras y Bolsos,False
3033,/3013/3018/3033/,Correas y Cinturones Mujer,3,3018.0,Accesorios > Accesorios Mujer,Accesorios > Accesorios Mujer > Correas y Cinturones Mujer,False
3034,/3013/3018/3034/,Gorros y Sombreros,3,3018.0,Accesorios > Accesorios Mujer,Accesorios > Accesorios Mujer > Gorros y Sombreros,False
3035,/3013/3018/3035/,Mochilas Mujer,3,3018.0,Accesorios > Accesorios Mujer,Accesorios > Accesorios Mujer > Mochilas Mujer,False
3036,/3013/3018/3036/,Neceser y Portacosméticos,3,3018.0,Accesorios > Accesorios Mujer,Accesorios > Accesorios Mujer > Neceser y Portacosméticos,False
3019,/3013/3019/,Joyería y Bisutería,2,3013.0,Accesorios,Accesorios > Joyería y Bisutería,True
3037,/3013/3019/3037/,Anillos,3,3019.0,Accesorios > Joyería y Bisutería,Accesorios > Joyería y Bisutería > Anillos,False
3038,/3013/3019/3038/,Aretes,3,3019.0,Accesorios > Joyería y Bisutería,Accesorios > Joyería y Bisutería > Aretes,False
3039,/3013/3019/3039/,Collares,3,3019.0,Accesorios > Joyería y Bisutería,Accesorios > Joyería y Bisutería > Collares,False
3040,/3013/3019/3040/,Dijes,3,3019.0,Accesorios > Joyería y Bisutería,Accesorios > Joyería y Bisutería > Dijes,False
3041,/3013/3019/3041/,Pulseras,3,3019.0,Accesorios > Joyería y Bisutería,Accesorios > Joyería y Bisutería > Pulseras,False
3042,/3013/3019/3042/,Sets de Joyas y Bisutería,3,3019.0,Accesorios > Joyería y Bisutería,Accesorios > Joyería y Bisutería > Sets de Joyas y Bisutería,False
3020,/3013/3020/,Lentes,2,3013.0,Accesorios,Accesorios > Lentes,True
3043,/3013/3020/3043/,Lentes de Descanso,3,3020.0,Accesorios > Lentes,Accesorios > Lentes > Lentes de Descanso,False
3044,/3013/3020/3044/,Lentes de Medida,3,3020.0,Accesorios > Lentes,Accesorios > Lentes > Lentes de Medida,False
3045,/3013/3020/3045/,Lentes de Sol Hombre,3,3020.0,Accesorios > Lentes,Accesorios > Lentes > Lentes de Sol Hombre,False
3046,/3013/3020/3046/,Lentes de Sol Mujer,3,3020.0,Accesorios > Lentes,Accesorios > Lentes > Lentes de Sol Mujer,False
3047,/3013/3020/3047/,Lentes Infantiles,3,3020.0,Accesorios > Lentes,Accesorios > Lentes > Lentes Infantiles,False
3021,/3013/3021/,Relojes,2,3013.0,Accesorios,Accesorios > Relojes,True
3048,/3013/3021/3048/,Relojes Deportivos,3,3021.0,Accesorios > Relojes,Accesorios > Relojes > Relojes Deportivos,False
3049,/3013/3021/3049/,Relojes Hombre,3,3021.0,Accesorios > Relojes,Accesorios > Relojes > Relojes Hombre,False
3050,/3013/3021/3050/,Relojes Mujer,3,3021.0,Accesorios > Relojes,Accesorios > Relojes > Relojes Mujer,False
3072,/3072/,Zapatillas,1,,(raiz),Zapatillas,True
3073,/3072/3073/,Zapatillas Hombre,2,3072.0,Zapatillas,Zapatillas > Zapatillas Hombre,True
3076,/3072/3073/3076/,Zapatillas de Futbol,3,3073.0,Zapatillas > Zapatillas Hombre,Zapatillas > Zapatillas Hombre > Zapatillas de Futbol,False
3077,/3072/3073/3077/,Zapatillas Deportivas Hombre,3,3073.0,Zapatillas > Zapatillas Hombre,Zapatillas > Zapatillas Hombre > Zapatillas Deportivas Hombre,False
3078,/3072/3073/3078/,Zapatillas Outdoor Hombre,3,3073.0,Zapatillas > Zapatillas Hombre,Zapatillas > Zapatillas Hombre > Zapatillas Outdoor Hombre,False
3079,/3072/3073/3079/,Zapatillas Urbanas Hombre,3,3073.0,Zapatillas > Zapatillas Hombre,Zapatillas > Zapatillas Hombre > Zapatillas Urbanas Hombre,False
3074,/3072/3074/,Zapatillas Infantil,2,3072.0,Zapatillas,Zapatillas > Zapatillas Infantil,True
3080,/3072/3074/3080/,Zapatillas de Futbol Niño,3,3074.0,Zapatillas > Zapatillas Infantil,Zapatillas > Zapatillas Infantil > Zapatillas de Futbol Niño,False
3081,/3072/3074/3081/,Zapatillas Niña,3,3074.0,Zapatillas > Zapatillas Infantil,Zapatillas > Zapatillas Infantil > Zapatillas Niña,False
3082,/3072/3074/3082/,Zapatillas Niño,3,3074.0,Zapatillas > Zapatillas Infantil,Zapatillas > Zapatillas Infantil > Zapatillas Niño,False
3075,/3072/3075/,Zapatillas Mujer,2,3072.0,Zapatillas,Zapatillas > Zapatillas Mujer,True
3083,/3072/3075/3083/,Zapatillas Deportivas Mujer,3,3075.0,Zapatillas > Zapatillas Mujer,Zapatillas > Zapatillas Mujer > Zapatillas Deportivas Mujer,False
3084,/3072/3075/3084/,Zapatillas Outdoor Mujer,3,3075.0,Zapatillas > Zapatillas Mujer,Zapatillas > Zapatillas Mujer > Zapatillas Outdoor Mujer,False
3085,/3072/3075/3085/,Zapatillas Urbanas Mujer,3,3075.0,Zapatillas > Zapatillas Mujer,Zapatillas > Zapatillas Mujer > Zapatillas Urbanas Mujer,False
3086,/3086/,Zapatos,1,,(raiz),Zapatos,True
3087,/3086/3087/,Calzado Infantil,2,3086.0,Zapatos,Zapatos > Calzado Infantil,True
3090,/3086/3087/3090/,Botas y botines niña,3,3087.0,Zapatos > Calzado Infantil,Zapatos > Calzado Infantil > Botas y botines niña,False
3091,/3086/3087/3091/,Botas y botines niño,3,3087.0,Zapatos > Calzado Infantil,Zapatos > Calzado Infantil > Botas y botines niño,False
3092,/3086/3087/3092/,Calzado Escolar,3,3087.0,Zapatos > Calzado Infantil,Zapatos > Calzado Infantil > Calzado Escolar,False
3093,/3086/3087/3093/,Pantuflas infantiles,3,3087.0,Zapatos > Calzado Infantil,Zapatos > Calzado Infantil > Pantuflas infantiles,False
3094,/3086/3087/3094/,Sandalias de Playa Infantiles,3,3087.0,Zapatos > Calzado Infantil,Zapatos > Calzado Infantil > Sandalias de Playa Infantiles,False
3095,/3086/3087/3095/,Sandalias Niña,3,3087.0,Zapatos > Calzado Infantil,Zapatos > Calzado Infantil > Sandalias Niña,False
3096,/3086/3087/3096/,Sandalias Niño,3,3087.0,Zapatos > Calzado Infantil,Zapatos > Calzado Infantil > Sandalias Niño,False
3097,/3086/3087/3097/,Zapatos Niña,3,3087.0,Zapatos > Calzado Infantil,Zapatos > Calzado Infantil > Zapatos Niña,False
3098,/3086/3087/3098/,Zapatos Niño,3,3087.0,Zapatos > Calzado Infantil,Zapatos > Calzado Infantil > Zapatos Niño,False
3088,/3086/3088/,Zapatos Hombre,2,3086.0,Zapatos,Zapatos > Zapatos Hombre,True
3099,/3086/3088/3099/,Alpargatas para hombre,3,3088.0,Zapatos > Zapatos Hombre,Zapatos > Zapatos Hombre > Alpargatas para hombre,False
3100,/3086/3088/3100/,Botines Hombre,3,3088.0,Zapatos > Zapatos Hombre,Zapatos > Zapatos Hombre > Botines Hombre,False
3101,/3086/3088/3101/,Sandalias de Playa Hombre,3,3088.0,Zapatos > Zapatos Hombre,Zapatos > Zapatos Hombre > Sandalias de Playa Hombre,False
3102,/3086/3088/3102/,Sandalias Hombre,3,3088.0,Zapatos > Zapatos Hombre,Zapatos > Zapatos Hombre > Sandalias Hombre,False
3103,/3086/3088/3103/,Zapatos Casuales Hombre,3,3088.0,Zapatos > Zapatos Hombre,Zapatos > Zapatos Hombre > Zapatos Casuales Hombre,False
3104,/3086/3088/3104/,Zapatos de Vestir Hombre,3,3088.0,Zapatos > Zapatos Hombre,Zapatos > Zapatos Hombre > Zapatos de Vestir Hombre,False
4256,/3086/3088/4256/,Pantuflas hombre,3,3088.0,Zapatos > Zapatos Hombre,Zapatos > Zapatos Hombre > Pantuflas hombre,False
3089,/3086/3089/,Zapatos Mujer,2,3086.0,Zapatos,Zapatos > Zapatos Mujer,True
3105,/3086/3089/3105/,Balerinas y Alpargatas,3,3089.0,Zapatos > Zapatos Mujer,Zapatos > Zapatos Mujer > Balerinas y Alpargatas,False
3106,/3086/3089/3106/,Botas y Botines Mujer,3,3089.0,Zapatos > Zapatos Mujer,Zapatos > Zapatos Mujer > Botas y Botines Mujer,False
3107,/3086/3089/3107/,Sandalias de Playa Mujer,3,3089.0,Zapatos > Zapatos Mujer,Zapatos > Zapatos Mujer > Sandalias de Playa Mujer,False
3108,/3086/3089/3108/,Sandalias Mujer,3,3089.0,Zapatos > Zapatos Mujer,Zapatos > Zapatos Mujer > Sandalias Mujer,False
3109,/3086/3089/3109/,Zapatos Casuales Mujer,3,3089.0,Zapatos > Zapatos Mujer,Zapatos > Zapatos Mujer > Zapatos Casuales Mujer,False
3110,/3086/3089/3110/,Zapatos de Vestir Mujer,3,3089.0,Zapatos > Zapatos Mujer,Zapatos > Zapatos Mujer > Zapatos de Vestir Mujer,False
4255,/3086/3089/4255/,Pantuflas mujer,3,3089.0,Zapatos > Zapatos Mujer,Zapatos > Zapatos Mujer > Pantuflas mujer,False
3174,/3174/,Moda Hombre,1,,(raiz),Moda Hombre,True
3180,/3174/3180/,Ropa de Baño Hombre,2,3174.0,Moda Hombre,Moda Hombre > Ropa de Baño Hombre,True
3181,/3174/3180/3181/,Short de baño hombre,3,3180.0,Moda Hombre > Ropa de Baño Hombre,Moda Hombre > Ropa de Baño Hombre > Short de baño hombre,False
3182,/3174/3180/3182/,Toallas de Playa Hombre,3,3180.0,Moda Hombre > Ropa de Baño Hombre,Moda Hombre > Ropa de Baño Hombre > Toallas de Playa Hombre,False
3183,/3174/3183/,Ropa Hombre,2,3174.0,Moda Hombre,Moda Hombre > Ropa Hombre,True
3184,/3174/3183/3184/,Abrigos y Blazer hombre,3,3183.0,Moda Hombre > Ropa Hombre,Moda Hombre > Ropa Hombre > Abrigos y Blazer hombre,False
3185,/3174/3183/3185/,Buzos y Joggers Hombre,3,3183.0,Moda Hombre > Ropa Hombre,Moda Hombre > Ropa Hombre > Buzos y Joggers Hombre,False
3186,/3174/3183/3186/,Camisas hombre,3,3183.0,Moda Hombre > Ropa Hombre,Moda Hombre > Ropa Hombre > Camisas hombre,False
3187,/3174/3183/3187/,Chalecos Hombre,3,3183.0,Moda Hombre > Ropa Hombre,Moda Hombre > Ropa Hombre > Chalecos Hombre,False
3188,/3174/3183/3188/,Chompas Hombre,3,3183.0,Moda Hombre > Ropa Hombre,Moda Hombre > Ropa Hombre > Chompas Hombre,False
3189,/3174/3183/3189/,Jeans Hombre,3,3183.0,Moda Hombre > Ropa Hombre,Moda Hombre > Ropa Hombre > Jeans Hombre,False
3190,/3174/3183/3190/,Pantalones hombre,3,3183.0,Moda Hombre > Ropa Hombre,Moda Hombre > Ropa Hombre > Pantalones hombre,False
3191,/3174/3183/3191/,Poleras Hombre,3,3183.0,Moda Hombre > Ropa Hombre,Moda Hombre > Ropa Hombre > Poleras Hombre,False
3192,/3174/3183/3192/,Polos Hombre,3,3183.0,Moda Hombre > Ropa Hombre,Moda Hombre > Ropa Hombre > Polos Hombre,False
3193,/3174/3183/3193/,Shorts y Bermudas hombre,3,3183.0,Moda Hombre > Ropa Hombre,Moda Hombre > Ropa Hombre > Shorts y Bermudas hombre,False
3764,/3174/3183/3764/,Casacas Hombre,3,3183.0,Moda Hombre > Ropa Hombre,Moda Hombre > Ropa Hombre > Casacas Hombre,False
3194,/3174/3194/,Ropa Interior y Pijamas Hombre,2,3174.0,Moda Hombre,Moda Hombre > Ropa Interior y Pijamas Hombre,True
3195,/3174/3194/3195/,Batas Hombre,3,3194.0,Moda Hombre > Ropa Interior y Pijamas Hombre,Moda Hombre > Ropa Interior y Pijamas Hombre > Batas Hombre,False
3196,/3174/3194/3196/,Bividís hombre,3,3194.0,Moda Hombre > Ropa Interior y Pijamas Hombre,Moda Hombre > Ropa Interior y Pijamas Hombre > Bividís hombre,False
3197,/3174/3194/3197/,Boxers y Calzoncillos,3,3194.0,Moda Hombre > Ropa Interior y Pijamas Hombre,Moda Hombre > Ropa Interior y Pijamas Hombre > Boxers y Calzoncillos,False
3198,/3174/3194/3198/,Medias Hombre,3,3194.0,Moda Hombre > Ropa Interior y Pijamas Hombre,Moda Hombre > Ropa Interior y Pijamas Hombre > Medias Hombre,False
3199,/3174/3194/3199/,Pantuflas Hombre - NO USAR,3,3194.0,Moda Hombre > Ropa Interior y Pijamas Hombre,Moda Hombre > Ropa Interior y Pijamas Hombre > Pantuflas Hombre - NO USAR,False
3200,/3174/3194/3200/,Pijamas para Hombre,3,3194.0,Moda Hombre > Ropa Interior y Pijamas Hombre,Moda Hombre > Ropa Interior y Pijamas Hombre > Pijamas para Hombre,False
3777,/3174/3777/,Ropa Deportiva Hombre,2,3174.0,Moda Hombre,Moda Hombre > Ropa Deportiva Hombre,True
3778,/3174/3777/3778/,Buzos y Conjuntos Deportivos para Hombre,3,3777.0,Moda Hombre > Ropa Deportiva Hombre,Moda Hombre > Ropa Deportiva Hombre > Buzos y Conjuntos Deportivos para Hombre,False
3779,/3174/3777/3779/,Cortavientos y Casacas Deportivas para Hombre,3,3777.0,Moda Hombre > Ropa Deportiva Hombre,Moda Hombre > Ropa Deportiva Hombre > Cortavientos y Casacas Deportivas para Hombre,False
3780,/3174/3777/3780/,Medias Deportivas para Hombre,3,3777.0,Moda Hombre > Ropa Deportiva Hombre,Moda Hombre > Ropa Deportiva Hombre > Medias Deportivas para Hombre,False
3781,/3174/3777/3781/,Pantalones y Joggers Deportivos para Hombre,3,3777.0,Moda Hombre > Ropa Deportiva Hombre,Moda Hombre > Ropa Deportiva Hombre > Pantalones y Joggers Deportivos para Hombre,False
3782,/3174/3777/3782/,Poleras Deportivas para Hombre,3,3777.0,Moda Hombre > Ropa Deportiva Hombre,Moda Hombre > Ropa Deportiva Hombre > Poleras Deportivas para Hombre,False
3783,/3174/3777/3783/,Polos Deportivos para Hombre,3,3777.0,Moda Hombre > Ropa Deportiva Hombre,Moda Hombre > Ropa Deportiva Hombre > Polos Deportivos para Hombre,False
3784,/3174/3777/3784/,Shorts Deportivos para Hombre,3,3777.0,Moda Hombre > Ropa Deportiva Hombre,Moda Hombre > Ropa Deportiva Hombre > Shorts Deportivos para Hombre,False
3201,/3201/,Moda Mujer,1,,(raiz),Moda Mujer,True
3202,/3201/3202/,Lencería y Pijamas Mujer,2,3201.0,Moda Mujer,Moda Mujer > Lencería y Pijamas Mujer,True
3205,/3201/3202/3205/,Batas Mujer,3,3202.0,Moda Mujer > Lencería y Pijamas Mujer,Moda Mujer > Lencería y Pijamas Mujer > Batas Mujer,False
3206,/3201/3202/3206/,Brasieres,3,3202.0,Moda Mujer > Lencería y Pijamas Mujer,Moda Mujer > Lencería y Pijamas Mujer > Brasieres,False
3207,/3201/3202/3207/,Calzones,3,3202.0,Moda Mujer > Lencería y Pijamas Mujer,Moda Mujer > Lencería y Pijamas Mujer > Calzones,False
3208,/3201/3202/3208/,Fajas y Camisetas,3,3202.0,Moda Mujer > Lencería y Pijamas Mujer,Moda Mujer > Lencería y Pijamas Mujer > Fajas y Camisetas,False
3209,/3201/3202/3209/,Medias y Panties,3,3202.0,Moda Mujer > Lencería y Pijamas Mujer,Moda Mujer > Lencería y Pijamas Mujer > Medias y Panties,False
3210,/3201/3202/3210/,Pantuflas - NO USAR,3,3202.0,Moda Mujer > Lencería y Pijamas Mujer,Moda Mujer > Lencería y Pijamas Mujer > Pantuflas - NO USAR,False
3211,/3201/3202/3211/,Pijamas para Embarazadas,3,3202.0,Moda Mujer > Lencería y Pijamas Mujer,Moda Mujer > Lencería y Pijamas Mujer > Pijamas para Embarazadas,False
3213,/3201/3202/3213/,Pijamas para Mujer,3,3202.0,Moda Mujer > Lencería y Pijamas Mujer,Moda Mujer > Lencería y Pijamas Mujer > Pijamas para Mujer,False
3203,/3201/3203/,Ropa de Baño Mujer,2,3201.0,Moda Mujer,Moda Mujer > Ropa de Baño Mujer,True
3214,/3201/3203/3214/,Bikinis,3,3203.0,Moda Mujer > Ropa de Baño Mujer,Moda Mujer > Ropa de Baño Mujer > Bikinis,False
3215,/3201/3203/3215/,Bolsos de Playa,3,3203.0,Moda Mujer > Ropa de Baño Mujer,Moda Mujer > Ropa de Baño Mujer > Bolsos de Playa,False
3216,/3201/3203/3216/,Pareos de Playa,3,3203.0,Moda Mujer > Ropa de Baño Mujer,Moda Mujer > Ropa de Baño Mujer > Pareos de Playa,False
3217,/3201/3203/3217/,Ropa de Baño Enterizo,3,3203.0,Moda Mujer > Ropa de Baño Mujer,Moda Mujer > Ropa de Baño Mujer > Ropa de Baño Enterizo,False
3219,/3201/3203/3219/,Salidas de Baño,3,3203.0,Moda Mujer > Ropa de Baño Mujer,Moda Mujer > Ropa de Baño Mujer > Salidas de Baño,False
3220,/3201/3203/3220/,Sombreros de playa,3,3203.0,Moda Mujer > Ropa de Baño Mujer,Moda Mujer > Ropa de Baño Mujer > Sombreros de playa,False
3221,/3201/3203/3221/,Toallas de Playa Mujer,3,3203.0,Moda Mujer > Ropa de Baño Mujer,Moda Mujer > Ropa de Baño Mujer > Toallas de Playa Mujer,False
4257,/3201/3203/4257/,Short de baño mujer,3,3203.0,Moda Mujer > Ropa de Baño Mujer,Moda Mujer > Ropa de Baño Mujer > Short de baño mujer,False
3204,/3201/3204/,Ropa Mujer,2,3201.0,Moda Mujer,Moda Mujer > Ropa Mujer,True
3222,/3201/3204/3222/,Abrigos y Blazer mujer,3,3204.0,Moda Mujer > Ropa Mujer,Moda Mujer > Ropa Mujer > Abrigos y Blazer mujer,False
3223,/3201/3204/3223/,Blusas,3,3204.0,Moda Mujer > Ropa Mujer,Moda Mujer > Ropa Mujer > Blusas,False
3224,/3201/3204/3224/,Buzos y Joggers Mujer,3,3204.0,Moda Mujer > Ropa Mujer,Moda Mujer > Ropa Mujer > Buzos y Joggers Mujer,False
3225,/3201/3204/3225/,Casacas Mujer,3,3204.0,Moda Mujer > Ropa Mujer,Moda Mujer > Ropa Mujer > Casacas Mujer,False
3226,/3201/3204/3226/,Chalecos Mujer,3,3204.0,Moda Mujer > Ropa Mujer,Moda Mujer > Ropa Mujer > Chalecos Mujer,False
3227,/3201/3204/3227/,Chompas Mujer,3,3204.0,Moda Mujer > Ropa Mujer,Moda Mujer > Ropa Mujer > Chompas Mujer,False
3228,/3201/3204/3228/,Faldas,3,3204.0,Moda Mujer > Ropa Mujer,Moda Mujer > Ropa Mujer > Faldas,False
3229,/3201/3204/3229/,Jeans Mujer,3,3204.0,Moda Mujer > Ropa Mujer,Moda Mujer > Ropa Mujer > Jeans Mujer,False
3234,/3201/3204/3234/,Vestidos y Enterizos,3,3204.0,Moda Mujer > Ropa Mujer,Moda Mujer > Ropa Mujer > Vestidos y Enterizos,False
3760,/3201/3204/3760/,Polos Mujer,3,3204.0,Moda Mujer > Ropa Mujer,Moda Mujer > Ropa Mujer > Polos Mujer,False
3761,/3201/3204/3761/,Shorts y Capris Mujer,3,3204.0,Moda Mujer > Ropa Mujer,Moda Mujer > Ropa Mujer > Shorts y Capris Mujer,False
3762,/3201/3204/3762/,Poleras Mujer,3,3204.0,Moda Mujer > Ropa Mujer,Moda Mujer > Ropa Mujer > Poleras Mujer,False
3763,/3201/3204/3763/,Pantalones y Leggins mujer,3,3204.0,Moda Mujer > Ropa Mujer,Moda Mujer > Ropa Mujer > Pantalones y Leggins mujer,False
3759,/3201/3759/,Ropa Deportiva Mujer,2,3201.0,Moda Mujer,Moda Mujer > Ropa Deportiva Mujer,True
3785,/3201/3759/3785/,Buzos y Conjuntos Deportivos para Mujer,3,3759.0,Moda Mujer > Ropa Deportiva Mujer,Moda Mujer > Ropa Deportiva Mujer > Buzos y Conjuntos Deportivos para Mujer,False
3786,/3201/3759/3786/,Cortavientos y Casacas Deportivas para Mujer,3,3759.0,Moda Mujer > Ropa Deportiva Mujer,Moda Mujer > Ropa Deportiva Mujer > Cortavientos y Casacas Deportivas para Mujer,False
3787,/3201/3759/3787/,Medias Deportivas para Mujer,3,3759.0,Moda Mujer > Ropa Deportiva Mujer,Moda Mujer > Ropa Deportiva Mujer > Medias Deportivas para Mujer,False
3788,/3201/3759/3788/,Pantalones y Joggers Deportivos para Mujer,3,3759.0,Moda Mujer > Ropa Deportiva Mujer,Moda Mujer > Ropa Deportiva Mujer > Pantalones y Joggers Deportivos para Mujer,False
3789,/3201/3759/3789/,Poleras Deportivas para Mujer,3,3759.0,Moda Mujer > Ropa Deportiva Mujer,Moda Mujer > Ropa Deportiva Mujer > Poleras Deportivas para Mujer,False
3790,/3201/3759/3790/,Polos Deportivos para Mujer,3,3759.0,Moda Mujer > Ropa Deportiva Mujer,Moda Mujer > Ropa Deportiva Mujer > Polos Deportivos para Mujer,False
3791,/3201/3759/3791/,Shorts Deportivos para Mujer,3,3759.0,Moda Mujer > Ropa Deportiva Mujer,Moda Mujer > Ropa Deportiva Mujer > Shorts Deportivos para Mujer,False
3792,/3201/3759/3792/,Tops Deportivos para Mujer,3,3759.0,Moda Mujer > Ropa Deportiva Mujer,Moda Mujer > Ropa Deportiva Mujer > Tops Deportivos para Mujer,False
3253,/3253/,Automotriz,1,,(raiz),Automotriz,True
3254,/3253/3254/,Accesorios para Auto,2,3253.0,Automotriz,Automotriz > Accesorios para Auto,True
3259,/3253/3254/3259/,Accesorios Infantiles para Auto,3,3254.0,Automotriz > Accesorios para Auto,Automotriz > Accesorios para Auto > Accesorios Infantiles para Auto,False
3260,/3253/3254/3260/,Alarmas para autos,3,3254.0,Automotriz > Accesorios para Auto,Automotriz > Accesorios para Auto > Alarmas para autos,False
3261,/3253/3254/3261/,Autoradios,3,3254.0,Automotriz > Accesorios para Auto,Automotriz > Accesorios para Auto > Autoradios,False
3262,/3253/3254/3262/,Cámaras para auto,3,3254.0,Automotriz > Accesorios para Auto,Automotriz > Accesorios para Auto > Cámaras para auto,False
3263,/3253/3254/3263/,Cargadores de Celular para Auto,3,3254.0,Automotriz > Accesorios para Auto,Automotriz > Accesorios para Auto > Cargadores de Celular para Auto,False
3264,/3253/3254/3264/,Cobertores para Autos y Motos,3,3254.0,Automotriz > Accesorios para Auto,Automotriz > Accesorios para Auto > Cobertores para Autos y Motos,False
3265,/3253/3254/3265/,"Cubre Volantes, Cubre Asientos y Pisos para Auto",3,3254.0,Automotriz > Accesorios para Auto,"Automotriz > Accesorios para Auto > Cubre Volantes, Cubre Asientos y Pisos para Auto",False
3266,/3253/3254/3266/,Gps para Autos,3,3254.0,Automotriz > Accesorios para Auto,Automotriz > Accesorios para Auto > Gps para Autos,False
3267,/3253/3254/3267/,Limpiaparabrisas,3,3254.0,Automotriz > Accesorios para Auto,Automotriz > Accesorios para Auto > Limpiaparabrisas,False
3268,/3253/3254/3268/,Luces y focos led para autos,3,3254.0,Automotriz > Accesorios para Auto,Automotriz > Accesorios para Auto > Luces y focos led para autos,False
3269,/3253/3254/3269/,Otros Accesorios de Exterior para Auto,3,3254.0,Automotriz > Accesorios para Auto,Automotriz > Accesorios para Auto > Otros Accesorios de Exterior para Auto,False
3270,/3253/3254/3270/,Otros Accesorios de Interior para Auto,3,3254.0,Automotriz > Accesorios para Auto,Automotriz > Accesorios para Auto > Otros Accesorios de Interior para Auto,False
3271,/3253/3254/3271/,Seguridad Vehicular y Vial,3,3254.0,Automotriz > Accesorios para Auto,Automotriz > Accesorios para Auto > Seguridad Vehicular y Vial,False
3272,/3253/3254/3272/,Soportes de Celular para Auto,3,3254.0,Automotriz > Accesorios para Auto,Automotriz > Accesorios para Auto > Soportes de Celular para Auto,False
3273,/3253/3254/3273/,Tapasoles,3,3254.0,Automotriz > Accesorios para Auto,Automotriz > Accesorios para Auto > Tapasoles,False
3316,/3253/3254/3316/,Baterías para auto,3,3254.0,Automotriz > Accesorios para Auto,Automotriz > Accesorios para Auto > Baterías para auto,False
3255,/3253/3255/,Limpieza para Auto,2,3253.0,Automotriz,Automotriz > Limpieza para Auto,True
3274,/3253/3255/3274/,Aceites para Auto,3,3255.0,Automotriz > Limpieza para Auto,Automotriz > Limpieza para Auto > Aceites para Auto,False
3275,/3253/3255/3275/,Aditivos para Auto,3,3255.0,Automotriz > Limpieza para Auto,Automotriz > Limpieza para Auto > Aditivos para Auto,False
3276,/3253/3255/3276/,Ambientadores y Aromatizadores para Auto,3,3255.0,Automotriz > Limpieza para Auto,Automotriz > Limpieza para Auto > Ambientadores y Aromatizadores para Auto,False
3277,/3253/3255/3277/,Aspiradoras para Auto,3,3255.0,Automotriz > Limpieza para Auto,Automotriz > Limpieza para Auto > Aspiradoras para Auto,False
3278,/3253/3255/3278/,Limpiadores de Auto,3,3255.0,Automotriz > Limpieza para Auto,Automotriz > Limpieza para Auto > Limpiadores de Auto,False
3279,/3253/3255/3279/,Lubricantes para Auto,3,3255.0,Automotriz > Limpieza para Auto,Automotriz > Limpieza para Auto > Lubricantes para Auto,False
3280,/3253/3255/3280/,Otros Productos de Limpieza para Auto,3,3255.0,Automotriz > Limpieza para Auto,Automotriz > Limpieza para Auto > Otros Productos de Limpieza para Auto,False
3281,/3253/3255/3281/,Shampoos para Auto,3,3255.0,Automotriz > Limpieza para Auto,Automotriz > Limpieza para Auto > Shampoos para Auto,False
3282,/3253/3255/3282/,Siliconas y Ceras para Auto,3,3255.0,Automotriz > Limpieza para Auto,Automotriz > Limpieza para Auto > Siliconas y Ceras para Auto,False
3256,/3253/3256/,Llantas,2,3253.0,Automotriz,Automotriz > Llantas,True
3283,/3253/3256/3283/,Infladores de Llantas y Accesorios,3,3256.0,Automotriz > Llantas,Automotriz > Llantas > Infladores de Llantas y Accesorios,False
3284,/3253/3256/3284/,Llantas Aro 13,3,3256.0,Automotriz > Llantas,Automotriz > Llantas > Llantas Aro 13,False
3285,/3253/3256/3285/,Llantas Aro 14,3,3256.0,Automotriz > Llantas,Automotriz > Llantas > Llantas Aro 14,False
3286,/3253/3256/3286/,Llantas Aro 15,3,3256.0,Automotriz > Llantas,Automotriz > Llantas > Llantas Aro 15,False
3287,/3253/3256/3287/,Llantas Aro 16,3,3256.0,Automotriz > Llantas,Automotriz > Llantas > Llantas Aro 16,False
3288,/3253/3256/3288/,Llantas Aro 17,3,3256.0,Automotriz > Llantas,Automotriz > Llantas > Llantas Aro 17,False
3289,/3253/3256/3289/,Llantas Aro 18,3,3256.0,Automotriz > Llantas,Automotriz > Llantas > Llantas Aro 18,False
3290,/3253/3256/3290/,Llantas Aro 19,3,3256.0,Automotriz > Llantas,Automotriz > Llantas > Llantas Aro 19,False
3291,/3253/3256/3291/,Llantas Aro 20,3,3256.0,Automotriz > Llantas,Automotriz > Llantas > Llantas Aro 20,False
3292,/3253/3256/3292/,Llantas Aro 21,3,3256.0,Automotriz > Llantas,Automotriz > Llantas > Llantas Aro 21,False
3293,/3253/3256/3293/,Llantas Aro 22,3,3256.0,Automotriz > Llantas,Automotriz > Llantas > Llantas Aro 22,False
3294,/3253/3256/3294/,Otras Llantas,3,3256.0,Automotriz > Llantas,Automotriz > Llantas > Otras Llantas,False
3257,/3253/3257/,Motos,2,3253.0,Automotriz,Automotriz > Motos,True
3295,/3253/3257/3295/,Motos eléctricas,3,3257.0,Automotriz > Motos,Automotriz > Motos > Motos eléctricas,False
3296,/3253/3257/3296/,Motos scooter,3,3257.0,Automotriz > Motos,Automotriz > Motos > Motos scooter,False
3297,/3253/3257/3297/,Motos deportivas,3,3257.0,Automotriz > Motos,Automotriz > Motos > Motos deportivas,False
3298,/3253/3257/3298/,Motos pisteras,3,3257.0,Automotriz > Motos,Automotriz > Motos > Motos pisteras,False
3299,/3253/3257/3299/,Motos Cafe Racer,3,3257.0,Automotriz > Motos,Automotriz > Motos > Motos Cafe Racer,False
3300,/3253/3257/3300/,Motos Chopper,3,3257.0,Automotriz > Motos,Automotriz > Motos > Motos Chopper,False
3301,/3253/3257/3301/,Motos viajeras,3,3257.0,Automotriz > Motos,Automotriz > Motos > Motos viajeras,False
3302,/3253/3257/3302/,Motos Todo Terreno,3,3257.0,Automotriz > Motos,Automotriz > Motos > Motos Todo Terreno,False
3303,/3253/3257/3303/,Motos utilitarias,3,3257.0,Automotriz > Motos,Automotriz > Motos > Motos utilitarias,False
3258,/3253/3258/,Accesorios para motos,2,3253.0,Automotriz,Automotriz > Accesorios para motos,True
3304,/3253/3258/3304/,Cascos para motos,3,3258.0,Automotriz > Accesorios para motos,Automotriz > Accesorios para motos > Cascos para motos,False
3305,/3253/3258/3305/,Guantes para motos,3,3258.0,Automotriz > Accesorios para motos,Automotriz > Accesorios para motos > Guantes para motos,False
3306,/3253/3258/3306/,Candado de disco para motos,3,3258.0,Automotriz > Accesorios para motos,Automotriz > Accesorios para motos > Candado de disco para motos,False
3307,/3253/3258/3307/,Cobertor para motos,3,3258.0,Automotriz > Accesorios para motos,Automotriz > Accesorios para motos > Cobertor para motos,False
3308,/3253/3258/3308/,Rodilleras para moto,3,3258.0,Automotriz > Accesorios para motos,Automotriz > Accesorios para motos > Rodilleras para moto,False
3309,/3253/3258/3309/,Cinturón de seguridad para niños en moto,3,3258.0,Automotriz > Accesorios para motos,Automotriz > Accesorios para motos > Cinturón de seguridad para niños en moto,False
4180,/4180/,"Vinos, licores y cervezas",1,,(raiz),"Vinos, licores y cervezas",True
4181,/4180/4181/,Licores,2,4180.0,"Vinos, licores y cervezas","Vinos, licores y cervezas > Licores",True
4187,/4180/4181/4187/,Whisky,3,4181.0,"Vinos, licores y cervezas > Licores","Vinos, licores y cervezas > Licores > Whisky",False
4188,/4180/4181/4188/,Ron,3,4181.0,"Vinos, licores y cervezas > Licores","Vinos, licores y cervezas > Licores > Ron",False
4189,/4180/4181/4189/,Pisco,3,4181.0,"Vinos, licores y cervezas > Licores","Vinos, licores y cervezas > Licores > Pisco",False
4190,/4180/4181/4190/,Gin,3,4181.0,"Vinos, licores y cervezas > Licores","Vinos, licores y cervezas > Licores > Gin",False
4191,/4180/4181/4191/,Vodka,3,4181.0,"Vinos, licores y cervezas > Licores","Vinos, licores y cervezas > Licores > Vodka",False
4192,/4180/4181/4192/,Tequila,3,4181.0,"Vinos, licores y cervezas > Licores","Vinos, licores y cervezas > Licores > Tequila",False
4193,/4180/4181/4193/,Licores de Crema,3,4181.0,"Vinos, licores y cervezas > Licores","Vinos, licores y cervezas > Licores > Licores de Crema",False
4194,/4180/4181/4194/,Licores Preparados,3,4181.0,"Vinos, licores y cervezas > Licores","Vinos, licores y cervezas > Licores > Licores Preparados",False
4195,/4180/4181/4195/,Otros Licores,3,4181.0,"Vinos, licores y cervezas > Licores","Vinos, licores y cervezas > Licores > Otros Licores",False
4196,/4180/4181/4196/,Complementos de Licores,3,4181.0,"Vinos, licores y cervezas > Licores","Vinos, licores y cervezas > Licores > Complementos de Licores",False
4182,/4180/4182/,Vinos,2,4180.0,"Vinos, licores y cervezas","Vinos, licores y cervezas > Vinos",True
4197,/4180/4182/4197/,Vino Tinto,3,4182.0,"Vinos, licores y cervezas > Vinos","Vinos, licores y cervezas > Vinos > Vino Tinto",False
4198,/4180/4182/4198/,Vino Rosé,3,4182.0,"Vinos, licores y cervezas > Vinos","Vinos, licores y cervezas > Vinos > Vino Rosé",False
4199,/4180/4182/4199/,Vino Blanco,3,4182.0,"Vinos, licores y cervezas > Vinos","Vinos, licores y cervezas > Vinos > Vino Blanco",False
4200,/4180/4182/4200/,Sangría,3,4182.0,"Vinos, licores y cervezas > Vinos","Vinos, licores y cervezas > Vinos > Sangría",False
4183,/4180/4183/,Espumantes,2,4180.0,"Vinos, licores y cervezas","Vinos, licores y cervezas > Espumantes",True
4201,/4180/4183/4201/,Champagne,3,4183.0,"Vinos, licores y cervezas > Espumantes","Vinos, licores y cervezas > Espumantes > Champagne",False
4202,/4180/4183/4202/,Cava,3,4183.0,"Vinos, licores y cervezas > Espumantes","Vinos, licores y cervezas > Espumantes > Cava",False
4203,/4180/4183/4203/,Otros Espumantes,3,4183.0,"Vinos, licores y cervezas > Espumantes","Vinos, licores y cervezas > Espumantes > Otros Espumantes",False
4184,/4180/4184/,Cervezas,2,4180.0,"Vinos, licores y cervezas","Vinos, licores y cervezas > Cervezas",True
4204,/4180/4184/4204/,Cervezas Nacionales,3,4184.0,"Vinos, licores y cervezas > Cervezas","Vinos, licores y cervezas > Cervezas > Cervezas Nacionales",False
4205,/4180/4184/4205/,Cervezas Importadas,3,4184.0,"Vinos, licores y cervezas > Cervezas","Vinos, licores y cervezas > Cervezas > Cervezas Importadas",False
4206,/4180/4184/4206/,Cervezas Artesanales,3,4184.0,"Vinos, licores y cervezas > Cervezas","Vinos, licores y cervezas > Cervezas > Cervezas Artesanales",False
4185,/4180/4185/,Cigarros,2,4180.0,"Vinos, licores y cervezas","Vinos, licores y cervezas > Cigarros",False
4186,/4180/4186/,Hielo,2,4180.0,"Vinos, licores y cervezas","Vinos, licores y cervezas > Hielo",False
4285,/4285/,Terraza y Aire Libre,1,,(raiz),Terraza y Aire Libre,True
4286,/4285/4286/,Terrazas,2,4285.0,Terraza y Aire Libre,Terraza y Aire Libre > Terrazas,True
4289,/4285/4286/4289/,Juegos De Terrazas,3,4286.0,Terraza y Aire Libre > Terrazas,Terraza y Aire Libre > Terrazas > Juegos De Terrazas,False
4290,/4285/4286/4290/,Mesas De Terraza,3,4286.0,Terraza y Aire Libre > Terrazas,Terraza y Aire Libre > Terrazas > Mesas De Terraza,False
4291,/4285/4286/4291/,Sillas De Terraza,3,4286.0,Terraza y Aire Libre > Terrazas,Terraza y Aire Libre > Terrazas > Sillas De Terraza,False
4292,/4285/4286/4292/,Toldos Y Pérgolas,3,4286.0,Terraza y Aire Libre > Terrazas,Terraza y Aire Libre > Terrazas > Toldos Y Pérgolas,False
4293,/4285/4286/4293/,Hamacas Y Reposeras,3,4286.0,Terraza y Aire Libre > Terrazas,Terraza y Aire Libre > Terrazas > Hamacas Y Reposeras,False
4294,/4285/4286/4294/,Sombrillas,3,4286.0,Terraza y Aire Libre > Terrazas,Terraza y Aire Libre > Terrazas > Sombrillas,False
4295,/4285/4286/4295/,Bases Para Sombrilla,3,4286.0,Terraza y Aire Libre > Terrazas,Terraza y Aire Libre > Terrazas > Bases Para Sombrilla,False
4296,/4285/4286/4296/,Accesorios Para Terraza,3,4286.0,Terraza y Aire Libre > Terrazas,Terraza y Aire Libre > Terrazas > Accesorios Para Terraza,False
4287,/4285/4287/,Parrillas,2,4285.0,Terraza y Aire Libre,Terraza y Aire Libre > Parrillas,True
4300,/4285/4287/4300/,Parrillas A Carbón,3,4287.0,Terraza y Aire Libre > Parrillas,Terraza y Aire Libre > Parrillas > Parrillas A Carbón,False
4301,/4285/4287/4301/,Parrillas A Gas,3,4287.0,Terraza y Aire Libre > Parrillas,Terraza y Aire Libre > Parrillas > Parrillas A Gas,False
4302,/4285/4287/4302/,Cajas Chinas,3,4287.0,Terraza y Aire Libre > Parrillas,Terraza y Aire Libre > Parrillas > Cajas Chinas,False
4303,/4285/4287/4303/,Kamados,3,4287.0,Terraza y Aire Libre > Parrillas,Terraza y Aire Libre > Parrillas > Kamados,False
4304,/4285/4287/4304/,Cilindros Parrilleros,3,4287.0,Terraza y Aire Libre > Parrillas,Terraza y Aire Libre > Parrillas > Cilindros Parrilleros,False
4305,/4285/4287/4305/,Carbón Y Mecheros Para Parrilla,3,4287.0,Terraza y Aire Libre > Parrillas,Terraza y Aire Libre > Parrillas > Carbón Y Mecheros Para Parrilla,False
4306,/4285/4287/4306/,Accesorios Para Parrilla,3,4287.0,Terraza y Aire Libre > Parrillas,Terraza y Aire Libre > Parrillas > Accesorios Para Parrilla,False
4288,/4285/4288/,Camping,2,4285.0,Terraza y Aire Libre,Terraza y Aire Libre > Camping,True
4307,/4285/4288/4307/,Accesorios De Camping,3,4288.0,Terraza y Aire Libre > Camping,Terraza y Aire Libre > Camping > Accesorios De Camping,False
4308,/4285/4288/4308/,Carpas,3,4288.0,Terraza y Aire Libre > Camping,Terraza y Aire Libre > Camping > Carpas,False
4309,/4285/4288/4309/,Colchones Inflables,3,4288.0,Terraza y Aire Libre > Camping,Terraza y Aire Libre > Camping > Colchones Inflables,False
4310,/4285/4288/4310/,Coolers,3,4288.0,Terraza y Aire Libre > Camping,Terraza y Aire Libre > Camping > Coolers,False
4311,/4285/4288/4311/,Mochilas De Camping,3,4288.0,Terraza y Aire Libre > Camping,Terraza y Aire Libre > Camping > Mochilas De Camping,False
4312,/4285/4288/4312/,Sleepings,3,4288.0,Terraza y Aire Libre > Camping,Terraza y Aire Libre > Camping > Sleepings,False
4313,/4285/4288/4313/,Sillas De Playa Y Camping,3,4288.0,Terraza y Aire Libre > Camping,Terraza y Aire Libre > Camping > Sillas De Playa Y Camping,False
4314,/4285/4288/4314/,Mesas De Playa Y Camping,3,4288.0,Terraza y Aire Libre > Camping,Terraza y Aire Libre > Camping > Mesas De Playa Y Camping,False
4297,/4285/4297/,Maletería,2,4285.0,Terraza y Aire Libre,Terraza y Aire Libre > Maletería,True
4298,/4285/4297/4298/,Accesorios De Viaje,3,4297.0,Terraza y Aire Libre > Maletería,Terraza y Aire Libre > Maletería > Accesorios De Viaje,False
4299,/4285/4297/4299/,Maletas Y Carry On,3,4297.0,Terraza y Aire Libre > Maletería,Terraza y Aire Libre > Maletería > Maletas Y Carry On,False
4336,/4336/,FLUJO COMPRA - NO INACTIVAR,1,,(raiz),FLUJO COMPRA - NO INACTIVAR,False
